,ALP,L-NP,Liberal,National,Greens,Family First,Dems,One Nation,Other
"Federal Election - July 2, 2016",34.7,42.0,37.2,4.8,10.2,1.5,< 0.5,1.3,10.3
"May 21/22 & 28/29, 2016 (Multi-mode)",32.5,37.5,34,3.5,13,< 0.5,< 0.5,< 0.5,17
"May 14/15, 2016 (Multi-mode)",33,36.5,33.5,3,15.5,< 0.5,< 0.5,< 0.5,15
"April 23/24, 30 & May 1, 2016 (Multi-mode)",32.5,40,37,3,13.5,< 0.5,< 0.5,< 0.5,14
"April 9/10 & 16/17, 2016 (Multi-mode)",32,40.5,37.5,3,14,< 0.5,< 0.5,< 0.5,13.5
"March 26/27 & April 2/3, 2016 (Multi-mode)",31,42,38.5,3.5,13,< 0.5,< 0.5,< 0.5,14
"March 12/13 & 19/20, 2016 (Multi-mode)",33,40,36.5,3.5,14,< 0.5,< 0.5,< 0.5,13
"February 27/28 & March 5/6, 2016 (Multi-mode)",29.5,43,39.5,3.5,13,< 0.5,< 0.5,< 0.5,14
"February 13/14 & 20/21, 2016 (Multi-mode)",29.5,43.5,40,3.5,15,< 0.5,< 0.5,< 0.5,12
"January 30/31 & February 6/7, 2016 (Multi-mode)",29,43.5,41,2.5,16,< 0.5,< 0.5,< 0.5,11.5
"January 16/17 & 23/24, 2016 (Multi-mode)",28,43.5,40.5,3,15,< 0.5,< 0.5,< 0.5,13.5
"January 2/3 & 9/10, 2016 (Multi-mode)",29,47,44,3,13,< 0.5,< 0.5,< 0.5,11
"December 5/6 & 12/13, 2015 (Multi-mode)",27,48,45,3,14.5,< 0.5,< 0.5,< 0.5,10.5
"November 21/22 & 28/29, 2015 (Multi-mode)",28.5,46.5,44,2.5,14,< 0.5,< 0.5,< 0.5,11
"November 7/8 & 14/15, 2015 (Multi-mode)",28,46,43.5,2.5,14.5,< 0.5,< 0.5,< 0.5,11.5
"October 24/25, 31 & November 1, 2015 (Multi-mode)",28.5,47,44,3,14.5,< 0.5,< 0.5,< 0.5,10
"October 10/11 & 17/18, 2015 (Multi-mode)",27.5,46.5,43.5,3,15.5,< 0.5,< 0.5,< 0.5,10.5
"September 26/27 & October 1-5, 2015 (Multi-mode)",27.5,47,44,3,14,< 0.5,< 0.5,< 0.5,11.5
"September 19/20, 2015 (Multi-mode)",29.5,46,43.5,2.5,13,< 0.5,< 0.5,< 0.5,11.5
"September 12/13, 2015 (Face-to-Face)",36.5,35,32.5,2.5,16,< 0.5,< 0.5,< 0.5,12.5
"August 29/30 & September 5/6, 2015 (Multi-mode)",35.5,36.5,34.5,2,16.5,< 0.5,< 0.5,< 0.5,11.5
"August 15/16 & 22/23, 2015 (Multi-mode)",36,38.5,36,2.5,14,< 0.5,< 0.5,< 0.5,11.5
"August 1/2 & 8/9, 2015 (Multi-mode)",37,36.5,33.5,3,15.5,< 0.5,< 0.5,< 0.5,11
"July 18/19 & 25/26, 2015 (Multi-mode)",35.5,39,36.5,2.5,15,< 0.5,< 0.5,< 0.5,10.5
"July 4/5 & 11/12, 2015 (Multi-mode)",34.5,41.5,39,2.5,13.5,< 0.5,< 0.5,< 0.5,10.5
"June 20/21 & 27/28, 2015 (Multi-mode)",36,39,37,2,14,< 0.5,< 0.5,< 0.5,11
"June 6/7 & 13/14, 2015 (Multi-mode)",37.5,37.5,35,2.5,13.5,< 0.5,< 0.5,< 0.5,11.5
"May 23/24 & 30/31, 2015 (Multi-mode)",37,41,38,3,13,< 0.5,< 0.5,< 0.5,9
"May 16/17, 2015 (Multi-mode)",35.5,41.5,38.5,3,12.5,< 0.5,< 0.5,< 0.5,10.5
"April 25/26 & May 2/3, 2015 (Multi-mode)",37.5,40,37.5,2.5,11.5,< 0.5,< 0.5,< 0.5,11
"April 11/12 & 18/19, 2015 (Multi-mode)",38,38.5,36,2.5,12,< 0.5,< 0.5,< 0.5,11.5
"March 28/29 & April 3-6, 2015 (Multi-mode)",36,40.5,37.5,3,12.5,< 0.5,< 0.5,< 0.5,11
"March 14/15 & 21/22, 2015 (Multi-mode)",40,38,35,3,11,< 0.5,< 0.5,< 0.5,11
"February 28/ March 1 & 7/8, 2015 (Multi-mode)",38,39,36.5,2.5,11.5,< 0.5,< 0.5,< 0.5,11.5
"February 14/15 & 21/22, 2015 (Multi-mode)",40.5,37.5,35,2.5,10,< 0.5,< 0.5,< 0.5,12
"January 31/ February 1 & 7/8, 2015 (Multi-mode)",41.5,35.5,33.5,2,12,< 0.5,< 0.5,< 0.5,11
"January 23-27, 2015 (Multi-mode)",39.5,37.5,35,2.5,12,< 0.5,< 0.5,< 0.5,11
"January 3/4 & 10/11, 2015 (Multi-mode)",38.5,38.5,36,2.5,9.5,< 0.5,< 0.5,< 0.5,11.5
"December 6/7 & 13/14, 2014 (Multi-mode)",41,35,32,3,11.5,< 0.5,< 0.5,< 0.5,12.5
"November 22/23 & 29/30, 2014 (Multi-mode)",37.5,39,36.5,2.5,12,< 0.5,< 0.5,< 0.5,11.5
"November 8/9 & 15/16, 2014 (Multi-mode)",38.5,38,36,2,12,< 0.5,< 0.5,< 0.5,11.5
"October 25/26 & November 1/2, 2014 (Multi-mode)",37.5,38.5,36.5,2,12.5,< 0.5,< 0.5,< 0.5,11.5
"October 11/12 & 18/19, 2014 (Multi-mode)",35.5,39.5,37,2.5,12,< 0.5,< 0.5,< 0.5,13
"September 27/28 & October 4/5, 2014 (Multi-mode)",35,40,38,2,12,< 0.5,< 0.5,< 0.5,13
"September 13/14 & 20/21, 2014 (Multi-mode)",37.5,38.5,36.5,2,12,< 0.5,< 0.5,< 0.5,12
"August 30/31 & September 6/7, 2014 (Multi-mode)",37,38,35.5,2.5,10.5,< 0.5,< 0.5,< 0.5,14.5
"August 16/17 & 23/24, 2014 (Multi-mode)",38.5,37.5,35,2.5,10.5,< 0.5,< 0.5,< 0.5,13.5
"August 2/3 & 9/10, 2014 (Multi-mode)",38,37.5,35,2.5,11,< 0.5,< 0.5,< 0.5,13.5
"July 19/20 & 26/27, 2014 (Multi-mode)",39,38,36,2,10.5,< 0.5,< 0.5,< 0.5,12.5
"July 5/6 & 12/13, 2014 (Multi-mode)",38.5,34,32,2,11.5,< 0.5,< 0.5,< 0.5,16
"June 21/22 & 28/29, 2014 (Multi-mode)",36.5,35,33,2.5,12,< 0.5,< 0.5,< 0.5,16.5
"June 14/15, 2014 (Multi-mode)",38,36.5,34.5,2,12,< 0.5,< 0.5,< 0.5,13.5
"June 7/8, 2014 (Multi-mode)",42,33,31.5,1.5,12,< 0.5,< 0.5,< 0.5,13
"May 24/25 & 31/ June 1, 2014 (Multi-mode)",38,35,33,2,11,< 0.5,< 0.5,< 0.5,16
"May 17/18, 2014 (Multi-mode)",38.5,35,33,2,12,< 0.5,< 0.5,< 0.5,14.5
"April 26/27 & May 3/4, 2014 (Multi-mode)",37,37.5,35.5,2,12,< 0.5,< 0.5,< 0.5,13.5
"April 12/13 & 19/20, 2014 (Multi-mode)",34,38.5,36.5,2,13,< 0.5,< 0.5,< 0.5,14.5
"March 29/30 & April 5/6, 2014 (Multi-mode)",34.5,38.5,36.5,2,12,< 0.5,< 0.5,< 0.5,15
"March 15/16 & 22/23, 2014 (Multi-mode)",38.5,38,36,2,11,< 0.5,< 0.5,< 0.5,12.5
"March 1/2 & 8/9, 2014 (Multi-mode)",37,39.5,37.5,2,12,< 0.5,< 0.5,< 0.5,11.5
"February 15/16 & 22/23, 2014 (Multi-mode)",35.5,41,38.5,2.5,10.5,< 0.5,< 0.5,< 0.5,12
"February 1/2 & 8/9, 2014 (Multi-mode)",37,40.5,38.5,2,10.5,< 0.5,< 0.5,< 0.5,12
"January 18/19 & 25/26, 2014 (Multi-mode)",37,39.5,37.5,2,11.5,< 0.5,< 0.5,< 0.5,12
"January 4/5 & 11/12, 2014 (Multi-mode)",38,39,37,2,10.5,< 0.5,< 0.5,< 0.5,12.5
"December 7/8 & 14/15, 2013 (Multi-mode)",38.5,40.5,38.5,2,10,< 0.5,< 0.5,< 0.5,11
"November 30/ December 1, 2013 (Multi-mode)",38.5,41.5,39.5,2,8.5,< 0.5,< 0.5,< 0.5,11.5
"November 16/17, 2013 (Multi-mode)",32.5,42.5,40,2.5,11,< 0.5,< 0.5,< 0.5,14
"November 2/3, 2013 (Multi-mode)",35,41.5,40,1.5,10.5,< 0.5,< 0.5,< 0.5,13
"October 19/20, 2013 (Multi-mode)",34.5,43.5,41,2.5,10,< 0.5,< 0.5,< 0.5,12
"October 5/6, 2013 (Multi-mode)",37,42,40,2,9,< 0.5,< 0.5,< 0.5,12
"September 21/22, 2013 (Multi-mode)",34,43.5,41,2.5,10.5,< 0.5,< 0.5,< 0.5,12
"Federal Election - September 7, 2013",33.4,45.5,41.2,4.3,8.7,1.4,< 0.5,0.2,10.8
"September 7, 2013 (SMS Exit Poll - 7pm)",33,43.5,41,2.5,11,< 0.5,< 0.5,< 0.5,12.5
"September 7, 2013 (SMS Exit Poll - 6pm)",33,43.5,41,2.5,11,< 0.5,< 0.5,< 0.5,12.5
"September 7, 2013 (SMS Exit Poll - 5pm)",33.5,43,40.5,2.5,11,< 0.5,< 0.5,< 0.5,12.5
"September 7, 2013 (SMS Exit Poll - 4pm)",33.5,42.5,40,2.5,11.5,< 0.5,< 0.5,< 0.5,12.5
"September 7, 2013 (SMS Exit Poll - 3pm)",33.5,42.5,40,2.5,11,< 0.5,< 0.5,< 0.5,13
"September 7, 2013 (SMS Exit Poll - 1pm)",34.5,42,39.5,2.5,10.5,< 0.5,< 0.5,< 0.5,13
"September 7, 2013 (SMS Exit Poll - 1pm)",34.5,42,39.5,2.5,11,< 0.5,< 0.5,< 0.5,12.5
"September 7, 2013 (SMS Exit Poll - 12pm)",34.5,42,40,2,11,< 0.5,< 0.5,< 0.5,12.5
"September 4-6, 2013 (Multi-mode)",31.5,44,41,3,10.5,< 0.5,< 0.5,< 0.5,14
"August 31 - September 1, 2013 (Multi-mode)",34,43,40,3,11,< 0.5,< 0.5,< 0.5,12
"August 28-29, 2013 (Multi-mode)",30.5,44,41,3,12,< 0.5,< 0.5,< 0.5,13.5
"August 23-25, 2013 (Multi-mode)",34.5,45,42.5,2.5,11,< 0.5,< 0.5,< 0.5,9.5
"August 16-18, 2013 (Multi-mode)",36.5,44.5,41,3.5,9.5,< 0.5,< 0.5,< 0.5,9.5
"August 9-11, 2013 (Multi-mode)",36.5,44,41,3,10.5,< 0.5,< 0.5,< 0.5,9
"August 2-4, 2013 (Multi-mode)",38,43,41,2,9.5,< 0.5,< 0.5,< 0.5,9.5
"July 26-28, 2013 (Multi-mode)",38.5,41.5,39,2.5,10.5,< 0.5,< 0.5,< 0.5,9.5
"July 19-21, 2013 (Multi-mode)",41.5,41,38.5,2.5,9,< 0.5,< 0.5,< 0.5,8.5
"July 12-14, 2013 (Multi-mode)",42,41,38,3,7,< 0.5,< 0.5,< 0.5,10
"July 5-7, 2013 (Multi-mode)",41.5,39.5,36,3,8.5,< 0.5,< 0.5,< 0.5,10.5
"June 28-30, 2013 (Multi-mode)",39.5,40.5,37,3.5,8.5,< 0.5,< 0.5,< 0.5,11.5
"June 26, 2013 (Snap SMS Poll)",38,43,40.5,2.5,8.5,< 0.5,< 0.5,< 0.5,10.5
"June 21-23, 2013 (Multi-mode)",30.5,47,44,3,9,< 0.5,< 0.5,< 0.5,13.5
"June 14-16, 2013 (Multi-mode)",33,44.5,42.5,2,9,< 0.5,< 0.5,< 0.5,13.5
"June 7-10, 2013 (Multi-mode)",31,46,43.5,2.5,9.5,< 0.5,< 0.5,< 0.5,13.5
"May 31- June 2, 2013 (Multi-mode)",31.5,45.5,42.5,3,9.5,< 0.5,< 0.5,< 0.5,13.5
"May 24-26, 2013 (Multi-mode)",33.5,45.5,42.5,3,9.5,< 0.5,< 0.5,< 0.5,11.5
"May 17-19, 2013 (Multi-mode)",32.0,45.5,43.0,2.5,10,< 0.5,< 0.5,< 0.5,12.5
"May 10-12, 2013 (Multi-mode)",32.0,46.5,43.0,3.5,9.5,< 0.5,< 0.5,< 0.5,12.0
"May 3-5, 2013 (Multi-mode)",32.0,46.0,43.0,3.0,8.5,< 0.5,< 0.5,< 0.5,13.5
"April 26-28, 2013 (Multi-mode)",30.5,48.0,45.0,3.0,11.0,< 0.5,< 0.5,< 0.5,10.5
"April 18-21, 2013 (Multi-mode)",32.5,44.0,41.5,2.5,10.5,< 0.5,< 0.5,< 0.5,13.0
"April 11-14, 2013 (Multi-mode)",32.0,47.5,44.5,3.0,10.5,< 0.5,< 0.5,< 0.5,10.0
"April 4-7, 2013 (Multi-mode)",31.0,46.5,43.0,3.5,10.0,< 0.5,< 0.5,< 0.5,12.5
"March 29 - April 1, 2013 (Multi-mode)",30.0,49.0,45.5,3.5,11.0,< 0.5,< 0.5,< 0.5,10.0
"March 21-24, 2013 (Multi-mode)",30.5,46.5,43.0,3.5,10.5,< 0.5,< 0.5,< 0.5,12.5
"March 14-17, 2013 (Multi-mode)",33.0,46.0,43.5,2.5,10.5,< 0.5,< 0.5,< 0.5,10.5
"March 7-10, 2013 (Multi-mode)",31.5,47.0,44.0,3.0,11.0,< 0.5,< 0.5,< 0.5,10.5
"February 28 - March 3, 2013 (Multi-mode)",33.0,45.0,42.0,3.0,10.5,< 0.5,< 0.5,< 0.5,11.5
"February 16/17 & 23/24, 2013 (Face)",33.5,44.0,42.0,2.0,10.0,< 0.5,< 0.5,< 0.5,12.5
"February 9/10, 2013 (Face)",33.5,45.0,42.5,2.5,9.0,< 0.5,< 0.5,< 0.5,12.5
"February 2/3, 2013 (Face)",38.5,42.5,39.0,3.5,8.5,< 0.5,< 0.5,< 0.5,10.5
"January 19/20 & 26/27, 2013 (Face)",36.0,39.0,37.0,2.0,12.0,< 0.5,< 0.5,< 0.5,13.0
"January 5/6 & 12/13, 2013 (Face)",36.5,41.5,39.5,2.0,10.5,< 0.5,< 0.5,< 0.5,11.5
"December 8/9 & 15/16, 2012 (Face)",40.0,37.5,35.0,2.5,12.0,< 0.5,< 0.5,< 0.5,10.5
"November 24/25 & December 1/2, 2012 (Face)",36.0,40.5,38.0,2.5,10.5,< 0.5,< 0.5,< 0.5,13.0
"November 27-29, 2012 (Phone)",36.5,44.5,43.0,1.5,8.5,< 0.5,< 0.5,< 0.5,10.5
"November 10/11 & 17/18, 2012 (Face)",36.5,38.5,35.5,3.0,11.5,< 0.5,< 0.5,< 0.5,13.5
"October 27/28 & November 3/4, 2012 (Face)",35.5,43.0,40.5,2.5,10.0,< 0.5,< 0.5,< 0.5,11.5
"October 13/14 & 20/21, 2012 (Face)",37.5,38.5,36.5,2.0,12.5,< 0.5,< 0.5,< 0.5,11.5
"September 29/30 & October 6/7, 2012 (Face)",37.0,43.0,40.0,3.0,10.5,< 0.5,< 0.5,< 0.5,9.5
"September 22/23, 2012 (Face)",37.5,41.5,38.0,3.5,10.0,< 0.5,< 0.5,< 0.5,11.0
"September 17-20, 2012 (Phone)",39.5,47.0,44.5,2.5,8.0,< 0.5,< 0.5,< 0.5,5.5
"September 8/9 & 15/16, 2012 (Face)",35.0,40.5,37.5,3.0,12.0,< 0.5,< 0.5,< 0.5,12.5
"September 1/2, 2012 (Face)",34.5,41.5,39.5,2.0,11.5,< 0.5,< 0.5,< 0.5,12.5
"August 11/12 & 18/19, 2012 (Face)",34.5,44.0,42.0,2.0,10.0,< 0.5,< 0.5,< 0.5,11.5
"July 28/29 & August 4/5, 2012 (Face)",32.0,43.5,41.5,2.0,11.5,< 0.5,< 0.5,< 0.5,13.0
"July 14/15 & 21/22, 2012 (Face)",31.5,43.0,41.5,1.5,12.0,< 0.5,< 0.5,< 0.5,13.5
"June 30/ July 1 & 7/8, 2012 (Face)",29.5,43.0,41.0,2.0,14.5,< 0.5,< 0.5,< 0.5,13.0
"June 16/17 & 23/24, 2012 (Face)",32.5,45.5,42.5,3.0,10.0,< 0.5,< 0.5,< 0.5,12.0
"June 9/10, 2012 (Face)",33.0,42.5,39.5,3.0,12.5,< 0.5,< 0.5,< 0.5,12.0
"June 2/3, 2012 (Face)",32.5,45.0,43.5,1.5,10.5,< 0.5,< 0.5,< 0.5,12.0
"May 26/27, 2012 (Face)",27.5,49.0,47.0,2.0,13.0,< 0.5,< 0.5,< 0.5,10.5
"May 19/20, 2012 (Face)",32.0,45.5,44.0,1.5,10.5,< 0.5,< 0.5,< 0.5,12.0
"May 12/13, 2012 (Face)",30.5,46.0,43.5,2.5,12.0,< 0.5,< 0.5,< 0.5,11.5
"May 9/10, 2012 (Phone)",29.0,50.5,48.5,2.0,10.0,< 0.5,< 0.5,< 0.5,10.5
"May 5/6, 2012 (Face)",29.5,45.5,43.0,2.5,12.0,< 0.5,< 0.5,< 0.5,13.0
"April 21/22, 2012 (Face)",30.0,47.5,45.5,2.0,12.0,< 0.5,< 0.5,< 0.5,10.5
"April 17-19, 2012 (Phone)",30.0,47.5,46.5,1.0,11.5,< 0.5,< 0.5,< 0.5,11.0
"April 7/8 & 14/15, 2012 (Face)",31.0,46.5,44.0,2.5,12.5,< 0.5,< 0.5,< 0.5,10.0
"March 31/ April 1, 2012 (Face)",32.0,44.5,41.5,3.0,13.0,< 0.5,< 0.5,< 0.5,10.5
"March 24/25, 2012 (Face)",36.5,45.0,40.5,4.5,12.5,< 0.5,< 0.5,< 0.5,6.0
"March 10/11 & 17/18, 2012 (Face)",37.0,45.5,41.5,4.0,10.5,< 0.5,< 0.5,< 0.5,7.0
"March 3/4, 2012 (Face)",39.0,43.5,40.5,3.0,10.0,< 0.5,< 0.5,< 0.5,7.5
"February 25/26, 2012 (Face)",37.5,42.5,40.5,2.0,11.0,< 0.5,< 0.5,< 0.5,9.0
"February 11/12 & 18/19, 2012 (Face)",37.0,41.5,38.5,3.0,14.5,< 0.5,< 0.5,< 0.5,7.0
"February 7/8, 2012 (Phone)",31.0,46.5,45.5,1.0,12.0,< 0.5,< 0.5,< 0.5,10.5
"February 4/5, 2012 (Face)",38.5,45.5,41.5,4.0,9.5,< 0.5,< 0.5,< 0.5,6.5
"January 28/29, 2012 (Face)",39.5,41.5,39.5,2.0,10.0,< 0.5,< 0.5,< 0.5,9.0
"January 14/15 & 21/22, 2012 (Face)",38.5,42.5,39.0,3.5,12.0,< 0.5,< 0.5,< 0.5,7.0
"January 17/18, 2012 (Phone)",35.5,46.5,45.5,1.0,9.0,< 0.5,< 0.5,< 0.5,9.0
"January 7/8, 2012 (Face)",37.0,45.0,39.5,5.5,10.5,< 0.5,< 0.5,< 0.5,7.5
"December 10/11 & 17/18, 2011 (Face)",36.5,43.0,39.0,4.0,13.0,< 0.5,< 0.5,< 0.5,7.5
"November 26/27 & December 3/4, 2011 (Face)",36.5,46.5,43.0,3.5,10.0,< 0.5,< 0.5,< 0.5,7.0
"November 19/20, 2011 (Face)",36.5,45.5,40.0,5.5,12.0,< 0.5,< 0.5,< 0.5,6.0
"November 5/6 & 12/13, 2011 (Face)",34.5,47.0,43.0,4.0,11.5,< 0.5,< 0.5,< 0.5,7.0
"November 2/3, 2011 (Phone)",34.0,45.0,43.0,2.0,12.5,< 0.5,< 0.5,< 0.5,8.5
"October 29/30, 2011 (Face)",34.0,46.5,42.0,4.5,13.5,< 0.5,< 0.5,< 0.5,6.0
"October 25/26, 2011 (Phone)",31.0,47.0,45.5,1.5,12.5,< 0.5,< 0.5,< 0.5,9.5
"October 22/23, 2011 (Face)",35.0,49.5,46.5,3.0,10.5,< 0.5,< 0.5,< 0.5,5.0
"October 15/16, 2011 (Face)",36.5,44.0,39.5,4.5,10.0,< 0.5,< 0.5,< 0.5,9.5
"October 8/9, 2011 (Face)",38.5,43.5,40.0,3.5,11.0,< 0.5,< 0.5,< 0.5,7.0
"September 24/25 & October 1/2, 2011 (Face)",35.5,46.5,43.5,3.0,10.0,< 0.5,< 0.5,< 0.5,8.0
"September 10/11 & 17/18, 2011 (Face)",32.0,48.0,44.0,4.0,11.0,< 0.5,< 0.5,< 0.5,9.0
"August 27/28 & September 3/4, 2011 (Face)",32.5,46.5,43.0,3.5,12.5,< 0.5,< 0.5,< 0.5,8.5
"August 13/14 & 20/21, 2011 (Face)",32.5,49.5,45.0,4.5,11.0,< 0.5,< 0.5,< 0.5,7.0
"August 9/10, 2011 (Phone)",29.5,49.0,47.0,2.0,12.0,< 0.5,< 0.5,< 0.5,9.5
"July 30/31 & August 6/7, 2011 (Face)",34.5,47.5,42.0,5.5,12.0,< 0.5,< 0.5,< 0.5,6.0
"July 16/17 & 23/24, 2011 (Face)",34.5,47.0,42.5,4.5,12.0,< 0.5,< 0.5,< 0.5,6.5
"July 13/14, 2011 (Phone)",27.5,52.5,50.0,2.5,10.5,< 0.5,< 0.5,< 0.5,9.5
"July 9/10, 2011 (Face)",33.5,48.0,43.5,4.5,11.5,< 0.5,< 0.5,< 0.5,7.0
"June 25/26 & July 2/3, 2011 (Face)",31.5,49.0,44.5,4.5,11.5,2.0,< 0.5,< 0.5,6.0
"June 11/12 & 18/19, 2011 (Face)",35.0,46.5,42.0,4.5,11.5,2.0,< 0.5,< 0.5,5.0
"June 4/5, 2011 (Face)",33.5,46.5,43.0,3.5,12.0,2.5,< 0.5,< 0.5,5.5
"May 31 - June 2, 2011 (Phone)",30.0,50.0,48.0,2.0,9.5,< 0.5,< 0.5,< 0.5,10.5
"May 21/22 & 28/29, 2011 (Face)",36.0,45.5,41.0,4.,12.0,< 0.5,< 0.5,< 0.5,6.5
"May 14/15, 2011 (Face)",36.0,44.5,41.5,3.0,13.0,2.0,< 0.5,< 0.5,4.5
"May 7/8, 2011 (Face)",34.0,48.0,45.0,3.0,11.0,1.5,< 0.5,< 0.5,5.5
"May 3-5, 2011 (Phone)",34.0,46.0,44.5,1.5,11.0,2.0,< 0.5,< 0.5,7.0
"April 23/24 & 30/ May 1, 2011 (Face)",37.0,46.0,40.5,5.5,10.5,2.0,< 0.5,< 0.5,4.5
"April 9/10 & 16/17, 2011 (Face)",35.0,46.0,41.5,4.5,11.5,2.0,< 0.5,< 0.5,5.5
"April 2/3, 2011 (Face)",36.5,48.0,42.0,6.0,9.5,2.0,< 0.5,< 0.5,4.0
"March 19/20 & 26/27, 2011 (Face) (TOTAL)",37.5,43.5,39.0,4.5,12.0,1.5,< 0.5,< 0.5,5.5
"March 26/27, 2011 (Face)",35.5,47.0,41.0,6.0,11.5,1.5,< 0.5,< 0.5,4.5
"March 22-24, 2011 (Phone)",34.5,47.0,44.5,2.5,10.0,1.0,< 0.5,< 0.5,7.5
"March 19/20, 2011 (Face)",39.5,40.0,37.0,3.0,12.5,2.0,< 0.5,< 0.5,6.0
"March 16/17, 2011 (Phone)",35.5,42.5,39.5,3.0,12.0,1.5,< 0.5,< 0.5,8.5
"March 12/13, 2011 (Face)",38.0,44.5,40.0,4.5,11.5,1.5,< 0.5,< 0.5,4.5
"March 8-10, 2011 (Phone)",31.5,47.5,46.0,1.5,10.0,1.5,< 0.5,< 0.5,8.0
"February 26/27 & March 5/6, 2011 (Face) (TOTAL)",39.0,44.0,39.5,4.5,10.5,1.0,< 0.5,< 0.5,5.5
"March 5/6, 2011 (Face)",37.0,46.5,41.5,5.0,9.5,1.0,< 0.5,< 0.5,6.0
"February 26/27, 2011 (Face)",41.0,41.0,37.0,4.0,11.5,1.0,< 0.5,< 0.5,5.5
"February 12/13 & 19/20, 2011 (Face)",39.5,43.0,40.0,3.0,11.5,2.0,< 0.5,< 0.5,4.0
"February 21-23, 2011 (Phone)",36.0,45.5,42.0,3.5,9.5,1.5,< 0.5,< 0.5,7.5
"January 29/30 & February 5/6, 2011 (Face)",39.0,43.0,38.0,5.0,12.5,1.5,< 0.5,< 0.5,4.0
"February 1-3, 2011 (Phone)",35.0,42.5,41.0,1.5,12.0,3.0,< 0.5,< 0.5,7.5
"January 15/16 & 22/23, 2011 (Face)",40.5,41.5,37.5,4.0,11.5,2.0,< 0.5,< 0.5,4.5
"January 8/9, 2011 (Face)",38.5,44.0,38.5,5.5,13.0,1.5,< 0.5,< 0.5,3.0
"December 11/12, 2010 (Face)",38.0,43.0,38.0,5.0,13.5,1.5,< 0.5,< 0.5,4.0
"December 8-12, 2010 (Phone)",31.0,46.0,44.0,2.0,13.5,2.0,< 0.5,< 0.5,7.5
"December 4/5, 2010 (Face)",40.5,40.5,36.0,4.5,13.5,1.5,< 0.5,< 0.5,4.0
"November 20/21 & 27/28, 2010 (Face)",40.5,42.0,38.5,3.5,12.0,1.5,< 0.5,< 0.5,4.0
"November 6/7 & 13/14, 2010 (Face)",41.0,40.0,36.0,4.0,12.0,2.5,< 0.5,< 0.5,4.5
"October 23/24 & 30/31, 2010 (Face)",43.0,40.5,36.5,4.0,10.5,1.5,< 0.5,< 0.5,4.5
"October 9/10 & 16/17, 2010 (Face)",43.0,40.5,37.5,3.0,10.5,2.5,< 0.5,< 0.5,3.5
"October 2/3, 2010 (Face)",44.0,38.5,35.5,3.0,12.0,2.0,< 0.5,< 0.5,3.5
"September 18/19, 2010 (Face)",40.5,41.0,36.5,4.5,13.0,2.0,< 0.5,< 0.5,3.5
"September 15/16, 2010 (Phone)",35.5,42.5,39.5,3.0,15.0,2.5,< 0.5,< 0.5,4.5
"September 8/9, 2010 (SMS)",39.5,45.0,41.0,4.0,10.5,2.0,< 0.5,< 0.5,3.0
"August 28/29 & September 4/5, 2010",40.5,39.5,35.5,4.0,15.0,2.0,< 0.5,< 0.5,3.0
"August 25/26, 2010 (Phone)",36.0,40.0,37.0,3.0,13.0,2.0,< 0.5,< 0.5,9.0
"August 22/23, 2010 (SMS)",40.5,44.5,40.5,4.0,10.0,2.0,< 0.5,< 0.5,3.0
"Federal Election - August 21, 2010",38.0,43.6,39.9,3.7,11.8,2.3,< 0.5,< 0.5,4.3
"August 21, 2010 (Phone)",38.5,41.5,39.0,2.5,13.0,1.5,< 0.5,< 0.5,5.5
"August 21, 2010 (SMS - 4pm)",38.0,43.0,40.0,3.0,12.0,1.5,< 0.5,< 0.5,5.5
"August 21, 2010 (SMS - 2pm)",38.5,43.5,40.5,3.0,11.5,1.5,< 0.5,< 0.5,5.0
"August 21, 2010 (SMS - 1pm)",38.5,43.0,40.0,3.0,12.0,1.5,< 0.5,< 0.5,5.0
"August 18-20, 2010 (Phone - Updated)",39.0,42.5,39.5,3.0,11.5,1.5,< 0.5,< 0.5,5.5
"August 18/19, 2010 (Phone)",38.0,42.0,39.0,3.0,13.0,1.5,< 0.5,< 0.5,5.5
"August 14/15, 2010 (Face : Face)",40.0,43.0,38.5,4.5,13.5,1.5,< 0.5,< 0.5,2.0
"August 14, 2010 (Phone)",40.5,44.0,41.0,3.0,12.5,1.0,< 0.5,< 0.5,2.0
"August 7/8, 2010 (Face : Face)",43.0,37.0,33.5,3.5,15.5,2.0,< 0.5,< 0.5,2.5
"August 3, 2010 (Phone)",38.0,45.0,42.5,2.5,11.0,1.0,< 0.5,< 0.5,5.0
"July 31/ August 1, 2010 (Face : Face)",44.0,41.0,39.0,2.0,10.0,1.0,< 0.5,< 0.5,4.0
"July 27/28, 2010 (Phone)",42.0,42.0,39.5,2.5,11.0,1.5,< 0.5,< 0.5,3.5
"July 24/25, 2010 (Face : Face)",43.5,37.0,35.0,2.0,11.5,1.5,< 0.5,< 0.5,6.5
"July 20/21, 2010 (Phone)",44.0,38.5,35.5,3.0,11.5,2.0,< 0.5,< 0.5,4.0
"July 17/18, 2010 (Face : Face)",44.5,39.5,35.0,4.5,10.5,1.5,< 0.5,< 0.5,4.0
"July 10/11, 2010 (Face : Face)",40.5,41.,37.5,3.5,12.0,1.5,< 0.5,< 0.5,5.0
"June 26/27 & July 3/4, 2010 (Face : Face)",45.5,38.0,36.0,2.0,10.5,1.5,< 0.5,< 0.5,4.5
"June 25-28, 2010 (Phone)",38.5,45.5,41.0,4.5,9.0,1.5,< 0.5,< 0.5,5.5
"June 19/20, 2010 (Face : Face)",41.0,41.0,38.5,2.5,12.5,1.5,< 0.5,< 0.5,4.0
"June 12/13, 2010 (Face : Face)",38.0,41.0,39.5,1.5,13.0,1.5,< 0.5,< 0.5,6.5
"June 5/6, 2010 (Face : Face)",40.0,41.5,39.5,2.0,11.0,2.5,< 0.5,< 0.5,5.0
"May 29/30, 2010 (Face : Face)",42.0,41.0,38.5,2.5,8.5,1.5,< 0.5,< 0.5,7.0
"May 26/27, 2010 (Phone)",37.5,43.0,40.0,3.0,11.5,1.5,< 0.5,< 0.5,6.5
"May 22/23, 2010 (Face : Face)",42.5,41.0,39.0,2.0,11.0,2.0,< 0.5,< 0.5,3.5
"May 15/16, 2010 (Face : Face)",37.5,43.0,40.0,3.0,12.0,1.5,< 0.5,< 0.5,6.0
"May 12/13, 2010 (Phone)",36.0,46.0,43.5,2.5,11.5,2.0,< 0.5,< 0.5,4.5
"May 8/9, 2010 (Face : Face)",41.0,42.5,39.0,3.5,9.0,2.5,< 0.5,< 0.5,5.0
"May 4/5, 2010 (Phone)",39.5,44.5,42.0,2.5,9.0,1.5,< 0.5,< 0.5,5.5
"April 24/25, 2010 (Face : Face)",44.0,40.5,37.0,3.5,8.0,2.5,< 0.5,< 0.5,5.0
"April 10/11 & 17/18, 2010 (Face : Face)",43.0,37.5,34.5,3.0,12.0,2.0,< 0.5,< 0.5,5.5
"March 27/28 & April 3/4, 2010 (Face : Face)",48.0,36.5,34.5,2.0,8.5,2.5,< 0.5,< 0.5,4.5
"March 13/14 & 20/21, 2010 (Face : Face)",44.5,37.0,35.0,2.0,11.0,2.0,< 0.5,< 0.5,5.5
"February 27/28 & March 6/7, 2010 (Face : Face)",45.0,38.5,36.0,2.5,8.5,2.0,< 0.5,< 0.5,6.0
"February 20/21, 2010 (Face : Face)",45.0,37.5,34.5,3.0,9.0,2.5,< 0.5,< 0.5,6.0
"February 6/7 & 13/14, 2010 (Face : Face)",47.0,37.0,34.5,2.5,9.0,2.0,< 0.5,< 0.5,5.0
"February 10/11, 2010 (Phone)",42.0,41.0,36.5,4.5,10.5,1.0,< 0.5,< 0.5,5.5
"January 23/24 & 30/31, 2010 (Face : Face)",46.0,38.0,35.0,3.0,8.5,1.5,< 0.5,< 0.5,6.0
"January 9/10 & 16/17, 2010 (Face : Face)",47.5,35.5,32.0,3.5,10.0,2.0,< 0.5,< 0.5,5.0
"January 13/14, 2010 (Phone)",43.0,39.0,36.0,3.0,9.5,1.5,< 0.5,< 0.5,7.0
"Dec. 19/20, 2009 & Jan. 2/3, 2010 (Face : Face)",45.5,37.0,34.5,2.5,10.0,2.0,< 0.5,< 0.5,5.5
"December 5/6 & 12/13, 2009 (Face : Face)",49.0,35.5,33.5,2.0,8.0,1.5,< 0.5,< 0.5,6.0
"December 4-9, 2009 (Phone)",42.0,41.5,39.5,2.0,9.5,1.5,< 0.5,< 0.5,5.5
"December 2/3, 2009 (Phone)",41.0,43.0,39.5,3.5,10.5,1.5,< 0.5,< 0.5,4.0
"November 28/29, 2009 (Face : Face)",47.0,35.0,31.5,3.5,9.5,3.0,< 0.5,< 0.5,5.5
"November 21/22, 2009 (Face : Face)",48.0,35.5,33.5,2.0,9.0,1.5,< 0.5,< 0.5,6.0
"November 14/15, 2009 (Face : Face)",45.0,36.5,32.5,4.0,9.0,3.0,< 0.5,< 0.5,6.5
"November 11/12, 2009 (Phone)",42.5,41.5,37.5,4.0,8.0,1.0,< 0.5,< 0.5,7.0
"November 7/8, 2009 (Face : Face)",46.5,38.5,35.5,3.0,8.0,2.0,< 0.5,< 0.5,5.0
"October 31 & November 1, 2009 (Face : Face)",51.0,32.5,30,2.5,9.5,2.0,< 0.5,< 0.5,5.0
"October 17/18 & 24/25, 2009 (Face : Face)",52.0,34.5,31.5,3.0,7.5,2.0,< 0.5,< 0.5,4.0
"October 3/4 & 10/11, 2009 (Face : Face)",49.5,34,31.5,2.5,9.0,2.5,< 0.5,< 0.5,5.0
"October 7/8, 2009 (Phone)",46.5,37,33.0,4.5,10.5,1.0,< 0.5,< 0.5,5.0
"September 19/20 & 26/27, 2009 (Face : Face)",51.0,35.5,33.0,2.5,7.5,2.0,< 0.5,< 0.5,4.0
"September 5/6 & 12/13, 2009 (Face : Face)",51.5,32.5,29.0,3.5,9.5,2.0,< 0.5,< 0.5,4.5
"August 22/23 & 29/30, 2009 (Face : Face)",50.5,33.5,30.0,3.5,9.5,2.0,< 0.5,< 0.5,4.5
"August 8/9 & 15/16, 2009 (Face : Face)",47.5,34.5,31.5,3.0,9.5,2.5,< 0.5,< 0.5,6.0
"August 5/6, 2009 (Phone)",45.5,37.5,34.5,3.0,11.0,1.5,< 0.5,< 0.5,4.5
"July 25/26 & August 1/2, 2009 (Face : Face)",50.5,34.0,31.5,2.5,8.5,2.0,< 0.5,< 0.5,5.0
"July 11/12 & 18/19, 2009 (Face : Face)",48.0,37.5,34.5,3.0,8.0,2.0,< 0.5,< 0.5,4.5
"June 27/28 & July 4/5, 2009 (Face : Face)",46.5,35.0,32.0,3.0,11.5,2.5,< 0.5,< 0.5,4.5
"July 1/2, 2009 (Phone)",46.0,39,36.5,2.5,8.0,1.0,< 0.5,< 0.5,6.0
"June 20/21, 2009 (Face : Face)",46.0,41.0,37.5,3.5,8.5,1.0,< 0.5,< 0.5,3.5
"June 6/7 & 13/14, 2009 (Face : Face)",48.5,38.0,35.0,3.0,7.0,2.5,< 0.5,< 0.5,4.0
"June 10/11, 2009 (Phone)",47.5,37.0,34.5,2.5,8.5,2.5,< 0.5,< 0.5,4.5
"June 3/4, 2009 (Phone)",43.5,39.5,36.0,3.5,9.0,2.5,< 0.5,< 0.5,5.5
"May 23/24 & 30/31, 2009 (Face : Face)",49.0,36.0,33.5,2.5,8.0,2.0,< 0.5,< 0.5,5.0
"May 20/21, 2009 (Phone)",45.0,40.5,36.5,4.0,7.5,1.0,< 0.5,< 0.5,6.0
"May 16/17, 2009 (Face : Face)",49.5,37.5,36.0,1.5,8.0,1.5,< 0.5,< 0.5,3.5
"May 2/3 & 9/10, 2009 (Face : Face)",50.0,34.0,32.0,2.0,9.0,2.5,< 0.5,< 0.5,4.5
"April 18/19 & 25/26, 2009 (Face : Face)",50.0,36.5,34.5,2.0,8.5,1.5,< 0.5,< 0.5,3.5
"April 4/5 & 11/12, 2009 (Face : Face)",51.5,33.5,31.0,2.5,8.0,2.0,< 0.5,< 0.5,5.0
"March 21/22 & 28/29, 2009 (Face : Face)",53.0,33.5,30.5,3.0,8.0,1.5,< 0.5,< 0.5,4.0
"March 14/15, 2009 (Face : Face)",48.5,39.0,36.0,3.0,6.0,1.5,< 0.5,< 0.5,5.0
"March 7/8, 2009 (Face : Face)",50.5,34.5,31.5,3.0,8.0,2.0,< 0.5,< 0.5,5.0
"February 21/22 & 28/ March 1, 2009 (Face : Face)",51.5,33.0,30.5,2.5,8.5,2.5,< 0.5,< 0.5,4.5
"February 14/15, 2009 (Face : Face)",49.0,36.5,33.0,3.5,7.5,1.0,< 0.5,< 0.5,6.0
"February 7/8, 2009 (Face : Face)",51.5,35.5,32.0,3.5,8.0,1.5,< 0.5,< 0.5,3.5
"January 31 & February 1, 2009 (Face : Face)",46.5,38.0,34.0,4.0,8.0,2.5,< 0.5,< 0.5,5.0
"January 17/18 & 24/25, 2009 (Face : Face)",50.5,36.0,34.0,2.0,7.5,1.5,< 0.5,< 0.5,4.5
"January 3/4 & 10/11, 2009 (Face : Face)",51.5,35.0,31.0,4.0,8.0,1.5,< 0.5,< 0.5,4.0
"December 13/14 & 20/21, 2008 (Face : Face)",52.5,35.5,32.5,3.0,6.0,1.5,< 0.5,< 0.5,4.5
November 29/30 & December 6/7 (Face : Face),48.5,34.5,32.0,2.5,10.5,1.5,< 0.5,< 0.5,5.0
November 15/16 & 22/23 (Face : Face),50.5,35.5,33.5,2.0,7.5,2.0,< 0.5,< 0.5,4.5
November 1/2 & 8/9 (Face : Face),49.0,36.0,33.0,3.0,8.5,2.0,< 0.5,< 0.5,4.5
October 18/19 & 25/26 (Face : Face),46.5,37.5,35.0,2.5,8.5,2.0,< 0.5,< 0.5,5.5
October 15/16 (Phone),48.0,38.0,36.0,2.0,8.0,1.5,< 0.5,< 0.5,4.5
October 4/5 & 11/12 (Face : Face),46.0,36.0,33.5,2.5,9.5,2.5,< 0.5,< 0.5,6.0
"October 8/9, 2008 (Phone)",46.5,36.0,34.0,2.0,9.5,3.0,< 0.5,< 0.5,5.0
"September 20/21 & 27/28, 2008 (Face : Face)",46.5,36.5,33.0,3.5,10.0,1.5,< 0.5,< 0.5,5.5
September 24/25 (Phone),46.5,38.5,35.5,3.0,8.0,2.5,< 0.5,< 0.5,4.5
September 6/7 & 13/14 (Face : Face),45.0,38.0,34.5,3.5,8.0,1.5,< 0.5,< 0.5,7.5
August 23/24 & 30/31 (Face : Face),50.0,37.0,34.0,3.0,6.5,2.0,< 0.5,< 0.5,4.5
August 9/10 & 16/17 (Face : Face),47.0,37.5,33.5,4.0,8.5,2.0,< 0.5,< 0.5,5.0
July 26/27 & August 2/3 (Face : Face),45.5,39.5,37.0,2.5,8.0,1.5,< 0.5,< 0.5,5.5
July 19/20 (Face : Face),45.5,39.5,37.5,2.0,7.5,2.0,< 0.5,< 0.5,5.5
July 12/13 (Face : Face),48.0,34.5,32.0,2.5,11.5,2.5,< 0.5,< 0.5,3.5
June 28/29 & July 5/6 (Face : Face),48.5,35.0,32.5,2.5,8.0,2.5,< 0.5,< 0.5,6.0
June 14/15 & 21/22 (Face : Face),52.0,34.0,32.0,2.0,8.0,1.5,< 0.5,< 0.5,4.5
June 7/8 (Face : Face),48.5,36.0,33.0,3.0,8.5,2.0,< 0.5,< 0.5,5.0
June 4-9 (Phone),45.5,38.5,36.5,2.0,8.5,1.5,< 0.5,< 0.5,6.0
May 31 - June 1 (Face : Face),52.5,31.5,29.0,2.5,9.0,2.0,< 0.5,< 0.5,5.0
May 24/25 (Face : Face),53.0,34.0,31.0,3.0,5.5,2.5,< 0.5,< 0.5,5.0
May 17/18 (Face : Face),51.5,35.0,32.5,2.5,8.5,1.0,< 0.5,< 0.5,4.0
May 7-11 (Phone),47.0,37.0,34.5,2.5,9.0,1.0,< 0.5,< 0.5,6.0
May 3/4 (Face : Face),52.5,32.5,30.5,2.0,8.0,2.0,< 0.5,< 0.5,5.0
April 19/20 & 26/27 (Face : Face),54.5,33.5,30.0,3.5,5.5,2.5,< 0.5,< 0.5,4.0
April 16/17 (Phone),55.0,33.0,30.5,2.5,6.0,1.0,< 0.5,< 0.5,5.0
April 12/13 (Face : Face),54.0,33.5,29.0,4.5,6.5,1.0,< 0.5,< 0.5,5.0
April 9/10 (Phone),54.0,32.0,29.0,3.0,8.5,1.0,< 0.5,< 0.5,4.5
April 5/6 (Face : Face),53.5,33.5,31.5,2.0,7.5,1.5,< 0.5,< 0.5,4.0
March 26/27 & April 2/3 (Phone),51.0,34.0,32.0,2.0,7.5,2.0,< 0.5,< 0.5,5.5
March 15/16 & 22/23 (Face : Face),55.0,31.0,29.0,2.0,7.0,3.0,< 0.5,< 0.5,4.0
March 11/12 (Phone),53.5,34.0,31.5,2.5,5.5,1.5,< 0.5,< 0.5,5.5
March 1/2 & 8/9 (Face : Face),55.5,30.5,28.0,2.5,9.0,1.5,< 0.5,< 0.5,3.5
February 16/17 & 23/24 (Face : Face),56.5,31.5,28.5,3.0,6.5,1.5,< 0.5,< 0.5,4.0
February 2/3 & 9/10 (Face : Face),54.0,33.0,30.0,3.0,7.5,1.5,< 0.5,< 0.5,4.0
January 30/31 (Phone),50.0,34.5,31.5,3.0,8.0,1.0,< 0.5,< 0.5,6.5
January 19/20 & 26/27 (Face : Face),49.0,36.0,33.0,3.0,8.5,1.5,< 0.5,< 0.5,5.0
January 23/24 (Phone),53.0,32.0,30.0,2.0,10.0,1.0,< 0.5,< 0.5,4.0
January 5/6 & 12/13 (Face : Face),51.5,33.0,30.5,2.5,8.0,2.0,< 0.5,< 0.5,5.5
December 1/2 & 8/9 (Face : Face),49.5,34.0,31.5,2.5,10.5,2.5,< 0.5,< 0.5,3.5
December 5/6 (Phone),49.0,36.5,33.0,3.5,7.0,1.5,< 0.5,< 0.5,6.0
"Federal Election - November 24, 2007",43.4,42.1,36.6,5.5,7.8,2.0,0.7,< 0.5,4.7
November 23 (Phone),43.5,41.5,37.5,4.0,8.5,2.5,< 0.5,< 0.5,4.0
November 21/22 (Phone),44.5,40.5,36.5,4.0,9.0,2.5,1.0,< 0.5,2.5
November 17/18 (Face : Face),47.5,39.5,37.5,2.0,8.0,0.5,0.5,< 0.5,4.0
November 15-17 (Phone),46.5,40.0,37.0,3.0,8.0,0.5,2.0,0.5,2.5
November 10/11,48.0,39.0,35.5,3.5,7.0,1.0,1.5,< 0.5,3.5
November 7/8 (Phone),44.5,39.0,36.0,3.0,10.5,1.5,2.0,1.0,1.5
November 3/4,54.5,34.0,31.5,2.5,6.0,2.0,0.5,0.5,2.5
October 27/28,49.0,39.0,36.5,2.5,7.5,1.0,1.0,0.5,2.0
October 24/25 (Phone),44.0,41.0,38.0,3.0,10.5,1.0,1.5,0.5,1.5
October 20/21,47.0,39.5,37.0,2.5,8.0,2.0,1.0,1.0,1.5
October 13/14,49.5,39.5,36.5,3.0,7.0,0.5,1.0,0.5,2.0
October 17/18 (Phone),45.0,39.5,37.0,2.5,9.0,1.5,0.5,1.0,3.5
October 6/7,49.5,38.0,35.5,2.5,6.0,2.0,1.0,0.5,3.0
September 29/30,53.5,35.5,33.5,2.0,5.5,1.5,1.5,0.5,2.0
September 22/23,54.0,36.0,33.5,2.5,5.5,1.0,0.5,0.5,2.5
September 15/16,49.5,39.5,36.5,3.0,6.0,1.5,0.5,1.0,2.0
September 8/9,51.0,36.0,34.0,2.0,6.0,2.0,1.0,0.5,3.5
September 1/2,49.0,34.5,33.0,1.5,9.0,2.0,2.0,0.5,3.0
August 18/19 & 25/26,46.0,41.0,38.5,2.5,6.5,1.5,1.0,1.0,3.0
August 4/5 & 11/12,49.5,36.5,33.5,3.0,7.0,2.0,1.5,1.0,2.5
July 21/22 & 28/29,47.0,40.5,38.0,2.5,6.5,1.5,1.0,0.5,3.0
July 7/8 & 14/15,47.5,40.5,38.0,2.5,5.5,2.0,1.5,< 0.5,3.0
June 23/24 & June 30/July 1,50.5,36.0,33.5,2.5,7.0,1.5,0.5,1.0,3.5
June 9/10 & 16/17,48.0,37.0,34.5,2.5,6.5,2.0,1.5,1.0,4.0
June 2/3,51.0,38.0,35.5,2.5,5.5,1.5,0.5,1.0,2.5
May 26/27,49.0,37.5,35.5,2.0,6.0,2.0,1.0,1.5,3.0
May 19/20,51.0,35.5,33.5,2.0,8.0,1.5,1.0,1.0,2.0
May 12/13,51.0,36.0,34.0,2.0,8.0,1.5,1.0,0.5,2.0
May 5/6,51.5,35.5,33.5,2.0,7.0,1.5,1.0,0.5,3.0
April 21/22 & 28/29,52.5,34.5,31.0,3.5,6.5,1.5,1.5,0.5,3.0
April 7/8 & 14/15,50.0,35.5,32.0,3.5,7.5,1.5,1.0,0.5,4.0
March 24/25 & March 31/April 1,49.5,34.5,31.5,3.0,9.0,1.5,1.5,0.5,3.5
March 17/18,48.5,36.0,33.5,2.5,8.0,2.5,1.0,1.0,3.0
March 10/11,51.5,34.0,31.0,3.0,7.5,2.0,1.5,1.0,2.5
March 3/4,51.5,33.0,29.5,3.5,7.0,1.5,2.0,1.0,4.0
February 24/25,52.5,34.0,30.5,3.5,7.5,1.5,0.5,1.0,3.0
February 10/11 & 17/18,48.0,38.0,35.5,2.5,7.0,1.5,1.5,0.5,3.5
February 3/4,47.0,37.0,34.5,2.5,8.0,1.5,2.0,0.5,4.0
January 20/21 & 27/28,43.5,39.0,36.5,2.5,7.5,2.5,1.5,1.5,4.5
January 6/7 & 13/14,47.0,36.5,33.5,3.0,8.0,2.0,1.5,1.5,3.5
December 16/17,49.0,35.5,32.0,3.5,7.0,2.0,2.5,1.0,3.0
December 9/10,50.0,34.5,31.5,3.0,7.0,2.5,1.5,1.0,3.5
November 25/26 & December 2/3,41.0,41.5,38.5,3.0,9.0,1.5,1.5,1.0,4.5
November 11/12 & 18/19,40.5,40.5,38.0,2.5,10.0,2.0,2.5,1.0,3.5
October 28/29 & November 4/5,40.5,41.5,38.0,3.5,9.0,2.0,1.5,1.0,4.5
October 14/15 & 21/22,41.5,40.5,37.0,3.5,8.5,2.0,2.0,0.5,5.0
September 30/October 1 & 7/8,42.0,39.0,36.0,3.0,9.5,2.0,2.0,1.0,4.5
September 16/17 & 23/24,41.5,41.5,38.5,3.0,8.0,1.0,2.5,1.0,4.5
September 2/3 & 9/10,43.0,38.0,35.5,2.5,9.0,2.0,2.5,0.5,5.0
August 19/20 & 26/27,42.5,39.0,37.0,2.0,8.0,2.5,2.5,0.5,5.0
August 5/6 & 12/13,41.5,40.5,37.0,3.5,8.5,3.0,2.0,1.0,3.5
July 22/23 & 29/30,42.0,40.0,37.5,2.5,8.0,2.5,2.0,1.0,4.5
July 15/16,36.5,45.0,42.5,2.5,7.5,2.5,1.5,1.5,5.5
July 1/2 & 8/9,42.5,39.0,36.0,3.0,8.5,2.5,2.5,1.0,4.0
June 17/18 & 24/25,40.5,42.0,39.0,3.0,8.5,1.5,1.5,0.5,5.5
June 3/4 & 10/11,42.0,39.5,37.0,2.5,8.0,2.5,2.0,1.5,4.5
May 20/21 & 27/28,41.0,42.0,38.5,3.5,7.5,3.0,1.5,1.0,4.0
May 13/14,40.5,42.0,39.5,2.5,7.0,1.5,2.5,0.5,6.0
May 6/7,42.0,39.0,37.0,2.0,9.5,1.5,2.5,1.0,4.5
April 22/23 & 29/30,39.0,40.0,37.0,3.0,8.5,2.5,2.5,1.0,6.5
April 8/9 & 15/16,42.0,38.5,36.0,2.5,9.5,2.5,1.5,0.5,5.5
March 25/26 & April 1/2,43.5,39.0,37.0,2.0,8.0,2.0,1.5,1.0,5.0
March 11/12 & 18/19,38.5,44.0,40.5,3.5,8.5,2.5,1.5,1.0,4.0
February 25/26 & March 4/5,39.5,43.0,39.5,3.5,8.0,2.0,1.5,1.0,5.0
February 11/12 & 18/19,40.5,40.0,37.0,3.0,8.0,2.0,2.5,1.0,6.0
February 4/5,42.0,40.5,37.0,3.5,8.0,2.0,1.5,1.0,5.0
January 21/22 & 28/29,38.0,42.0,39.5,2.5,8.5,2.5,2.0,1.0,6.0
January 7/8 & 14/15,43.0,39.0,35.5,3.5,8.0,3.0,2.0,1.0,4.0
December 17/18,39.5,39.5,35.5,4.0,10.5,3.0,1.5,1.5,4.5
December 3/4 & 10/11,42.0,38.5,36.0,2.5,10.0,2.5,2.0,1.0,4.0
November 19/20 & 26/27,45.5,35.5,33.0,2.5,9.0,2.0,2.0,1.5,4.5
November 11/12,38.0,43.5,40.5,3.0,9.0,2.0,1.5,< 0.5,6.0
November 5/6,43.0,38.5,35.5,3.0,9.5,2.0,1.5,1.0,4.5
October 22/23 & 29/30,41.0,39.0,35.5,3.5,9.5,2.0,2.5,1.0,5.0
October 8/9 & 15/16,41.5,39.5,37.0,2.5,9.0,2.0,2.0,1.5,4.5
September 24/25 & October 1/2,38.5,42.0,38.5,3.5,9.0,2.0,2.5,1.5,4.5
September 17/18,34.5,44.0,41.5,2.5,10.0,2.0,2.5,1.5,5.5
September 10/11,41.5,39.5,36.5,3.0,7.0,3.0,1.5,0.5,7.0
August 27/28 & September 3/4,37.0,44.0,40.5,3.5,8.5,3.0,1.5,1.0,5.0
August 13/14 & 20/21,41.5,39.0,36.5,2.5,8.0,3.0,2.0,1.5,5.0
July 30/31 & August 6/7,42.0,41.5,37.5,4.0,7.5,2.0,2.0,1.0,4.0
July 16/17 & 23/24,38.5,41.5,39.0,2.5,8.0,1.5,2.5,2.0,6.0
July 2/3 & 9/10,40.5,42.5,40.5,2.0,7.5,2.5,1.5,1.0,4.5
June 18/19 & 25/26,39.5,42.0,39.5,2.5,9.0,2.5,2.0,1.0,4.0
June 4/5 & 11/12,39.5,43.5,42.0,1.5,7.5,2.0,1.5,1.5,4.5
May 21/22 & 28/29,39.0,45.0,43.0,2.0,7.5,1.5,1.5,0.5,5.0
May 14/15,41.0,43.0,41.5,1.5,8.0,2.0,1.5,0.5,4.0
April 30/May 1 & May 7/8,42.5,42.0,39.5,2.5,8.0,1.5,1.5,1.0,3.5
April 16/17 & 23/24,40.0,42.0,40.0,2.0,8.5,1.5,2.0,1.0,5.0
April 2/3 & 9/10,43.0,40.5,39.0,1.5,8.0,2.0,1.5,1.5,3.5
March 19/20 & 26/27,39.0,44.0,41.5,2.5,8.0,2.0,1.5,1.0,4.5
March 12/13,37.0,44.5,42.0,2.5,10.0,2.5,1.0,1.0,4.0
March 5/6,43.0,44.5,42.0,2.5,7.0,2.5,1.5,1.0,0.5
February 19/20 & 26/27,38.5,46.0,43.5,2.5,7.5,1.0,2.0,0.5p>,4.5
February 5/6 & 12/13,37.5,45.0,42.5,2.5,9.0,2.0,2.0,1.0,3.5
January 22/23 & 29/30,38.0,45.0,42.5,2.5,8.0,2.0,2.0,1.5,3.5
January 8/9 & 15/16,37.0,47.0,43.5,3.5,7.5,2.0,1.5,1.0,4.0
December 11/12 & December 18/19,36.5,45.5,42.5,3.0,9.5,2.0,1.5,1.5,3.5
November 27/28 & December 4/5,36.0,46.5,44.0,2.5,9.0,2.5,1.5,1.0,3.5
November 13/14 & 20/21,39.0,44.0,41.0,3.0,8.5,1.5,2.0,1.0,4.0
October 30/31 & November 6/7,39.5,44.5,42.0,2.5,8.5,2.0,2.0,1.0,2.5
October 9/10 & 16/17,37.5,46.5,41.5,5.0,7.5,0.0,1.5,1.5,5.5
"Federal Election - October 9, 2004",37.6,46.4,40.5,5.9,7.2,2.0,1.2,1.2,4.4
October 7/8,38.5,50.5,45.5,5.0,9.5,N/A,1.0,1.0,4.5
October 2/3,40.5,45.5,41.5,4.0,9.0,N/A,2.0,1.0,6.0
September 25/26,40.0,48.0,44.0,4.0,9.0,N/A,1.0,1.0,5.0
September 18/19,41.0,45.0,42.5,2.5,7.5,N/A,2.0,1.0,6.0
September 11/12,43.5,42.0,40.0,2.0,8.0,N/A,2.0,1.0,5.5
August 28/29 & September 4/5,43.0,41.5,38.5,3.0,10.5,N/A,2.0,0.5,5.5
August 14/15 & 21/22,43.5,41.5,39.0,2.5,9.0,N/A,2.0,1.5,5.0
July 31/ August 1 & August 7& 8,43.0,41.5,40.0,1.5,8.0,N/A,2.5,1.0,5.5
July 17/18 & July 24/25,42.0,44.0,41.5,2.5,7.5,N/A,2.5,1.0,5.5
July 10/11,46.0,44.0,41.5,2.5,8.0,N/A,2.0,0.5,2.0
July 3/4,43.5,45.0,42.5,2.5,7.0,N/A,2.0,0.5,4.5
June 19/20 & June 26/27,45.5,44.5,41.0,3.5,6.5,N/A,2.0,1.0,4.0
June 5/6 & June 12/13,43.5,45.0,42.5,2.5,7.0,N/A,1.5,1.0,4.5
May 22/23 & May 29/30,45.5,42.5,40.0,2.5,7.0,N/A,3.0,1.0,3.5
May 15/16,41.0,44.5,42.5,2.0,8.0,N/A,2.5,2.0,4.0
April 24/25 & May 1/2,44.0,44.5,42.0,2.5,7.0,N/A,2.0,1.0,4.0
April 10/11 & April 17/18,45.0,42.5,41.0,1.5,7.5,N/A,2.0,1.5,3.0
March 27/28 & April 3/4,43.5,43.0,39.5,3.5,9.5,N/A,2.0,1.5,4.0
March 13/14 & March 20/21,45.5,41.5,39.5,2.0,7.0,N/A,2.0,1.0,5.0
February 28/29 & March 6/7,46.0,42.0,39.0,3.0,7.5,N/A,2.5,1.5,3.5
February 14/15 & February 21/22,45.5,43.5,40.5,3.0,6.5,N/A,2.0,1.5,4.0
January 31/ February 1 & February 7/8,48.0,41.0,38.0,3.0,5.5,N/A,2.5,1.5,4.5
January 17/18 & January 24/25,44.0,42.0,39.0,3.0,8.0,N/A,2.5,2.0,4.5
January 3/4 & January 10/11,45.0,42.0,40.0,2.0,7.5,N/A,1.5,2.0,4.0
December 13/14 & December 20/21,42.5,44.5,42.0,2.5,7.0,N/A,2.5,2.5,3.5
December 6/7,41.0,44.0,41.5,2.5,6.0,N/A,2.5,3.0,6.0
November 29/30,38.0,43.5,40.0,3.5,9.0,N/A,3.5,4.5,5.0
November 22/23,38.0,44.0,42.0,2.0,8.0,N/A,4.0,3.0,5.0
November 8/9 & 15/16,35.5,46.0,42.5,3.5,9.5,N/A,3.0,3.0,6.5
October 25/26 & November 1/2,40.0,43.0,41.0,2.0,9.0,N/A,4.0,1.5,4.5
October 11/12 & 18/19,38.5,47.0,44.0,3.0,7.0,N/A,3.0,2.5,5.0
October 4/5,39.0,46.0,43.0,3.0,7.5,N/A,3.5,2.0,5.0
September 13/14 & 20/21,39.0,42.5,40.5,2.0,8.5,N/A,3.0,3.5,5.5
August 30/31 & September 6/7,38.0,42.0,39.5,2.5,9.5,N/A,3.5,3.5,6.0
August 23/24,38.5,42.0,40.5,1.5,8.5,N/A,4.5,2.0,6.0
August 16/17,36.5,49.0,46.5,2.5,8.0,N/A,4.0,0.5,4.5
August 9/10,39.0,47.5,44.0,3.5,7.0,N/A,4.0,1.0,5.0
July 19/20 & 26/27,38.5,46.5,43.5,3.0,9.0,N/A,2.5,1.0,5.5
June 21/22 & 28/29,37.0,47.5,45.5,2.0,10.0,N/A,2.5,0.5,4.5
June 7/8 & 14/15,37.5,48.0,45.0,3.0,8.5,N/A,3.5,1.0,4.5
May 24/25 & May 31/ June 1,42.0,42.5,40.0,2.5,9.5,N/A,2.0,1.0,5.5
May 10/11 & 17/18,39.0,47.0,43.5,3.5,8.0,N/A,3.0,1.5,5.0
April 26/27 & May 3/4,38.0,46.0,44.0,2.0,8.0,N/A,3.5,1.5,5.0
April 19/20,35.5,47.5,44.5,3.0,10.0,N/A,4.5,1.5,4.0
April 12/13,39.0,47.0,43.0,4.0,10.0,N/A,3.5,0.5,4.0
April 5/6,42.0,43.5,40.0,3.5,9.0,N/A,3.0,1.5,4.5
March 22/23,36.0,48.5,45.5,3.0,9.5,N/A,3.0,1.0,4.5
March 15/16,39.5,43.0,39.5,3.5,11.0,N/A,3.0,1.0,6.0
March 1/2 & 8/9,40.5,41.5,39.0,2.5,11.0,N/A,2.5,1.5,5.5
February 15/16 & 22/23,36.0,46.0,43.5,2.5,10.5,N/A,3.5,1.5,5.0
February 1/2 & 8/9,41.0,45.0,41.5,3.5,8.0,N/A,3.5,1.5,4.5
January 18/19 & 25/26,40.0,45.0,42.5,2.5,9.0,N/A,3.0,1.0,4.5
January 4/5 & 11/12,40.0,45.5,43.0,2.5,8.5,N/A,3.5,1.5,4.5
December 6/7 & 14/15,38.5,46.5,43.0,3.5,9.0,N/A,2.5,2.0,5.0
November 23/24 & Nov 30/ December 1,40.0,46.0,43.0,3.0,9.0,N/A,3.0,1.5,3.5
November 9/10 & 16/17,35.0,48.5,45.5,3.0,9.5,N/A,3.0,1.5,5.5
October 26/27 & November 2/3,35.0,49.0,46.0,3.0,10.0,N/A,3.5,1.5,4.0
October 12/13 & 19/20,38.5,45.0,42.0,3.0,10.5,N/A,2.5,1.5,5.0
October 5/6,39.5,43.5,41.5,2.0,10.0,N/A,4.0,1.0,4.0
September 14/15 & 21/22,39.0,44.5,41.5,3.0,9.5,N/A,3.5,1.5,5.0
August 31/September 1 & 7/8,41.0,43.5,40.5,3.0,9.0,N/A,2.0,2.0,5.5
August 17/18 & 24/25,42.0,42.0,40.0,2.0,8.0,N/A,3.0,1.5,5.5
August 3/4 & 10/11,41.5,43.5,40.5,3.0,7.0,N/A,4.0,2.0,5.0
July 20/21 & 27/28,39.5,46.5,43.0,3.5,6.5,N/A,3.5,2.0,5.5
July 6/7 & 13/14,42.0,42.5,40.0,2.5,6.0,N/A,5.0,2.0,5.0
June 23/24,39.0,45.5,43.0,2.5,7.0,N/A,6.0,2.5,2.5
June 8/9 & 15/16,40.0,45.5,42.5,3.0,6.5,N/A,5.0,2.0,4.0
May 25/26 & June 1/2,41.5,42.0,39.0,3.0,7.0,N/A,6.0,2.0,4.5
May 11/12 & 18/19,41.0,41.0,38.5,2.5,6.5,N/A,7.0,2.5,4.5
April 27/28 & May 4/5,40.5,42.0,39.5,2.5,6.5,N/A,5.5,3.0,5.0
April 13/14 & 20/21,39.5,45.0,42.5,2.5,6.5,N/A,5.0,2.0,4.5
April 6/7,41.5,43.5,41.0,2.5,6.5,N/A,4.5,2.0,4.5
March 16/17 & 23/24,41.0,41.5,39.5,2.0,7.0,N/A,5.0,2.5,5.0
March 2/3 & 9/10,40.0,45.5,42.5,3.0,6.5,N/A,4.0,2.0,5.0
February 16/17 & 23/24,38.5,44.5,43.0,1.5,6.0,N/A,4.5,2.5,5.5
February 2/3 & 9/10,36.5,47.5,44.5,3.0,7.0,N/A,6.0,2.0,4.0
January 19/20 & 26/27,39.5,43.0,40.5,2.5,6.0,N/A,7.5,2.5,4.0
January 5/6 & 12/13,39.5,46.0,43.5,2.5,6.5,N/A,5.5,2.0,3.0
"Federal Election - November 10, 2001",37.8,43.0,37.4,5.6,5.0,N/A,5.4,4.3,4.5
November 3/4,43.5,42.5,38.5,4.0,4.5,N/A,6.5,2.5,4.5
October 27/28,42.0,43.5,40.5,3.0,4.5,N/A,6.0,4.0,3.0
October 20/21,41.0,43.5,41.5,2.0,3.5,N/A,7.0,3.0,4.0
October 13/14,35.0,49.5,47.0,2.5,4.5,N/A,7.0,2.5,3.5
September 29/30 & October 6/7,39.5,45.5,43.0,2.5,4.0,N/A,5.5,4.0,4.0
September 22/23,41.5,43.5,41.5,2.0,4.5,N/A,5.5,3.5,3.5
September 15/16,41.0,42.5,41.0,1.5,4.5,N/A,6.0,4.0,3.5
September 8/9,40.5,38.5,36.5,2.0,7.0,N/A,7.0,3.5,5.5
September 1/2,39.0,42.0,39.5,2.5,5.5,N/A,6.5,4.0,5.5
August 18/19 & 25/26,43.5,37.5,34.5,3.0,5.0,N/A,7.5,4.5,5.0
August 4/5 & 11/12,41.0,38.0,35.0,3.0,5.0,N/A,8.5,5.5,5.0
July 21/22 & 28/29,42.0,37.5,35.5,2.0,4.0,N/A,9.0,5.0,4.5
July 7/8 & 14/15,43.0,37.0,35.0,2.0,4.5,N/A,7.5,5.0,5.0
June 23/24 & 30/July 1,44.5,39.5,36.0,3.5,4.5,N/A,6.5,4.5,4.0
June 9/10 & 16/17,44.5,37.5,34.5,3.0,5.5,N/A,6.5,4.0,5.0
June 2/3,45.5,33.0,30.5,2.5,4.0,N/A,8.0,6.0,6.0
May 26/27,44.0,35.5,33.0,2.5,4.5,N/A,8.5,3.5,6.5
May 12/13 & 19/20,46.5,33.5,30.5,3.0,4.5,N/A,8.0,5.5,5.0
April 28/29 & May 5/6,43.5,34.5,31.5,3.0,4.5,N/A,9.0,6.0,5.5
April 14/15 & 21/22,44.5,34.5,32.0,2.5,4.0,N/A,10.0,5.5,4.0
March 31/April 1 & 7/8,44.5,34.0,31.0,3.0,5.0,N/A,6.5,7.0,6.0
March 17/18 & 24/25,47.5,34.5,32.0,2.5,3.5,N/A,5.0,7.5,4.5
March 3/4 & 10/11,46.5,32.5,29.5,3.0,4.5,N/A,5.5,7.0,7.0
February 17/18 & 24/25,48.5,33.0,30.0,3.0,4.5,N/A,5.0,7.5,4.5
February 3/4 & 10/11,43.5,39.5,35.5,4.0,3.5,N/A,6.0,5.5,6.0
January 20/21 & 27/28,42.5,43.0,39.5,3.5,5.0,N/A,5.5,3.0,4.5
January 6/7 & 13/14,47.5,39.5,36.0,3.5,3.5,N/A,5.5,3.0,4.5
December 9/10 & 16/17,45.0,40.5,37.5,3.0,3.0,N/A,4.5,3.5,6.5
November 25/26 & December 2/3,44.0,41.0,38.0,3.0,3.5,N/A,6.5,3.5,4.5
September 16/17 & 23/24,44.0,42.0,38.5,3.5,3.5,N/A,6.5,3.0,4.5
October 14/15 & 21/22,44.5,39.5,36.0,3.5,3.0,N/A,6.0,3.0,7.5
November 11/12 & 18/19,44.5,40.5,37.0,3.5,3.5,N/A,6.5,3.0,5.5
Sept 30/October 1 & 7/8,46.5,40.5,37.0,3.5,2.0,N/A,5.0,3.0,6.5
October 28/29 & November 4/5,45.5,38.0,35.0,3.0,4.5,N/A,5.5,4.0,5.5
September 2/3 & 9/10,46.5,40.0,36.5,3.5,3.5,N/A,4.0,3.5,6.0
August 19/20 & 26/27,43.0,40.0,37.0,3.0,3.5,N/A,6.0,5.0,5.5
August 5/6 & 12/13,41.5,45.0,41.5,3.5,3.5,N/A,5.0,3.5,5.0
July 22/23 & 29/30,45.0,42.0,37.5,4.5,3.0,N/A,5.5,3.5,5.5
July 15/16,43.0,44.5,40.0,4.5,4.5,N/A,4.5,3.0,5.0
July 8/9,45.0,39.5,36.5,3.0,3.5,N/A,5.5,3.5,6.0
June 24/25 & July 1/2,45.0,36.5,33.0,3.5,4.0,N/A,6.0,4.5,7.5
June 10/11 & 17/18,48.5,37.0,33.5,3.5,3.0,N/A,5.5,4.5,5.0
May 27/28 & June 3/4,46.5,37.5,34.5,3.0,4.0,N/A,5.5,4.0,5.5
May 13/14 & 20/21,45.5,38.0,35.0,3.0,4.0,N/A,5.5,4.5,5.5
April 29/30 & May 6/7,46.0,38.5,35.0,3.5,3.5,N/A,6.0,4.5,5.0
April 15/16 & 22/23,45.0,40.0,36.5,3.5,3.5,N/A,5.0,4.5,5.5
April 1/2 & 8/9,46.0,39.0,36.0,3.0,3.5,N/A,6.5,3.0,5.0
March 18/19 & 25/26,43.0,41.0,37.5,3.5,3.5,N/A,5.5,4.0,6.5
March 4/5 & 11/12,46.0,41.5,37.0,4.5,3.5,N/A,5.5,2.5,5.5
February 26/27,45.0,43.0,38.0,5.0,3.5,N/A,5.0,3.0,5.5
February 19/20,46.5,40.0,36.5,3.5,3.0,N/A,5.0,3.5,5.5
February 5/6 & 12/13,46.0,39.5,36.0,3.5,3.5,N/A,5.5,3.5,5.5
January 22/23 & 29/30,47.0,41.5,37.5,4.0,3.0,N/A,5.5,3.5,3.5
January 8/9 & 15/16,46.0,42.0,38.0,4.0,3.0,N/A,5.5,3.5,4.0
December 11/12 & 18/19,44.5,41.0,37.5,3.5,4.0,N/A,6.0,4.0,4.0
November 27/28 & December 4/5,44.0,44.5,41.5,3.0,2.5,N/A,5.5,3.0,3.5
November 13/14 & 20/21,42.5,43.0,39.5,3.5,2.5,N/A,6.5,4.5,4.5
October 16/17 & 23/24,42.0,43.0,40.0,3.0,3.5,N/A,5.0,3.5,6.0
October 2/3 & 9/10,41.5,43.0,39.5,3.5,3.0,N/A,7.5,4.0,4.5
October 30/31 & November 6/7,42.0,44.0,40.5,3.5,2.5,N/A,6.5,3.5,5.0
September 18/19 & 25/26,41.0,43.0,39.5,3.5,4.0,N/A,6.5,4.5,4.5
September 4/5 & 11/12,41.0,44.0,40.0,4.0,2.5,N/A,7.0,4.0,5.5
August 21/22 & 28/29,44.5,44.0,40.0,4.0,2.5,N/A,6.5,4.0,2.5
July 31/Aug 1 to August 21/22,42.0,48.0,46.0,2.0,1.5,N/A,4.0,1.0,5.5
August 7/8 & 14/15,40.5,46.5,42.0,4.5,3.5,N/A,7.5,4.0,2.5
July 24/25 & 31/August 1,43.0,44.0,40.0,4.0,3.0,N/A,7.0,4.5,2.5
July 10/11 & 17/18,41.0,45.5,41.0,4.5,4.0,N/A,6.5,5.0,2.5
June 26/27 & July 3/4,43.0,47.0,40.5,6.5,4.5,N/A,6.5,3.5,2.0
June 12/13 & 19/20,44.5,42.0,38.5,3.5,3.0,N/A,6.5,4.5,3.0
May 29/30 & June 5/6,42.0,44.5,40.0,4.5,3.5,N/A,7.0,4.5,3.0
May 15/16 & 22/23,43.5,41.5,37.5,4.0,3.5,N/A,7.5,4.5,3.5
May 1/2 & 8/9,45.5,41.5,37.5,4.0,2.5,N/A,7.0,5.0,2.5
April 17/18 & 24/25,45.0,42.5,38.0,4.5,3.0,N/A,5.5,5.5,3.0
April 3/4 & 10/11,43.0,42.5,38.0,4.5,3.0,N/A,7.5,6.0,2.5
March 20/21 & 27/28,43.5,44.0,39.5,4.5,2.0,N/A,7.5,4.5,3.0
March 6/7 & 13/14,43.5,42.5,37.5,5.0,3.5,N/A,6.5,5.0,4.0
February 20/21 & 27/28,41.0,46.5,42.0,4.5,3.0,N/A,7.0,4.5,2.5
February 6/7 & 13/14,42.0,46.0,42.0,4.0,3.0,N/A,7.5,3.0,2.5
January 23/24 & 30/31,43.5,44.5,40.0,4.5,2.5,N/A,6.0,5.5,2.5
January 9/10 & 16/17,43.5,44.0,39.5,4.5,2.0,N/A,7.5,5.0,2.5
December 5/6 & 12/13,41.5,45.5,41.0,4.5,3.5,N/A,6.5,6.0,1.5
November 21/22 & 28/29,44.5,42.0,38.0,4.0,2.0,N/A,7.0,5.5,3.0
November 7/8 & 14/15,42.5,45.0,41.0,4.0,2.5,N/A,6.5,5.0,2.5
October 24/25 & October 31/November 1,43.5,42.0,38.0,4.0,2.5,N/A,7.5,6.0,2.5
October 10/11 & 17/18,41.0,45.5,40.5,5.0,2.5,N/A,9.0,5.5,1.5
"Federal Election - October 3, 1998 1",40.1,44.8,39.5,5.3,2.2,N/A,5.1,8.4,4.7
September 23/24#,39.0,47.0,43.0,4.0,3.0,N/A,6.0,6.0,3.0
September 19/20,46.5,42.0,37.5,4.5,2.5,N/A,4.5,7.0,2.0
September 12/13,44.5,41.5,38.5,3.0,1.5,N/A,4.0,8.5,3.0
September 5/6,43.0,40.5,37.5,3.0,3.0,N/A,3.5,9.5,3.5
August 29/30,42.0,39.0,37.0,2.0,3.0,N/A,4.5,9.0,4.5
August 22/23,43.0,40.0,35.5,4.5,2.5,N/A,4.5,11.0,3.5
August 15/16,43.5,41.0,37.0,4.0,2.0,N/A,4.0,10.0,3.5
August 1/2 & 8/9,44.0,33.0,30.5,2.5,2.0,N/A,5.0,13.5,5.0
July 18/19 & 25/26,41.0,33.0,33.0,N/A,2.5,N/A,4.5,14.0,5.0
July 4/5 & 11/12***,42.5,32.0,32.0,N/A,2.5,N/A,4.5,14.5,4.0
June 24/25 & July 1/2,42.0,35.0,35.0,N/A,2.0,N/A,4.0,12.0,5.0
June 17/18,39.5,35.0,35.0,N/A,2.5,N/A,5.0,14.5,3.5
June 3/4 & 10/11,40.5,39.5,39.5,N/A,2.5,N/A,5.0,9.5,3.0
May 20/21 & 27/28,43.5,39.5,39.5,N/A,3.0,N/A,4.5,6.0,3.5
May 6/7 & 13/14,42.0,42.0,42.0,N/A,2.5,N/A,5.5,4.0,4.0
April 29/30,41.5,41.0,41.0,N/A,3.0,N/A,5.0,6.0,3.5
April 22/23,42.0,38.5,38.5,N/A,3.5,N/A,5.5,6.5,4.0
April 15/16,36.0,43.0,43.0,N/A,3.5,N/A,7.5,4.5,5.5
April 1/2 & 8/9,40.0,41.5,41.5,N/A,2.5,N/A,5.5,6.0,4.5
March 18/19 & 25/26,40.0,42.0,42.0,N/A,3.0,N/A,4.5,5.0,5.5
March 4/5 & 11/12,41.5,41.5,41.5,N/A,2.0,N/A,5.0,4.5,5.5
February 18/19 & 25/26,44.5,40.5,40.5,N/A,2.0,N/A,4.5,4.5,4.0
February 4/5 & 11/12,43.0,39.5,39.5,N/A,2.0,N/A,6.0,5.5,4.0
January 21/22 & 28/29,44.5,39.5,39.5,N/A,2.5,N/A,5.0,5.5,3.0
January 7/8 & 14/15,41.5,41.5,41.5,N/A,3.0,N/A,5.0,5.5,3.5
December 3/4 & 10/11,41.0,43.0,43.0,N/A,2.5,N/A,5.5,5.0,3.0
November 19/20 & 26/27 (ALP high),46.0,37.5,37.5,N/A,2.5,N/A,6.0,4.5,3.5
November 5/6 & 12/13,43.5,38.5,38.5,N/A,2.5,N/A,6.0,4.5,5.0
October 22/23 & 29/30,43.5,38.5,38.5,N/A,2.0,N/A,6.0,6.0,4.0
October 15/16,42.5,38.0,38.0,N/A,1.5,N/A,6.5,6.0,5.5
October 1/2 & 8/9,32.0,46.5,46.5,N/A,2.0,N/A,8.5,7.5,3.5
September 24/25,40.0,41.5,41.5,N/A,2.0,N/A,6.0,8.0,2.5
September 17/18,37.0,41.0,41.0,N/A,3.5,N/A,6.5,8.0,4.0
September 3/4 & 10/11,36.0,41.5,41.5,N/A,2.0,N/A,7.5,8.5,4.5
August 20/21 & 27/28,36.5,40.5,40.5,N/A,3.0,N/A,7.0,8.0,5.0
August 13/14 & 16,33.0,43.0,43.0,N/A,3.0,N/A,7.5,8.0,5.5
August 6/7(L-NP low),40.5,35.0,35.0,N/A,1.5,N/A,9.0,10.0,4.0
July 23/24 & 30/31,36.0,40.5,40.5,N/A,3.5,N/A,8.0,8.0,4.0
July 9/10 & 16/17,35.5,42.0,42.0,N/A,3.5,N/A,6.5,8.0,4.5
June 25/26 & July 2/3,34.0,40.5,40.5,N/A,3.0,N/A,7.5,10.0,5.0
June 11/12 & 18/19,34.0,42.0,42.0,N/A,2.5,N/A,6.5,11.0,4.0
May 28/29 & June 4/5,34.0,41.5,41.5,N/A,3.0,N/A,8.5,9.0,4.0
May 21/22,32.5,41.5,41.5,N/A,2.5,N/A,6.0,12.0,5.5
May 11 & 14/15,35.5,38.5,38.5,N/A,2.5,N/A,6.0,12.5,5.0
April 30/May 1 & 7/8 (ALP low),30.0,42.0,42.0,N/A,2.5,N/A,6.0,13.5,6.0
April 16/17 & 22/23,34.5,40.0,40.0,N/A,3.0,N/A,7.5,10.0,5.0
April 2/3 & 9/10,35.5,48.0,48.0,N/A,3.0,N/A,7.0,N/A,6.5
March 25/26,35.0,43.5,43.5,N/A,4.0,N/A,10.0,N/A,7.5
March 19/20,35.5,49.5,49.5,N/A,1.5,N/A,6.5,N/A,7.0
March 5/6 & 12/13,34.5,50.0,50.0,N/A,2.0,N/A,7.5,N/A,6.0
February 19/20 & 26/27,36.0,47.0,47.0,N/A,2.5,N/A,7.5,N/A,7.0
February 5/6 & 12/13,36.0,46.0,46.0,N/A,4.0,N/A,7.0,N/A,7.0
January 22/23 & 29/30,32.5,49.0,49.0,N/A,3.0,N/A,10.5,N/A,5.0
January 8/9 & 15/16,34.5,49.5,49.5,N/A,2.0,N/A,6.5,N/A,7.5
December 11/12 & 18/19,36.5,48.0,48.0,N/A,2.0,N/A,7.5,N/A,6.0
November 28/29 & December 4/5,35.0,48.0,48.0,N/A,2.5,N/A,8.0,N/A,6.5
November 13/14 & 20/21,35.0,48.0,48.0,N/A,2.5,N/A,8.5,N/A,6.0
October 30/31& November 6/7,34.0,49.0,49.0,N/A,3.0,N/A,8.0,N/A,6.0
October 23/24,33.0,49.5,49.5,N/A,2.5,N/A,7.0,N/A,8.0
October 2/3 & 9/10,34.0,49.0,49.0,N/A,3.5,N/A,9.0,N/A,4.5
September 18/19 & 25/26,35.0,50.0,50.0,N/A,2.5,N/A,7.5,N/A,5.0
September 4/5 & 11/12,37.5,46.0,46.0,N/A,3.0,N/A,9.5,N/A,4.0
August 22 & 28/29,33.5,49.5,49.5,N/A,3.5,N/A,9.0,N/A,4.5
August 7/8 & 14/15,34.0,50.0,50.0,N/A,3.5,N/A,8.0,N/A,4.5
July 24/25 & July 31/August 1,33.5,51.0,51.0,N/A,3.5,N/A,7.5,N/A,4.5
July 10/11 & 17/18,34.0,51.0,51.0,N/A,2.5,N/A,7.5,N/A,5.0
June 29 & July 3/4,34.0,50.5,50.5,N/A,3.0,N/A,7.5,N/A,5.0
June 22,38.0,50.5,50.5,N/A,1.5,N/A,6.5,N/A,3.5
June 1**,34.5,50.0,50.0,N/A,2.5,N/A,9.5,N/A,3.5
May 11/18*,35.5,49.5,49.5,N/A,3.5,N/A,7.5,N/A,4.0
April 27/28-May 4/5 (L-NP high)*,33.5,51.5,51.5,N/A,3.5,N/A,8.5,N/A,3.0
April 13/20*,38.0,48.0,48.0,N/A,3.5,N/A,7.5,N/A,3.0
March 30/April 6*,37.0,49.5,49.5,N/A,3.5,N/A,7.5,N/A,2.5
March 16/23,36.5,49.5,49.5,N/A,3.0,0.0,7.5,N/A,3.5
"Federal Election - March 2, 1996",38.8,47.3,38.7,8.6,2.9,N/A,6.8,N/A,4.2
"Federal Election - March 13, 1993",44.9,44.3,37.1,7.2,1.9,N/A,3.8,N/A,5.1
"Federal Election - March 24, 1990",39.4,43.4,35.0,8.4,< 0.5,N/A,11.3,N/A,5.9
"Federal Election - July 11, 1987",45.8,45.9,34.4,11.5,N/A,N/A,6.0,N/A,2.3
"Federal Election - December 1, 1984",47.6,44.7,34.1,10.6,N/A,N/A,5.5,N/A,2.2
"Federal Election - March 5, 1983",49.5,43.6,34.4,9.2,N/A,N/A,5.0,N/A,1.9
"Federal Election - October 18, 1980",45.2,46.4,37.4,9.0,N/A,N/A,6.6,N/A,1.8
"Federal Election - December 10, 1977",39.7,48.1,38.1,10.0,N/A,N/A,9.4,N/A,2.8
"Federal Election - December 13, 1975",42.8,53.1,41.8,11.3,N/A,N/A,< 0.5,N/A,4.1
"Federal Election - May 18, 1974",49.3,45.0,35.0,10.0,N/A,N/A,2.3,N/A,3.4
"Federal Election - December 2, 1972",49.6,41.4,32.0,9.4,N/A,N/A,2.4,N/A,6.6
"Federal Election - October 25, 1969",47.0,43.4,34.8,8.6,N/A,N/A,0.9,N/A,8.7
"Federal Election - November 26, 1966",40.0,49.9,40.1,9.8,N/A,N/A,N/A,N/A,10.1
"Federal Election - November 30, 1963",45.5,46.0,37.1,8.9,N/A,N/A,N/A,N/A,8.5
"Federal Election - December 9, 1961",47.9,42.1,33.6,8.5,N/A,N/A,N/A,N/A,10.0
"Federal Election - November 22, 1958",42.8,46.5,37.2,9.3,N/A,N/A,N/A,N/A,10.7
"Federal Election - December 10, 1955",44.6,47.6,39.7,7.9,N/A,N/A,N/A,N/A,7.8
"Federal Election - May 29, 1954",50.0,46.8,38.3,8.5,N/A,N/A,N/A,N/A,3.2
"Federal Election - April 28, 1951",47.6,50.3,40.6,9.7,N/A,N/A,N/A,N/A,2.1
"Federal Election - December 10, 1949",46.0,50.3,39.4,10.9,N/A,N/A,N/A,N/A,3.7
"Federal Election - September 28, 1946",49.7,43.7,32.3,11.4,N/A,N/A,N/A,N/A,6.6
"Federal Election - August 21, 1943",49.9,32.1,19.6,12.5,N/A,N/A,N/A,N/A,18.0
"Federal Election - September 21, 1940",40.2,43.9,30.2,13.7,N/A,N/A,N/A,N/A,15.9
"Federal Election - October 23, 1937",43.2,50.0,34.4,15.6,N/A,N/A,N/A,N/A,6.8
"Federal Election - September 15, 1934",41.2,49.6,37.0,12.6,N/A,N/A,N/A,N/A,9.2
"Federal Election - December 19, 1931",37.7,48.4,36.1,12.3,N/A,N/A,N/A,N/A,13.9
"Federal Election - October 12, 1929",48.8,45.1,33.9,11.2,N/A,N/A,N/A,N/A,2.2
"Federal Election - November 17, 1928",44.6,51.2,39.1,12.1,N/A,N/A,N/A,N/A,4.2
"Federal Election - November 14, 1925",45.0,53.2,42.5,10.7,N/A,N/A,N/A,N/A,1.8
"Federal Election - December 16, 1922",42.3,52.5,39.9,12.6,N/A,N/A,N/A,N/A,5.2
"Federal Election - December 13, 1919",42.5,54.4,45.1,9.3,N/A,N/A,N/A,N/A,3.1
"Federal Election - May 5, 1917",43.9,54.2,54.2,N/A,N/A,N/A,N/A,N/A,1.9
"Federal Election - September 5, 1914",50.9,47.2,47.2,N/A,N/A,N/A,N/A,N/A,1.9
"Federal Election - May 31, 1913",48.5,48.9,48.9,N/A,N/A,N/A,N/A,N/A,2.6
"Federal Election - April 13, 1910",50.0,45.1,45.1,N/A,N/A,N/A,N/A,N/A,4.9
"Federal Election - December 12, 1906",36.6,38.2,38.2,N/A,N/A,N/A,N/A,N/A,25.2
"Federal Election - December 16, 1903",31.0,34.9,34.9,N/A,N/A,N/A,N/A,N/A,34.1
"Federal Election - March 29/30, 1901",15.8,30.0,30.0,N/A,N/A,N/A,N/A,N/A,54.2
