Division,State,Party,Coalition_2PP_percent,Labor_2PP_percent,Swing,Year,Labor_2PP_minus_Coalition_2PP,New_swing
Adelaide,SA,ALP,48.67,51.33,-1.95,2004,1.33,1.95
Aston,VIC,LP,63.15,36.85,7.13,2004,-13.15,-7.13
Ballarat,VIC,ALP,47.77,52.23,1.02,2004,2.23,-1.02
Banks,NSW,ALP,48.94,51.06,1.83,2004,1.06,-1.83
Barker,SA,LP,69.88,30.12,3.25,2004,-19.88,-3.25
Barton,NSW,ALP,42.46,57.54,-1.52,2004,7.54,1.52
Bass,TAS,LP,52.63,47.37,4.69,2004,-2.63,-4.69
Cooper (fmr Batman),VIC,ALP,28.68,71.32,3.75,2004,21.32,-3.75
Bendigo,VIC,ALP,49.04,50.96,2.59,2004,0.96,-2.59
Bennelong,NSW,LP,54.33,45.67,-3.38,2004,-4.33,3.38
Berowra,NSW,LP,62.16,37.84,-3.49,2004,-12.16,3.49
Blair,QLD,LP,61.21,38.79,4.59,2004,-11.21,-4.59
Blaxland,NSW,ALP,37.13,62.87,2.34,2004,12.87,-2.34
Bonner,QLD,LP,50.51,49.49,2.4,2004,-0.51,-2.4
Boothby,SA,LP,55.37,44.63,-2,2004,-5.37,2
Bowman,QLD,LP,59.12,40.88,6.06,2004,-9.12,-6.06
Braddon,TAS,LP,51.13,48.87,7.09,2004,-1.13,-7.09
Bradfield,NSW,LP,68.51,31.49,-2.65,2004,-18.51,2.65
Brand,WA,ALP,45.35,54.65,5.4,2004,4.65,-5.4
Brisbane,QLD,ALP,46.1,53.9,-2.87,2004,3.9,2.87
Bruce,VIC,ALP,46.52,53.48,3,2004,3.48,-3
Calare,NSW,LP,51.1,48.9,-0.6346,2004,-1.1,0.6346
Calwell,VIC,ALP,41.81,58.19,7.04,2004,8.19,-7.04
Canberra,ACT,ALP,40.38,59.62,-0.18,2004,9.62,0.18
Canning,WA,LP,59.54,40.46,9.16,2004,-9.54,-9.16
Capricornia,QLD,ALP,44.86,55.14,0.38,2004,5.14,-0.38
Casey,VIC,LP,61.35,38.65,4.15,2004,-11.35,-4.15
Charlton,NSW,ALP,42.08,57.92,-1.26,2004,7.92,1.26
Chifley,NSW,ALP,37.02,62.98,2.31,2004,12.98,-2.31
Chisholm,VIC,ALP,47.35,52.65,0.03,2004,2.65,-0.03
Cook,NSW,LP,63.82,36.18,-0.18,2004,-13.82,0.18
Corangamite,VIC,LP,55.32,44.68,-0.05,2004,-5.32,0.05
Corio,VIC,ALP,44.36,55.64,2.87,2004,5.64,-2.87
Cowan,WA,ALP,49.22,50.78,4.73,2004,0.78,-4.73
Cowper,NSW,NP,56.45,43.55,1.72,2004,-6.45,-1.72
Cunningham,NSW,ALP,38.54,61.46,-0.81,2004,11.46,0.81
Curtin,WA,LP,64.62,35.38,0.71,2004,-14.62,-0.71
Dawson,QLD,NP,60.38,39.62,2.39,2004,-10.38,-2.39
Deakin,VIC,LP,54.97,45.03,3.37,2004,-4.97,-3.37
Clark (fmr Denison),TAS,ALP,36.71,63.29,0.97,2004,13.29,-0.97
Dickson,QLD,LP,57.83,42.17,1.81,2004,-7.83,-1.81
Dobell,NSW,LP,55.9,44.1,5.52,2004,-5.9,-5.52
Dunkley,VIC,LP,59.38,40.62,4.16,2004,-9.38,-4.16
Eden-Monaro,NSW,LP,52.14,47.86,0.45,2004,-2.14,-0.45
Fadden,QLD,LP,65.28,34.72,2.16,2004,-15.28,-2.16
Fairfax,QLD,LP,60.83,39.17,1.65,2004,-10.83,-1.65
Farrer,NSW,LP,69.82,30.18,3.45,2004,-19.82,-3.45
Fisher,QLD,LP,62.98,37.02,1.21,2004,-12.98,-1.21
Flinders,VIC,LP,61.11,38.89,3.67,2004,-11.11,-3.67
Forde,QLD,LP,62.98,37.02,6,2004,-12.98,-6
Forrest,WA,LP,60.45,39.55,2.84,2004,-10.45,-2.84
Fowler,NSW,ALP,28.64,71.36,0.13,2004,21.36,-0.13
Franklin,TAS,ALP,42.41,57.59,0.45,2004,7.59,-0.45
Fenner (fmr Fraser),ACT,ALP,36.67,63.33,-0.64,2004,13.33,0.64
Fremantle,WA,ALP,42.24,57.76,2.91,2004,7.76,-2.91
Gellibrand,VIC,ALP,35.05,64.95,5.46,2004,14.95,-5.46
Gilmore,NSW,LP,60.08,39.92,-4.55,2004,-10.08,4.55
Gippsland,VIC,NP,57.7,42.3,5.12,2004,-7.7,-5.12
Goldstein,VIC,LP,60.03,39.97,0.53,2004,-10.03,-0.53
Gorton,VIC,ALP,35.1,64.9,5.07,2004,14.9,-5.07
Grayndler,NSW,ALP,27.4,72.6,-1.31,2004,22.6,1.31
Greenway,NSW,LP,50.58,49.42,3.69,2004,-0.58,-3.69
Grey,SA,LP,63.82,36.18,3.17,2004,-13.82,-3.17
Griffith,QLD,ALP,41.37,58.63,-2.48,2004,8.63,2.48
Groom,QLD,LP,68.95,31.05,3.86,2004,-18.95,-3.86
Gwydir,NSW,NP,68.39,31.61,3.51,2004,-18.39,-3.51
Hasluck,WA,LP,51.82,48.18,3.6,2004,-1.82,-3.6
Herbert,QLD,LP,56.2,43.8,4.67,2004,-6.2,-4.67
Higgins,VIC,LP,58.76,41.24,0.37,2004,-8.76,-0.37
Hindmarsh,SA,ALP,49.94,50.06,-1.02,2004,0.06,1.02
Hinkler,QLD,NP,54.81,45.19,2.66,2004,-4.81,-2.66
Holt,VIC,ALP,48.49,51.51,6.4,2004,1.51,-6.4
Hotham,VIC,ALP,42.6,57.4,3.59,2004,7.4,-3.59
Hughes,NSW,LP,61.04,38.96,0.63,2004,-11.04,-0.63
Hume,NSW,LP,64.13,35.87,4.34,2004,-14.13,-4.34
Hunter,NSW,ALP,36.25,63.75,-2.89,2004,13.75,2.89
Indi,VIC,LP,66.29,33.71,5.59,2004,-16.29,-5.59
Isaacs,VIC,ALP,48.52,51.48,5.14,2004,1.48,-5.14
Jagajaga,VIC,ALP,45.6,54.4,0.88,2004,4.4,-0.88
Kalgoorlie,WA,LP,56.3,43.7,1.96,2004,-6.3,-1.96
Kennedy,QLD,NP,58.95,41.05,0.4993,2004,-8.95,-0.4993
Kingsford Smith,NSW,ALP,40.99,59.01,-0.11,2004,9.01,0.11
Kingston,SA,LP,50.07,49.93,1.42,2004,-0.07,-1.42
Kooyong,VIC,LP,59.58,40.42,-1.36,2004,-9.58,1.36
La Trobe,VIC,LP,55.83,44.17,2.16,2004,-5.83,-2.16
Lalor,VIC,ALP,41.21,58.79,3.27,2004,8.79,-3.27
Leichhardt,QLD,LP,60,40,3.61,2004,-10,-3.61
Lilley,QLD,ALP,44.73,55.27,-0.7,2004,5.27,0.7
Lindsay,NSW,LP,55.26,44.74,-0.21,2004,-5.26,0.21
Lingiari,NT,ALP,42.34,57.66,-2.37,2004,7.66,2.37
Longman,QLD,LP,57.66,42.34,5.14,2004,-7.66,-5.14
Lowe,NSW,ALP,46.7,53.3,0.51,2004,3.3,-0.51
Lyne,NSW,NP,63.03,36.97,1.79,2004,-13.03,-1.79
Lyons,TAS,ALP,46.32,53.68,4.49,2004,3.68,-4.49
Macarthur,NSW,LP,59.51,40.49,2.55,2004,-9.51,-2.55
Mackellar,NSW,LP,65.75,34.25,-1.12,2004,-15.75,1.12
Macquarie,NSW,LP,58.92,41.08,0.25,2004,-8.92,-0.25
Makin,SA,LP,50.93,49.07,-2.73,2004,-0.93,2.73
Mallee,VIC,NP,74.75,25.25,3.89,2004,-24.75,-3.89
Maranoa,QLD,NP,70.93,29.07,5.55,2004,-20.93,-5.55
Maribyrnong,VIC,ALP,40.53,59.47,5.96,2004,9.47,-5.96
Mayo,SA,LP,63.59,36.41,-0.7201,2004,-13.59,0.7201
McEwen,VIC,LP,56.42,43.58,4.1,2004,-6.42,-4.1
Monash (fmr McMillan),VIC,LP,54.99,45.01,2.15,2004,-4.99,-2.15
McPherson,QLD,LP,63.89,36.11,1.72,2004,-13.89,-1.72
Melbourne,VIC,ALP,28.86,71.14,-1.26,2004,21.14,1.26
Macnamara (fmr Melbourne Ports),VIC,ALP,46.26,53.74,1.95,2004,3.74,-1.95
Menzies,VIC,LP,60.67,39.33,1.76,2004,-10.67,-1.76
Mitchell,NSW,LP,70.68,29.32,-0.64,2004,-20.68,0.64
Moncrieff,QLD,LP,70.14,29.86,3.8,2004,-20.14,-3.8
Moore,WA,LP,60.83,39.17,4.79,2004,-10.83,-4.79
Moreton,QLD,LP,54.17,45.83,1.61,2004,-4.17,-1.61
Nicholls (fmr Murray),VIC,LP,74.08,25.92,2.14,2004,-24.08,-2.14
New England,NSW,NP,63.21,36.79,-0.6387,2004,-13.21,0.6387
Newcastle,NSW,ALP,40.02,59.98,-3.07,2004,9.98,3.07
North Sydney,NSW,LP,60.03,39.97,-3.19,2004,-10.03,3.19
O'Connor,WA,LP,70.39,29.61,1.3,2004,-20.39,-1.3
Oxley,QLD,ALP,40.28,59.72,-1.76,2004,9.72,1.76
Page,NSW,NP,54.23,45.77,1.46,2004,-4.23,-1.46
Parkes,NSW,NP,64.4,35.6,5.66,2004,-14.4,-5.66
Parramatta,NSW,ALP,49.23,50.77,-1.92,2004,0.77,1.92
Paterson,NSW,LP,56.97,43.03,5.55,2004,-6.97,-5.55
Pearce,WA,LP,62.94,37.06,6.06,2004,-12.94,-6.06
Perth,WA,ALP,43.27,56.73,4.48,2004,6.73,-4.48
Petrie,QLD,LP,57.92,42.08,4.44,2004,-7.92,-4.44
Port Adelaide,SA,ALP,37.09,62.91,3.09,2004,12.91,-3.09
Prospect,NSW,ALP,42.88,57.12,5.69,2004,7.12,-5.69
Rankin,QLD,ALP,46.77,53.23,-0.81,2004,3.23,0.81
Reid,NSW,ALP,37.23,62.77,4.1,2004,12.77,-4.1
Richmond,NSW,ALP,49.81,50.19,-1.87,2004,0.19,1.87
Riverina,NSW,NP,70.66,29.34,0.79,2004,-20.66,-0.79
Robertson,NSW,LP,56.81,43.19,-0.17,2004,-6.81,0.17
Ryan,QLD,LP,60.42,39.58,0.86,2004,-10.42,-0.86
Scullin,VIC,ALP,35.21,64.79,5.45,2004,14.79,-5.45
Shortland,NSW,ALP,40.51,59.49,-0.71,2004,9.49,0.71
Solomon,NT,CLP,52.81,47.19,2.72,2004,-2.81,-2.72
Stirling,WA,LP,52.04,47.96,3.62,2004,-2.04,-3.62
Sturt,SA,LP,56.8,43.2,-1.69,2004,-6.8,1.69
Swan,WA,ALP,49.92,50.08,1.96,2004,0.08,-1.96
Sydney,NSW,ALP,33.58,66.42,-1.38,2004,16.42,1.38
Tangney,WA,LP,61.75,38.25,3.78,2004,-11.75,-3.78
Throsby,NSW,ALP,35,65,0.1,2004,15,-0.1
Spence (fmr Wakefield),SA,LP,50.67,49.33,1.93,2004,-0.67,-1.93
Wannon,VIC,LP,62.37,37.63,3.14,2004,-12.37,-3.14
Warringah,NSW,LP,60.48,39.52,-2.18,2004,-10.48,2.18
Watson,NSW,ALP,34.86,65.14,2.17,2004,15.14,-2.17
Wentworth,NSW,LP,55.48,44.52,-2.38,2004,-5.48,2.38
Werriwa,NSW,ALP,40.69,59.31,-0.82,2004,9.31,0.82
Wide Bay,QLD,NP,62.89,37.11,2.99,2004,-12.89,-2.99
Wills,VIC,ALP,33.1,66.9,3.67,2004,16.9,-3.67
Adelaide,SA,ALP,41.47,58.53,-7.2,2007,8.53,7.2
Aston,VIC,LP,55.05,44.95,-8.1,2007,-5.05,8.1
Ballarat,VIC,ALP,41.85,58.15,-5.92,2007,8.15,5.92
Banks,NSW,ALP,38.92,61.08,-7.86,2007,11.08,7.86
Barker,SA,LP,59.45,40.55,-10.43,2007,-9.45,10.43
Barton,NSW,ALP,37.9,62.1,-4.53,2007,12.1,4.53
Bass,TAS,ALP,49,51,-3.63,2007,1,3.63
Cooper (fmr Batman),VIC,ALP,24.05,75.95,-4.63,2007,25.95,4.63
Bendigo,VIC,ALP,43.87,56.13,-5.17,2007,6.13,5.17
Bennelong,NSW,ALP,48.6,51.4,-5.53,2007,1.4,5.53
Berowra,NSW,LP,58.94,41.06,-4.88,2007,-8.94,4.88
Blair,QLD,ALP,45.52,54.48,-10.17,2007,4.48,10.17
Blaxland,NSW,ALP,31.63,68.37,-3.14,2007,18.37,3.14
Bonner,QLD,ALP,45.47,54.53,-5.04,2007,4.53,5.04
Boothby,SA,LP,52.93,47.07,-2.44,2007,-2.93,2.44
Bowman,QLD,LP,50.04,49.96,-8.86,2007,-0.04,8.86
Braddon,TAS,ALP,48.56,51.44,-2.57,2007,1.44,2.57
Bradfield,NSW,LP,63.45,36.55,-4.1,2007,-13.45,4.1
Brand,WA,ALP,44.38,55.62,-0.97,2007,5.62,0.97
Brisbane,QLD,ALP,43.24,56.76,-2.82,2007,6.76,2.82
Bruce,VIC,ALP,41.68,58.32,-4.84,2007,8.32,4.84
Calare,NSW,NP,62.05,37.95,0.64,2007,-12.05,-0.64
Calwell,VIC,ALP,30.67,69.33,-11.14,2007,19.33,11.14
Canberra,ACT,ALP,38.18,61.82,-1.91,2007,11.82,1.91
Canning,WA,LP,55.58,44.42,-3.96,2007,-5.58,3.96
Capricornia,QLD,ALP,37.29,62.71,-8.7,2007,12.71,8.7
Casey,VIC,LP,55.93,44.07,-5.42,2007,-5.93,5.42
Charlton,NSW,ALP,37.13,62.87,-4.47,2007,12.87,4.47
Chifley,NSW,ALP,29.34,70.66,-8.69,2007,20.66,8.69
Chisholm,VIC,ALP,42.62,57.38,-4.73,2007,7.38,4.73
Cook,NSW,LP,56.57,43.43,-6.71,2007,-6.57,6.71
Corangamite,VIC,ALP,49.15,50.85,-6.17,2007,0.85,6.17
Corio,VIC,ALP,41.07,58.93,-3.29,2007,8.93,3.29
Cowan,WA,LP,51.71,48.29,2.49,2007,-1.71,-2.49
Cowper,NSW,NP,51.23,48.77,-5.52,2007,-1.23,5.52
Cunningham,NSW,ALP,31.87,68.13,-6.51,2007,18.13,6.51
Curtin,WA,LP,63.57,36.43,-1.05,2007,-13.57,1.05
Dawson,QLD,ALP,46.79,53.21,-13.2,2007,3.21,13.2
Deakin,VIC,ALP,48.59,51.41,-6.38,2007,1.41,6.38
Clark (fmr Denison),TAS,ALP,34.37,65.63,-2.34,2007,15.63,2.34
Dickson,QLD,LP,50.13,49.87,-8.76,2007,-0.13,8.76
Dobell,NSW,ALP,46.1,53.9,-8.74,2007,3.9,8.74
Dunkley,VIC,LP,54.04,45.96,-5.34,2007,-4.04,5.34
Eden-Monaro,NSW,ALP,46.6,53.4,-6.67,2007,3.4,6.67
Fadden,QLD,LP,60.2,39.8,-5.7,2007,-10.2,5.7
Fairfax,QLD,LP,53.01,46.99,-9.4,2007,-3.01,9.4
Farrer,NSW,LP,61.17,38.83,-5.46,2007,-11.17,5.46
Fisher,QLD,LP,53.1,46.9,-7.88,2007,-3.1,7.88
Flinders,VIC,LP,58.25,41.75,-2.86,2007,-8.25,2.86
Flynn,QLD,ALP,49.84,50.16,-7.88,2007,0.16,7.88
Forde,QLD,ALP,47.09,52.91,-14.43,2007,2.91,14.43
Forrest,WA,LP,55.83,44.17,-4.62,2007,-5.83,4.62
Fowler,NSW,ALP,31.75,68.25,-4.93,2007,18.25,4.93
Franklin,TAS,ALP,45.52,54.48,3.11,2007,4.48,-3.11
Fenner (fmr Fraser),ACT,ALP,34.93,65.07,-1.75,2007,15.07,1.75
Fremantle,WA,ALP,40.86,59.14,-1.38,2007,9.14,1.38
Gellibrand,VIC,ALP,28.54,71.46,-6.51,2007,21.46,6.51
Gilmore,NSW,LP,54.07,45.93,-5.34,2007,-4.07,5.34
Gippsland,VIC,NP,55.91,44.09,-1.79,2007,-5.91,1.79
Goldstein,VIC,LP,56.05,43.95,-3.98,2007,-6.05,3.98
Gorton,VIC,ALP,28.78,71.22,-6.32,2007,21.22,6.32
Grayndler,NSW,ALP,25.07,74.93,-3.74,2007,24.93,3.74
Greenway,NSW,LP,54.5,45.5,-6.85,2007,-4.5,6.85
Grey,SA,LP,54.43,45.57,-9.39,2007,-4.43,9.39
Griffith,QLD,ALP,37.68,62.32,-3.84,2007,12.32,3.84
Groom,QLD,LP,58.22,41.78,-10.59,2007,-8.22,10.59
Hasluck,WA,ALP,48.74,51.26,-3.08,2007,1.26,3.08
Herbert,QLD,LP,50.21,49.79,-6.03,2007,-0.21,6.03
Higgins,VIC,LP,57.04,42.96,-1.72,2007,-7.04,1.72
Hindmarsh,SA,ALP,44.95,55.05,-4.99,2007,5.05,4.99
Hinkler,QLD,NP,51.69,48.31,-6.65,2007,-1.69,6.65
Holt,VIC,ALP,38.37,61.63,-10.12,2007,11.63,10.12
Hotham,VIC,ALP,37,63,-5.6,2007,13,5.6
Hughes,NSW,LP,52.16,47.84,-6.39,2007,-2.16,6.39
Hume,NSW,LP,54.16,45.84,-8.68,2007,-4.16,8.68
Hunter,NSW,ALP,34.08,65.92,-4.83,2007,15.92,4.83
Indi,VIC,LP,59.19,40.81,-7.1,2007,-9.19,7.1
Isaacs,VIC,ALP,42.31,57.69,-6.21,2007,7.69,6.21
Jagajaga,VIC,ALP,41.02,58.98,-4.58,2007,8.98,4.58
Kalgoorlie,WA,LP,52.58,47.42,-3.72,2007,-2.58,3.72
Kennedy,QLD,NP,57.51,42.49,-1.35,2007,-7.51,1.35
Kingsford Smith,NSW,ALP,36.71,63.29,-4.56,2007,13.29,4.56
Kingston,SA,ALP,45.58,54.42,-4.49,2007,4.42,4.49
Kooyong,VIC,LP,59.53,40.47,-0.05,2007,-9.53,0.05
La Trobe,VIC,LP,50.51,49.49,-5.32,2007,-0.51,5.32
Lalor,VIC,ALP,34.47,65.53,-6.74,2007,15.53,6.74
Leichhardt,QLD,ALP,45.97,54.03,-14.29,2007,4.03,14.29
Lilley,QLD,ALP,41.41,58.59,-3.19,2007,8.59,3.19
Lindsay,NSW,ALP,43.22,56.78,-9.7,2007,6.78,9.7
Lingiari,NT,ALP,38.84,61.16,-3.5,2007,11.16,3.5
Longman,QLD,ALP,46.43,53.57,-10.32,2007,3.57,10.32
Lowe,NSW,ALP,42.63,57.37,-4.34,2007,7.37,4.34
Lyne,NSW,NP,58.58,41.42,-4.83,2007,-8.58,4.83
Lyons,TAS,ALP,41.22,58.78,-5.1,2007,8.78,5.1
Macarthur,NSW,LP,50.72,49.28,-10.43,2007,-0.72,10.43
Mackellar,NSW,LP,62.42,37.58,-3.04,2007,-12.42,3.04
Macquarie,NSW,ALP,42.96,57.04,-6.57,2007,7.04,6.57
Makin,SA,ALP,42.3,57.7,-8.63,2007,7.7,8.63
Mallee,VIC,NP,71.27,28.73,-3.48,2007,-21.27,3.48
Maranoa,QLD,NP,64.44,35.56,-6.61,2007,-14.44,6.61
Maribyrnong,VIC,ALP,34.68,65.32,-5.85,2007,15.32,5.85
Mayo,SA,LP,57.06,42.94,-6.53,2007,-7.06,6.53
McEwen,VIC,LP,50.02,49.98,-6.4,2007,-0.02,6.4
Monash (fmr McMillan),VIC,LP,54.79,45.21,-0.2,2007,-4.79,0.2
McPherson,QLD,LP,58.83,41.17,-5.11,2007,-8.83,5.11
Melbourne,VIC,ALP,27.73,72.27,-1.13,2007,22.27,1.13
Macnamara (fmr Melbourne Ports),VIC,ALP,42.85,57.15,-3.41,2007,7.15,3.41
Menzies,VIC,LP,56.02,43.98,-4.65,2007,-6.02,4.65
Mitchell,NSW,LP,61.59,38.41,-9.09,2007,-11.59,9.09
Moncrieff,QLD,LP,64.01,35.99,-5.52,2007,-14.01,5.52
Moore,WA,LP,59.17,40.83,-1.66,2007,-9.17,1.66
Moreton,QLD,ALP,45.25,54.75,-7.58,2007,4.75,7.58
Nicholls (fmr Murray),VIC,LP,68.26,31.74,-5.82,2007,-18.26,5.82
New England,NSW,NP,64.8,35.2,1.21,2007,-14.8,-1.21
Newcastle,NSW,ALP,34.09,65.91,-6.82,2007,15.91,6.82
North Sydney,NSW,LP,55.38,44.62,-4.66,2007,-5.38,4.66
O'Connor,WA,LP,66.55,33.45,-3.84,2007,-16.55,3.84
Oxley,QLD,ALP,35.87,64.13,-7.01,2007,14.13,7.01
Page,NSW,ALP,47.64,52.36,-7.83,2007,2.36,7.83
Parkes,NSW,NP,63.04,36.96,-4.52,2007,-13.04,4.52
Parramatta,NSW,ALP,43.12,56.88,-7.71,2007,6.88,7.71
Paterson,NSW,LP,51.51,48.49,-4.81,2007,-1.51,4.81
Pearce,WA,LP,59.07,40.93,-3.87,2007,-9.07,3.87
Perth,WA,ALP,41.15,58.85,-2.12,2007,8.85,2.12
Petrie,QLD,ALP,47.95,52.05,-9.5,2007,2.05,9.5
Port Adelaide,SA,ALP,30.25,69.75,-6.84,2007,19.75,6.84
Prospect,NSW,ALP,36.54,63.46,-7.06,2007,13.46,7.06
Rankin,QLD,ALP,38.26,61.74,-8.76,2007,11.74,8.76
Reid,NSW,ALP,33.2,66.8,-4.72,2007,16.8,4.72
Richmond,NSW,ALP,41.13,58.87,-7.43,2007,8.87,7.43
Riverina,NSW,NP,66.23,33.77,-4.62,2007,-16.23,4.62
Robertson,NSW,ALP,49.89,50.11,-6.98,2007,0.11,6.98
Ryan,QLD,LP,53.82,46.18,-6.6,2007,-3.82,6.6
Scullin,VIC,ALP,29.15,70.85,-6.06,2007,20.85,6.06
Shortland,NSW,ALP,35.26,64.74,-5.5,2007,14.74,5.5
Solomon,NT,ALP,49.81,50.19,-3,2007,0.19,3
Stirling,WA,LP,51.29,48.71,-0.75,2007,-1.29,0.75
Sturt,SA,LP,50.94,49.06,-5.86,2007,-0.94,5.86
Swan,WA,LP,50.11,49.89,0.19,2007,-0.11,-0.19
Sydney,NSW,ALP,30.5,69.5,-2.12,2007,19.5,2.12
Tangney,WA,LP,58.68,41.32,-3.07,2007,-8.68,3.07
Throsby,NSW,ALP,26.54,73.46,-9.64,2007,23.46,9.64
Spence (fmr Wakefield),SA,ALP,43.41,56.59,-7.26,2007,6.59,7.26
Wannon,VIC,LP,57.47,42.53,-4.9,2007,-7.47,4.9
Warringah,NSW,LP,59.5,40.5,-1.79,2007,-9.5,1.79
Watson,NSW,ALP,29.67,70.33,-5.77,2007,20.33,5.77
Wentworth,NSW,LP,53.85,46.15,1.34,2007,-3.85,-1.34
Werriwa,NSW,ALP,34.76,65.24,-8.3,2007,15.24,8.3
Wide Bay,QLD,NP,58.47,41.53,-3.74,2007,-8.47,3.74
Wills,VIC,ALP,27.59,72.41,-5.51,2007,22.41,5.51
Adelaide,SA,ALP,42.31,57.69,-0.84,2010,7.69,-0.84
Aston,VIC,LP,51.76,48.24,3.29,2010,-1.76,3.29
Ballarat,VIC,ALP,38.3,61.7,3.55,2010,11.7,3.55
Banks,NSW,ALP,48.55,51.45,-8.92,2010,1.45,-8.92
Barker,SA,LP,62.88,37.12,-3.43,2010,-12.88,-3.43
Barton,NSW,ALP,43.14,56.86,-8.08,2010,6.86,-8.08
Bass,TAS,ALP,43.26,56.74,5.71,2010,6.74,5.71
Cooper (fmr Batman),VIC,ALP,25.09,74.91,-1.04,2010,24.91,-1.04
Bendigo,VIC,ALP,40.47,59.53,3.4,2010,9.53,3.4
Bennelong,NSW,LP,53.12,46.88,-4.52,2010,-3.12,-4.52
Berowra,NSW,LP,66.2,33.8,-6.19,2010,-16.2,-6.19
Blair,QLD,ALP,45.76,54.24,-2.74,2010,4.24,-2.74
Blaxland,NSW,ALP,37.77,62.23,-4.42,2010,12.23,-4.42
Bonner,QLD,LNQ,52.82,47.18,-7.35,2010,-2.82,-7.35
Boothby,SA,LP,50.75,49.25,2.18,2010,-0.75,2.18
Bowman,QLD,LNQ,60.39,39.61,-10.39,2010,-10.39,-10.39
Braddon,TAS,ALP,42.52,57.48,5.16,2010,7.48,5.16
Bradfield,NSW,LP,68.18,31.82,-4.32,2010,-18.18,-4.32
Brand,WA,ALP,46.67,53.33,-2.65,2010,3.33,-2.65
Brisbane,QLD,LNQ,51.13,48.87,-5.73,2010,-1.13,-5.73
Bruce,VIC,ALP,41.88,58.12,-0.2,2010,8.12,-0.2
Calare,NSW,NP,60.74,39.26,-7.28,2010,-10.74,-7.28
Calwell,VIC,ALP,30.28,69.72,0.39,2010,19.72,0.39
Canberra,ACT,ALP,40.85,59.15,-2.67,2010,9.15,-2.67
Canning,WA,LP,52.19,47.81,2.16,2010,-2.19,2.16
Capricornia,QLD,ALP,46.32,53.68,-8.4,2010,3.68,-8.4
Casey,VIC,LP,54.18,45.82,1.75,2010,-4.18,1.75
Charlton,NSW,ALP,37.33,62.67,-0.24,2010,12.67,-0.24
Chifley,NSW,ALP,37.66,62.34,-7.34,2010,12.34,-7.34
Chisholm,VIC,ALP,43.89,56.11,-1.27,2010,6.11,-1.27
Cook,NSW,LP,62.66,37.34,-6.32,2010,-12.66,-6.32
Corangamite,VIC,ALP,49.59,50.41,-0.44,2010,0.41,-0.44
Corio,VIC,ALP,35.78,64.22,5.29,2010,14.22,5.29
Cowan,WA,LP,56.29,43.71,-5.01,2010,-6.29,-5.01
Cowper,NSW,NP,59.27,40.73,-8.03,2010,-9.27,-8.03
Cunningham,NSW,ALP,36.83,63.17,-3.7,2010,13.17,-3.7
Curtin,WA,LP,66.19,33.81,-2.93,2010,-16.19,-2.93
Dawson,QLD,LNQ,52.43,47.57,-5.02,2010,-2.43,-5.02
Deakin,VIC,ALP,47.59,52.41,1,2010,2.41,1
Clark (fmr Denison),TAS,ALP,34.18,65.82,0.53,2010,15.82,0.53
Dickson,QLD,LNQ,55.13,44.87,-5.89,2010,-5.13,-5.89
Dobell,NSW,ALP,44.93,55.07,1.14,2010,5.07,1.14
Dunkley,VIC,LP,51.02,48.98,3.02,2010,-1.02,3.02
Durack,WA,LP,63.67,36.33,-6.02,2010,-13.67,-6.02
Eden-Monaro,NSW,ALP,45.76,54.24,1.95,2010,4.24,1.95
Fadden,QLD,LNQ,64.19,35.81,-3.76,2010,-14.19,-3.76
Fairfax,QLD,LNQ,56.95,43.05,-3.98,2010,-6.95,-3.98
Farrer,NSW,LP,64.51,35.49,-3.32,2010,-14.51,-3.32
Fisher,QLD,LNQ,54.13,45.87,-0.6,2010,-4.13,-0.6
Flinders,VIC,LP,59.11,40.89,-0.86,2010,-9.11,-0.86
Flynn,QLD,LNQ,53.58,46.42,-5.82,2010,-3.58,-5.82
Forde,QLD,LNQ,51.63,48.37,-4.99,2010,-1.63,-4.99
Forrest,WA,LP,58.74,41.26,-3.26,2010,-8.74,-3.26
Fowler,NSW,ALP,41.24,58.76,-13.81,2010,8.76,-13.81
Franklin,TAS,ALP,39.18,60.82,6.79,2010,10.82,6.79
Fenner (fmr Fraser),ACT,ALP,35.8,64.2,-0.87,2010,14.2,-0.87
Fremantle,WA,ALP,44.3,55.7,-3.44,2010,5.7,-3.44
Gellibrand,VIC,ALP,26.1,73.9,2.44,2010,23.9,2.44
Gilmore,NSW,LP,55.32,44.68,-5.73,2010,-5.32,-5.73
Gippsland,VIC,NP,61.45,38.55,-5.54,2010,-11.45,-5.54
Goldstein,VIC,LP,56.47,43.53,-0.42,2010,-6.47,-0.42
Gorton,VIC,ALP,27.84,72.16,0.94,2010,22.16,0.94
Grayndler,NSW,ALP,29.37,70.63,-4.22,2010,20.63,-4.22
Greenway,NSW,ALP,49.12,50.88,-4.79,2010,0.88,-4.79
Grey,SA,LP,61.16,38.84,-6.73,2010,-11.16,-6.73
Griffith,QLD,ALP,41.54,58.46,-3.86,2010,8.46,-3.86
Groom,QLD,LNQ,68.53,31.47,-10.31,2010,-18.53,-10.31
Hasluck,WA,LP,50.57,49.43,-1.42,2010,-0.57,-1.42
Herbert,QLD,LNQ,52.17,47.83,-2.2,2010,-2.17,-2.2
Higgins,VIC,LP,56.75,43.25,0.29,2010,-6.75,0.29
Hindmarsh,SA,ALP,44.3,55.7,0.65,2010,5.7,0.65
Hinkler,QLD,LNQ,60.39,39.61,-8.87,2010,-10.39,-8.87
Holt,VIC,ALP,36.77,63.23,1.6,2010,13.23,1.6
Hotham,VIC,ALP,36.5,63.5,0.5,2010,13.5,0.5
Hughes,NSW,LP,55.17,44.83,-4.63,2010,-5.17,-4.63
Hume,NSW,LP,58.72,41.28,-3.37,2010,-8.72,-3.37
Hunter,NSW,ALP,37.52,62.48,-3.2,2010,12.48,-3.2
Indi,VIC,LP,59.94,40.06,-0.75,2010,-9.94,-0.75
Isaacs,VIC,ALP,38.98,61.02,3.33,2010,11.02,3.33
Jagajaga,VIC,ALP,38.48,61.52,2.54,2010,11.52,2.54
Kennedy,QLD,LNQ,61.94,38.06,-4.65,2010,-11.94,-4.65
Kingsford Smith,NSW,ALP,44.84,55.16,-8.1,2010,5.16,-8.1
Kingston,SA,ALP,36.09,63.91,9.49,2010,13.91,9.49
Kooyong,VIC,LP,57.55,42.45,1.98,2010,-7.55,1.98
La Trobe,VIC,ALP,49.09,50.91,1.42,2010,0.91,1.42
Lalor,VIC,ALP,27.85,72.15,6.62,2010,22.15,6.62
Leichhardt,QLD,LNQ,54.55,45.45,-8.61,2010,-4.55,-8.61
Lilley,QLD,ALP,46.82,53.18,-4.77,2010,3.18,-4.77
Lindsay,NSW,ALP,48.88,51.12,-5.16,2010,1.12,-5.16
Lingiari,NT,ALP,46.3,53.7,-7.46,2010,3.7,-7.46
Longman,QLD,LNQ,51.92,48.08,-3.79,2010,-1.92,-3.79
Lyne,NSW,NP,62.45,37.55,-3.65,2010,-12.45,-3.65
Lyons,TAS,ALP,37.71,62.29,3.95,2010,12.29,3.95
Macarthur,NSW,LP,53.02,46.98,-3.53,2010,-3.02,-3.53
Mackellar,NSW,LP,65.72,34.28,-3.34,2010,-15.72,-3.34
Macquarie,NSW,LP,51.26,48.74,-1.54,2010,-1.26,-1.54
Makin,SA,ALP,37.8,62.2,4.5,2010,12.2,4.5
Mallee,VIC,NP,74.41,25.59,-3.14,2010,-24.41,-3.14
Maranoa,QLD,LNQ,72.89,27.11,-8.83,2010,-22.89,-8.83
Maribyrnong,VIC,ALP,33.14,66.86,1.54,2010,16.86,1.54
Mayo,SA,LP,57.35,42.65,-0.29,2010,-7.35,-0.29
McEwen,VIC,ALP,44.68,55.32,5.34,2010,5.32,5.34
McMahon,NSW,ALP,42.19,57.81,-5.96,2010,7.81,-5.96
Monash (fmr McMillan),VIC,LP,54.41,45.59,0.38,2010,-4.41,0.38
McPherson,QLD,LNQ,60.28,39.72,-1.63,2010,-10.28,-1.63
Melbourne,VIC,ALP,26.7,73.3,1.03,2010,23.3,1.03
Macnamara (fmr Melbourne Ports),VIC,ALP,42.44,57.56,0.41,2010,7.56,0.41
Menzies,VIC,LP,58.72,41.28,-2.7,2010,-8.72,-2.7
Mitchell,NSW,LP,67.16,32.84,-7.51,2010,-17.16,-7.51
Moncrieff,QLD,LNQ,67.49,32.51,-3.69,2010,-17.49,-3.69
Moore,WA,LP,61.19,38.81,-2.26,2010,-11.19,-2.26
Moreton,QLD,ALP,48.87,51.13,-4.88,2010,1.13,-4.88
Nicholls (fmr Murray),VIC,LP,70.35,29.65,-2.09,2010,-20.35,-2.09
New England,NSW,NP,66.8,33.2,-1.96,2010,-16.8,-1.96
Newcastle,NSW,ALP,37.51,62.49,-3.42,2010,12.49,-3.42
North Sydney,NSW,LP,64.06,35.94,-8.55,2010,-14.06,-8.55
O'Connor,WA,NP,73,27,-10.24,2010,-23,-10.24
Oxley,QLD,ALP,44.23,55.77,-5.57,2010,5.77,-5.57
Page,NSW,ALP,45.81,54.19,1.83,2010,4.19,1.83
Parkes,NSW,NP,68.86,31.14,-5.19,2010,-18.86,-5.19
Parramatta,NSW,ALP,45.63,54.37,-5.49,2010,4.37,-5.49
Paterson,NSW,LP,55.33,44.67,-4.75,2010,-5.33,-4.75
Pearce,WA,LP,58.86,41.14,-1.17,2010,-8.86,-1.17
Perth,WA,ALP,44.12,55.88,-2.06,2010,5.88,-2.06
Petrie,QLD,ALP,47.49,52.51,-1.7,2010,2.51,-1.7
Port Adelaide,SA,ALP,29.97,70.03,0.28,2010,20.03,0.28
Rankin,QLD,ALP,44.59,55.41,-6.26,2010,5.41,-6.26
Reid,NSW,ALP,47.32,52.68,-8.16,2010,2.68,-8.16
Richmond,NSW,ALP,43.01,56.99,-1.88,2010,6.99,-1.88
Riverina,NSW,NP,68.17,31.83,-3.62,2010,-18.17,-3.62
Robertson,NSW,ALP,49,51,0.91,2010,1,0.91
Ryan,QLD,LNQ,57.16,42.84,-5.95,2010,-7.16,-5.95
Scullin,VIC,ALP,27.75,72.25,1.4,2010,22.25,1.4
Shortland,NSW,ALP,37.15,62.85,-1.89,2010,12.85,-1.89
Solomon,NT,CLP,51.75,48.25,-1.94,2010,-1.75,-1.94
Stirling,WA,LP,55.55,44.45,-4.28,2010,-5.55,-4.28
Sturt,SA,LP,53.43,46.57,-2.49,2010,-3.43,-2.49
Swan,WA,LP,52.53,47.47,-2.8,2010,-2.53,-2.8
Sydney,NSW,ALP,32.93,67.07,-2.25,2010,17.07,-2.25
Tangney,WA,LP,62.32,37.68,-2.51,2010,-12.32,-2.51
Throsby,NSW,ALP,37.89,62.11,-4.65,2010,12.11,-4.65
Spence (fmr Wakefield),SA,ALP,38.05,61.95,5.36,2010,11.95,5.36
Wannon,VIC,LP,57.29,42.71,0.18,2010,-7.29,0.18
Warringah,NSW,LP,63.09,36.91,-4.31,2010,-13.09,-4.31
Watson,NSW,ALP,40.86,59.14,-9.06,2010,9.14,-9.06
Wentworth,NSW,LP,64.86,35.14,-11.01,2010,-14.86,-11.01
Werriwa,NSW,ALP,43.25,56.75,-8.32,2010,6.75,-8.32
Wide Bay,QLD,LNQ,65.61,34.39,-7.22,2010,-15.61,-7.22
Wills,VIC,ALP,27.36,72.64,0.24,2010,22.64,0.24
Wright,QLD,LNQ,60.15,39.85,-6.36,2010,-10.15,-6.36
Adelaide,SA,ALP,46.05,53.95,-3.57,2013,3.95,-3.57
Aston,VIC,LP,58.2,41.8,-7.53,2013,-8.2,-7.53
Ballarat,VIC,ALP,45.11,54.89,-6.81,2013,4.89,-6.81
Banks,NSW,LP,51.83,48.17,-3.28,2013,-1.83,-3.28
Barker,SA,LP,66.55,33.45,-3.54,2013,-16.55,-3.54
Barton,NSW,LP,50.31,49.69,-7.17,2013,-0.31,-7.17
Bass,TAS,LP,54.04,45.96,-10.78,2013,-4.04,-10.78
Cooper (fmr Batman),VIC,ALP,29.02,70.98,-3.82,2013,20.98,-3.82
Bendigo,VIC,ALP,48.74,51.26,-8.16,2013,1.26,-8.16
Bennelong,NSW,LP,57.77,42.23,-4.65,2013,-7.77,-4.65
Berowra,NSW,LP,69.07,30.93,-2.87,2013,-19.07,-2.87
Blair,QLD,ALP,44.74,55.26,1.02,2013,5.26,1.02
Blaxland,NSW,ALP,38.57,61.43,-0.8,2013,11.43,-0.8
Bonner,QLD,LNP,53.69,46.31,-0.87,2013,-3.69,-0.87
Boothby,SA,LP,57.12,42.88,-6.5,2013,-7.12,-6.5
Bowman,QLD,LNP,58.86,41.14,1.53,2013,-8.86,1.53
Braddon,TAS,LP,52.56,47.44,-10.04,2013,-2.56,-10.04
Bradfield,NSW,LP,70.78,29.22,-2.6,2013,-20.78,-2.6
Brand,WA,ALP,47.12,52.88,-0.45,2013,2.88,-0.45
Brisbane,QLD,LNP,54.28,45.72,-3.15,2013,-4.28,-3.15
Bruce,VIC,ALP,48.2,51.8,-5.91,2013,1.8,-5.91
Calare,NSW,NP,65.97,34.03,-5.23,2013,-15.97,-5.23
Calwell,VIC,ALP,36.14,63.86,-6.2,2013,13.86,-6.2
Canberra,ACT,ALP,43.02,56.98,-2.17,2013,6.98,-2.17
Canning,WA,LP,61.81,38.19,-9.62,2013,-11.81,-9.62
Capricornia,QLD,LNP,50.77,49.23,-4.45,2013,-0.77,-4.45
Casey,VIC,LP,57.17,42.83,-5.31,2013,-7.17,-5.31
Charlton,NSW,ALP,40.77,59.23,-3.44,2013,9.23,-3.44
Chifley,NSW,ALP,39.45,60.55,-1.79,2013,10.55,-1.79
Chisholm,VIC,ALP,48.4,51.6,-4.18,2013,1.6,-4.18
Cook,NSW,LP,66.35,33.65,-3.69,2013,-16.35,-3.69
Corangamite,VIC,LP,53.94,46.06,-4.22,2013,-3.94,-4.22
Corio,VIC,ALP,42.25,57.75,-5.72,2013,7.75,-5.72
Cowan,WA,LP,57.46,42.54,-1.17,2013,-7.46,-1.17
Cowper,NSW,NP,61.71,38.29,-2.44,2013,-11.71,-2.44
Cunningham,NSW,ALP,40.12,59.88,-3.29,2013,9.88,-3.29
Curtin,WA,LP,67.42,32.58,-1.23,2013,-17.42,-1.23
Dawson,QLD,LNP,57.58,42.42,-5.15,2013,-7.58,-5.15
Deakin,VIC,LP,53.18,46.82,-3.78,2013,-3.18,-3.78
Clark (fmr Denison),TAS,ALP,41.09,58.91,-6.91,2013,8.91,-6.91
Dickson,QLD,LNP,56.72,43.28,-1.59,2013,-6.72,-1.59
Dobell,NSW,LP,50.68,49.32,-5.75,2013,-0.68,-5.75
Dunkley,VIC,LP,55.57,44.43,-4.53,2013,-5.57,-4.53
Durack,WA,LP,64.88,35.12,-1.21,2013,-14.88,-1.21
Eden-Monaro,NSW,LP,50.61,49.39,-4.85,2013,-0.61,-4.85
Fadden,QLD,LNP,64.36,35.64,-0.17,2013,-14.36,-0.17
Fairfax,QLD,LNP,61.68,38.32,-4.73,2013,-11.68,-4.73
Farrer,NSW,LP,67.43,32.57,-2.92,2013,-17.43,-2.92
Fisher,QLD,LNP,59.75,40.25,-5.62,2013,-9.75,-5.62
Flinders,VIC,LP,61.81,38.19,-2.67,2013,-11.81,-2.67
Flynn,QLD,LNP,56.53,43.47,-2.95,2013,-6.53,-2.95
Forde,QLD,LNP,54.38,45.62,-2.75,2013,-4.38,-2.75
Forrest,WA,LP,62.28,37.72,-3.54,2013,-12.28,-3.54
Fowler,NSW,ALP,33.2,66.8,8.04,2013,16.8,8.04
Franklin,TAS,ALP,44.91,55.09,-5.73,2013,5.09,-5.73
Fenner (fmr Fraser),ACT,ALP,37.38,62.62,-1.58,2013,12.62,-1.58
Fremantle,WA,ALP,45.23,54.77,-0.93,2013,4.77,-0.93
Gellibrand,VIC,ALP,33.47,66.53,-7.6,2013,16.53,-7.6
Gilmore,NSW,LP,52.65,47.35,2.67,2013,-2.65,2.67
Gippsland,VIC,NP,65.84,34.16,-4.39,2013,-15.84,-4.39
Goldstein,VIC,LP,61.03,38.97,-5.02,2013,-11.03,-5.02
Gorton,VIC,ALP,33.88,66.12,-7.51,2013,16.12,-7.51
Grayndler,NSW,ALP,29.66,70.34,-0.29,2013,20.34,-0.29
Greenway,NSW,ALP,47.02,52.98,2.1,2013,2.98,2.1
Grey,SA,LP,63.54,36.46,-2.38,2013,-13.54,-2.38
Griffith,QLD,ALP,46.99,53.01,-5.45,2013,3.01,-5.45
Groom,QLD,LNP,66.47,33.53,2.06,2013,-16.47,2.06
Hasluck,WA,LP,54.87,45.13,-4.3,2013,-4.87,-4.3
Herbert,QLD,LNP,56.17,43.83,-4,2013,-6.17,-4
Higgins,VIC,LP,59.93,40.07,-4.53,2013,-9.93,-4.53
Hindmarsh,SA,LP,51.89,48.11,-7.97,2013,-1.89,-7.97
Hinkler,QLD,LNP,59.04,40.96,1.35,2013,-9.04,1.35
Holt,VIC,ALP,40.91,59.09,-4.88,2013,9.09,-4.88
Hotham,VIC,ALP,42.73,57.27,-6.69,2013,7.27,-6.69
Hughes,NSW,LP,60.67,39.33,-5.5,2013,-10.67,-5.5
Hume,NSW,LP,61.47,38.53,-2.75,2013,-11.47,-2.75
Hunter,NSW,ALP,46.33,53.67,-8.81,2013,3.67,-8.81
Indi,VIC,LP,59.1,40.9,-0.11,2013,-9.1,-0.11
Isaacs,VIC,ALP,46.14,53.86,-6.55,2013,3.86,-6.55
Jagajaga,VIC,ALP,46.87,53.13,-8.02,2013,3.13,-8.02
Kennedy,QLD,LNP,67.15,32.85,-5.21,2013,-17.15,-5.21
Kingsford Smith,NSW,ALP,47.26,52.74,-2.42,2013,2.74,-2.42
Kingston,SA,ALP,40.3,59.7,-4.85,2013,9.7,-4.85
Kooyong,VIC,LP,61.06,38.94,-3.61,2013,-11.06,-3.61
La Trobe,VIC,LP,54.01,45.99,-5.67,2013,-4.01,-5.67
Lalor,VIC,ALP,37.84,62.16,-9.96,2013,12.16,-9.96
Leichhardt,QLD,LNP,55.68,44.32,-1.13,2013,-5.68,-1.13
Lilley,QLD,ALP,48.68,51.32,-1.86,2013,1.32,-1.86
Lindsay,NSW,LP,52.99,47.01,-4.11,2013,-2.99,-4.11
Lingiari,NT,ALP,49.12,50.88,-2.82,2013,0.88,-2.82
Longman,QLD,LNP,56.92,43.08,-5,2013,-6.92,-5
Lyne,NSW,NP,64.77,35.23,-2.32,2013,-14.77,-2.32
Lyons,TAS,LP,51.22,48.78,-13.51,2013,-1.22,-13.51
Macarthur,NSW,LP,61.36,38.64,-8.34,2013,-11.36,-8.34
Mackellar,NSW,LP,68.84,31.16,-3.12,2013,-18.84,-3.12
Macquarie,NSW,LP,54.48,45.52,-3.22,2013,-4.48,-3.22
Makin,SA,ALP,44.94,55.06,-6.94,2013,5.06,-6.94
Mallee,VIC,NP,73.66,26.34,-0.4,2013,-23.66,-0.4
Maranoa,QLD,LNP,72.28,27.72,0.61,2013,-22.28,0.61
Maribyrnong,VIC,ALP,38.61,61.39,-6.1,2013,11.39,-6.1
Mayo,SA,LP,62.51,37.49,-5.22,2013,-12.51,-5.22
McEwen,VIC,ALP,49.85,50.15,-9.04,2013,0.15,-9.04
McMahon,NSW,ALP,44.68,55.32,-2.49,2013,5.32,-2.49
Monash (fmr McMillan),VIC,LP,61.83,38.17,-7.62,2013,-11.83,-7.62
McPherson,QLD,LNP,63,37,-2.72,2013,-13,-2.72
Melbourne,VIC,ALP,30.75,69.25,-3.52,2013,19.25,-3.52
Macnamara (fmr Melbourne Ports),VIC,ALP,46.44,53.56,-4.33,2013,3.56,-4.33
Menzies,VIC,LP,64.45,35.55,-5.8,2013,-14.45,-5.8
Mitchell,NSW,LP,72.08,27.92,-4.92,2013,-22.08,-4.92
Moncrieff,QLD,LNP,67.95,32.05,-0.46,2013,-17.95,-0.46
Moore,WA,LP,61.86,38.14,-0.67,2013,-11.86,-0.67
Moreton,QLD,ALP,48.45,51.55,0.42,2013,1.55,0.42
Nicholls (fmr Murray),VIC,LP,70.87,29.13,-1.29,2013,-20.87,-1.29
New England,NSW,NP,70.71,29.29,-3.91,2013,-20.71,-3.91
Newcastle,NSW,ALP,41.17,58.83,-3.66,2013,8.83,-3.66
North Sydney,NSW,LP,65.89,34.11,-1.83,2013,-15.89,-1.83
O'Connor,WA,LP,67.25,32.75,5.75,2013,-17.25,5.75
Oxley,QLD,ALP,46.23,53.77,-2,2013,3.77,-2
Page,NSW,NP,52.52,47.48,-6.71,2013,-2.52,-6.71
Parkes,NSW,NP,72.35,27.65,-3.49,2013,-22.35,-3.49
Parramatta,NSW,ALP,49.43,50.57,-3.8,2013,0.57,-3.8
Paterson,NSW,LP,59.78,40.22,-4.45,2013,-9.78,-4.45
Pearce,WA,LP,58.06,41.94,0.8,2013,-8.06,0.8
Perth,WA,ALP,45.65,54.35,-1.53,2013,4.35,-1.53
Petrie,QLD,LNP,50.53,49.47,-3.04,2013,-0.53,-3.04
Port Adelaide,SA,ALP,35.98,64.02,-6.89,2013,14.02,-6.89
Rankin,QLD,ALP,45.22,54.78,-0.63,2013,4.78,-0.63
Reid,NSW,LP,50.85,49.15,-3.53,2013,-0.85,-3.53
Richmond,NSW,ALP,47.02,52.98,-4.01,2013,2.98,-4.01
Riverina,NSW,NP,71.17,28.83,-3,2013,-21.17,-3
Robertson,NSW,LP,53,47,-4,2013,-3,-4
Ryan,QLD,LNP,58.54,41.46,-1.38,2013,-8.54,-1.38
Scullin,VIC,ALP,35.65,64.35,-6.18,2013,14.35,-6.18
Shortland,NSW,ALP,42.79,57.21,-5.64,2013,7.21,-5.64
Solomon,NT,CLP,51.4,48.6,0.35,2013,-1.4,0.35
Stirling,WA,LP,60.3,39.7,-4.75,2013,-10.3,-4.75
Sturt,SA,LP,60.08,39.92,-6.48,2013,-10.08,-6.48
Swan,WA,LP,56.53,43.47,-4,2013,-6.53,-4
Sydney,NSW,ALP,35.35,64.65,-2.42,2013,14.65,-2.42
Tangney,WA,LP,64.67,35.33,-2.35,2013,-14.67,-2.35
Throsby,NSW,ALP,42.23,57.77,-4.34,2013,7.77,-4.34
Spence (fmr Wakefield),SA,ALP,46.6,53.4,-7.13,2013,3.4,-7.13
Wannon,VIC,LP,60.07,39.93,-4.41,2013,-10.07,-4.41
Warringah,NSW,LP,65.35,34.65,-2.26,2013,-15.35,-2.26
Watson,NSW,ALP,43.19,56.81,-2.33,2013,6.81,-2.33
Wentworth,NSW,LP,67.72,32.28,-2.86,2013,-17.72,-2.86
Werriwa,NSW,ALP,47.76,52.24,-4.51,2013,2.24,-4.51
Wide Bay,QLD,LNP,63.16,36.84,2.45,2013,-13.16,2.45
Wills,VIC,ALP,29.24,70.76,-2.77,2013,20.76,-2.77
Wright,QLD,LNP,61.84,38.16,-1.69,2013,-11.84,-1.69
Adelaide,SA,ALP,45.35,54.65,-0.7,2016,4.65,0.7
Aston,VIC,LP,58.59,41.41,0.39,2016,-8.59,-0.39
Ballarat,VIC,ALP,42.68,57.32,-2.43,2016,7.32,2.43
Banks,NSW,LP,51.44,48.56,-1.36,2016,-1.44,1.36
Barker,SA,LP,65.19,34.81,-1.36,2016,-15.19,1.36
Barton,NSW,ALP,41.7,58.3,-3.91,2016,8.3,3.91
Bass,TAS,ALP,43.91,56.09,-10.13,2016,6.09,10.13
Cooper (fmr Batman),VIC,ALP,28.25,71.75,-0.77,2016,21.75,0.77
Bendigo,VIC,ALP,46.26,53.74,-2.48,2016,3.74,2.48
Bennelong,NSW,LP,59.72,40.28,1.95,2016,-9.72,-1.95
Berowra,NSW,LP,66.45,33.55,-2.6,2016,-16.45,2.6
Blair,QLD,ALP,41.12,58.88,-3.62,2016,8.88,3.62
Blaxland,NSW,ALP,30.52,69.48,-8.24,2016,19.48,8.24
Bonner,QLD,LNP,53.39,46.61,-0.3,2016,-3.39,0.3
Boothby,SA,LP,53.5,46.5,-3.62,2016,-3.5,3.62
Bowman,QLD,LNP,57.07,42.93,-1.79,2016,-7.07,1.79
Braddon,TAS,ALP,47.8,52.2,-4.76,2016,2.2,4.76
Bradfield,NSW,LP,71.04,28.96,0.1,2016,-21.04,-0.1
Brand,WA,ALP,38.57,61.43,-7.72,2016,11.43,7.72
Brisbane,QLD,LNP,55.92,44.08,1.64,2016,-5.92,-1.64
Bruce,VIC,ALP,45.92,54.08,-2.28,2016,4.08,2.28
Burt,WA,ALP,42.89,57.11,-13.2,2016,7.11,13.2
Calare,NSW,NP,61.81,38.19,-3.16,2016,-11.81,3.16
Calwell,VIC,ALP,32.13,67.87,-4.01,2016,17.87,4.01
Canberra,ACT,ALP,41.54,58.46,-0.95,2016,8.46,0.95
Canning,WA,LP,56.79,43.21,-4.56,2016,-6.79,4.56
Capricornia,QLD,LNP,50.63,49.37,-0.14,2016,-0.63,0.14
Casey,VIC,LP,56.06,43.94,-1.11,2016,-6.06,1.11
Chifley,NSW,ALP,30.81,69.19,-8.26,2016,19.19,8.26
Chisholm,VIC,LP,51.24,48.76,2.84,2016,-1.24,-2.84
Cook,NSW,LP,65.39,34.61,-0.32,2016,-15.39,0.32
Corangamite,VIC,LP,53.13,46.87,-0.81,2016,-3.13,0.81
Corio,VIC,ALP,40.01,59.99,-2.24,2016,9.99,2.24
Cowan,WA,ALP,49.32,50.68,-5.2,2016,0.68,5.2
Cowper,NSW,NP,62.58,37.42,-0.65,2016,-12.58,0.65
Cunningham,NSW,ALP,36.68,63.32,-2.03,2016,13.32,2.03
Curtin,WA,LP,70.7,29.3,2.48,2016,-20.7,-2.48
Dawson,QLD,LNP,53.34,46.66,-4.24,2016,-3.34,4.24
Deakin,VIC,LP,55.68,44.32,2.5,2016,-5.68,-2.5
Clark (fmr Denison),TAS,ALP,34.66,65.34,-6.43,2016,15.34,6.43
Dickson,QLD,LNP,51.6,48.4,-5.12,2016,-1.6,5.12
Dobell,NSW,ALP,45.19,54.81,-4.63,2016,4.81,4.63
Dunkley,VIC,LP,51.43,48.57,-4.14,2016,-1.43,4.14
Durack,WA,LP,61.06,38.94,-3.98,2016,-11.06,3.98
Eden-Monaro,NSW,ALP,47.07,52.93,-5.84,2016,2.93,5.84
Fadden,QLD,LNP,61.05,38.95,-3.31,2016,-11.05,3.31
Fairfax,QLD,LNP,60.89,39.11,-0.79,2016,-10.89,0.79
Farrer,NSW,LP,70.53,29.47,-1.18,2016,-20.53,1.18
Fenner,ACT,ALP,36.11,63.89,-1.4,2016,13.89,1.4
Fisher,QLD,LNP,59.06,40.94,-0.69,2016,-9.06,0.69
Flinders,VIC,LP,57.77,42.23,-4.04,2016,-7.77,4.04
Flynn,QLD,LNP,51.04,48.96,-5.49,2016,-1.04,5.49
Forde,QLD,LNP,50.63,49.37,-3.75,2016,-0.63,3.75
Forrest,WA,LP,62.56,37.44,-1.25,2016,-12.56,1.25
Fowler,NSW,ALP,32.51,67.49,-4.6,2016,17.49,4.6
Franklin,TAS,ALP,39.28,60.72,-5.63,2016,10.72,5.63
Fremantle,WA,ALP,42.48,57.52,-2.12,2016,7.52,2.12
Gellibrand,VIC,ALP,31.77,68.23,-1.7,2016,18.23,1.7
Gilmore,NSW,LP,50.73,49.27,-3.05,2016,-0.73,3.05
Gippsland,VIC,NP,68.43,31.57,2.59,2016,-18.43,-2.59
Goldstein,VIC,LP,62.68,37.32,1.65,2016,-12.68,-1.65
Gorton,VIC,ALP,30.55,69.45,-3.33,2016,19.45,3.33
Grayndler,NSW,ALP,27.64,72.36,-3.6,2016,22.36,3.6
Greenway,NSW,ALP,43.69,56.31,-3.33,2016,6.31,3.33
Grey,SA,LP,58.63,41.37,-4.91,2016,-8.63,4.91
Griffith,QLD,ALP,48.4,51.6,1.5,2016,1.6,-1.5
Groom,QLD,LNP,65.31,34.69,-1.16,2016,-15.31,1.16
Hasluck,WA,LP,52.05,47.95,-3.97,2016,-2.05,3.97
Herbert,QLD,ALP,49.98,50.02,-6.19,2016,0.02,6.19
Higgins,VIC,LP,60.69,39.31,0.76,2016,-10.69,-0.76
Hindmarsh,SA,ALP,49.42,50.58,-2.47,2016,0.58,2.47
Hinkler,QLD,LNP,58.42,41.58,-0.62,2016,-8.42,0.62
Holt,VIC,ALP,35.83,64.17,-5.08,2016,14.17,5.08
Hotham,VIC,ALP,42.52,57.48,-0.21,2016,7.48,0.21
Hughes,NSW,LP,59.33,40.67,-2.48,2016,-9.33,2.48
Hume,NSW,LP,60.18,39.82,-3.4,2016,-10.18,3.4
Hunter,NSW,ALP,37.54,62.46,-6.78,2016,12.46,6.78
Indi,VIC,LP,54.4,45.6,-4.7,2016,-4.4,4.7
Isaacs,VIC,ALP,44.27,55.73,-1.87,2016,5.73,1.87
Jagajaga,VIC,ALP,45.33,54.67,-1.54,2016,4.67,1.54
Kennedy,QLD,LNP,56.86,43.14,-10.29,2016,-6.86,10.29
Kingsford Smith,NSW,ALP,41.43,58.57,-5.83,2016,8.57,5.83
Kingston,SA,ALP,32.95,67.05,-7.35,2016,17.05,7.35
Kooyong,VIC,LP,63.34,36.66,2.28,2016,-13.34,-2.28
La Trobe,VIC,LP,51.46,48.54,-2.55,2016,-1.46,2.55
Lalor,VIC,ALP,36.56,63.44,-1.28,2016,13.44,1.28
Leichhardt,QLD,LNP,53.95,46.05,-1.73,2016,-3.95,1.73
Lilley,QLD,ALP,44.68,55.32,-4,2016,5.32,4
Lindsay,NSW,ALP,48.89,51.11,-4.1,2016,1.11,4.1
Lingiari,NT,ALP,41.58,58.42,-7.54,2016,8.42,7.54
Longman,QLD,ALP,49.21,50.79,-7.71,2016,0.79,7.71
Lyne,NSW,NP,61.63,38.37,-1.89,2016,-11.63,1.89
Lyons,TAS,ALP,47.69,52.31,-3.53,2016,2.31,3.53
Macarthur,NSW,ALP,41.67,58.33,-11.72,2016,8.33,11.72
Mackellar,NSW,LP,65.74,34.26,-3.1,2016,-15.74,3.1
Macquarie,NSW,ALP,47.81,52.19,-6.67,2016,2.19,6.67
Makin,SA,ALP,40.35,59.65,-4.59,2016,9.65,4.59
Mallee,VIC,NP,71.32,28.68,-2.34,2016,-21.32,2.34
Maranoa,QLD,LNP,67.54,32.46,-4.74,2016,-17.54,4.74
Maribyrnong,VIC,ALP,37.69,62.31,-0.92,2016,12.31,0.92
Mayo,SA,LP,55.35,44.65,-7.16,2016,-5.35,7.16
McEwen,VIC,ALP,42.15,57.85,-7.7,2016,7.85,7.7
McMahon,NSW,ALP,37.89,62.11,-7.48,2016,12.11,7.48
Monash (fmr McMillan),VIC,LP,56.03,43.97,-5.8,2016,-6.03,5.8
McPherson,QLD,LNP,61.64,38.36,-1.36,2016,-11.64,1.36
Melbourne,VIC,ALP,33.43,66.57,2.68,2016,16.57,-2.68
Macnamara (fmr Melbourne Ports),VIC,ALP,48.62,51.38,2.18,2016,1.38,-2.18
Menzies,VIC,LP,60.56,39.44,-3.89,2016,-10.56,3.89
Mitchell,NSW,LP,67.82,32.18,-3.57,2016,-17.82,3.57
Moncrieff,QLD,LNP,64.94,35.06,-3.01,2016,-14.94,3.01
Moore,WA,LP,61.02,38.98,-1.42,2016,-11.02,1.42
Moreton,QLD,ALP,45.98,54.02,-2.47,2016,4.02,2.47
Nicholls (fmr Murray),VIC,NP,74.9,25.1,4.03,2016,-24.9,-4.03
New England,NSW,NP,66.42,33.58,-3.12,2016,-16.42,3.12
Newcastle,NSW,ALP,36.16,63.84,-4.44,2016,13.84,4.44
North Sydney,NSW,LP,63.61,36.39,-2.1,2016,-13.61,2.1
O'Connor,WA,LP,65.04,34.96,-0.38,2016,-15.04,0.38
Oxley,QLD,ALP,40.92,59.08,-5.31,2016,9.08,5.31
Page,NSW,NP,52.3,47.7,-0.8,2016,-2.3,0.8
Parkes,NSW,NP,65.1,34.9,-4.87,2016,-15.1,4.87
Parramatta,NSW,ALP,42.33,57.67,-6.35,2016,7.67,6.35
Paterson,NSW,ALP,39.26,60.74,-10.47,2016,10.74,10.47
Pearce,WA,LP,53.63,46.37,-5.68,2016,-3.63,5.68
Perth,WA,ALP,46.67,53.33,-1.15,2016,3.33,1.15
Petrie,QLD,LNP,51.65,48.35,1.12,2016,-1.65,-1.12
Port Adelaide,SA,ALP,30.09,69.91,-5.89,2016,19.91,5.89
Rankin,QLD,ALP,38.7,61.3,-6.52,2016,11.3,6.52
Reid,NSW,LP,54.69,45.31,1.36,2016,-4.69,-1.36
Richmond,NSW,ALP,46.04,53.96,-2.38,2016,3.96,2.38
Riverina,NSW,NP,66.44,33.56,-2.55,2016,-16.44,2.55
Robertson,NSW,LP,51.14,48.86,-1.95,2016,-1.14,1.95
Ryan,QLD,LNP,59.09,40.91,0.55,2016,-9.09,-0.55
Scullin,VIC,ALP,32.72,67.28,-2.93,2016,17.28,2.93
Shortland,NSW,ALP,40.06,59.94,-2.54,2016,9.94,2.54
Solomon,NT,ALP,44,56,-7.4,2016,6,7.4
Stirling,WA,LP,56.12,43.88,-2.85,2016,-6.12,2.85
Sturt,SA,LP,55.89,44.11,-4.19,2016,-5.89,4.19
Swan,WA,LP,53.59,46.41,-3.75,2016,-3.59,3.75
Sydney,NSW,ALP,34.69,65.31,-2.44,2016,15.31,2.44
Tangney,WA,LP,61.07,38.93,-1.95,2016,-11.07,1.95
Spence (fmr Wakefield),SA,ALP,39.03,60.97,-7.57,2016,10.97,7.57
Wannon,VIC,LP,58.96,41.04,-1.11,2016,-8.96,1.11
Warringah,NSW,LP,61.09,38.91,-4.23,2016,-11.09,4.23
Watson,NSW,ALP,32.42,67.58,-8.76,2016,17.58,8.76
Wentworth,NSW,LP,67.75,32.25,-1.17,2016,-17.75,1.17
Werriwa,NSW,ALP,41.8,58.2,-1.67,2016,8.2,1.67
Whitlam,NSW,ALP,36.28,63.72,-6.81,2016,13.72,6.81
Wide Bay,QLD,LNP,58.14,41.86,-5.02,2016,-8.14,5.02
Wills,VIC,ALP,28.77,71.23,-0.47,2016,21.23,0.47
Wright,QLD,LNP,59.62,40.38,-2.22,2016,-9.62,2.22
Adelaide,SA,ALP,41.82,58.18,0.12,2019,8.18,-0.12
Aston,VIC,LP,60.13,39.87,2.72,2019,-10.13,-2.72
Ballarat,VIC,ALP,39.02,60.98,-3.62,2019,10.98,3.62
Banks,NSW,LP,56.26,43.74,4.82,2019,-6.26,-4.82
Barker,SA,LP,68.94,31.06,5.07,2019,-18.94,-5.07
Barton,NSW,ALP,40.59,59.41,-1.11,2019,9.41,1.11
Bass,TAS,LP,50.41,49.59,5.83,2019,-0.41,-5.83
Bean,ACT,ALP,42.48,57.52,1.33,2019,7.52,-1.33
Bendigo,VIC,ALP,40.96,59.04,-5.17,2019,9.04,5.17
Bennelong,NSW,LP,56.91,43.09,-2.81,2019,-6.91,2.81
Berowra,NSW,LP,65.65,34.35,-0.8,2019,-15.65,0.8
Blair,QLD,ALP,48.79,51.21,6.93,2019,1.21,-6.93
Blaxland,NSW,ALP,35.28,64.72,4.76,2019,14.72,-4.76
Bonner,QLD,LNP,57.41,42.59,4.02,2019,-7.41,-4.02
Boothby,SA,LP,51.38,48.62,-1.33,2019,-1.38,1.33
Bowman,QLD,LNP,60.24,39.76,3.17,2019,-10.24,-3.17
Braddon,TAS,LP,53.09,46.91,4.82,2019,-3.09,-4.82
Bradfield,NSW,LP,66.56,33.44,-4.48,2019,-16.56,4.48
Brand,WA,ALP,43.34,56.66,4.77,2019,6.66,-4.77
Brisbane,QLD,LNP,54.92,45.08,-1.08,2019,-4.92,1.08
Bruce,VIC,ALP,35.85,64.15,-0.1,2019,14.15,0.1
Burt,WA,ALP,45.01,54.99,2.12,2019,4.99,-2.12
Calare,NSW,NP,63.29,36.71,1.48,2019,-13.29,-1.48
Calwell,VIC,ALP,31.2,68.8,0.93,2019,18.8,-0.93
Canberra,ACT,ALP,32.92,67.08,-4.14,2019,17.08,4.14
Canning,WA,LP,61.55,38.45,4.76,2019,-11.55,-4.76
Capricornia,QLD,LNP,62.35,37.65,11.72,2019,-12.35,-11.72
Casey,VIC,LP,54.64,45.36,0.1,2019,-4.64,-0.1
Chifley,NSW,ALP,37.63,62.37,6.82,2019,12.37,-6.82
Chisholm,VIC,LP,50.57,49.43,-2.34,2019,-0.57,2.34
Clark (fmr Denison),TAS,ALP,33.83,66.17,-0.84,2019,16.17,0.84
Cook,NSW,LP,69.02,30.98,3.63,2019,-19.02,-3.63
Cooper (fmr Batman),VIC,ALP,23.68,76.32,-4.23,2019,26.32,4.23
Corangamite,VIC,ALP,48.93,51.07,-1.04,2019,1.07,1.04
Corio,VIC,ALP,39.68,60.32,-2.12,2019,10.32,2.12
Cowan,WA,ALP,49.17,50.83,-0.15,2019,0.83,0.15
Cowper,NSW,NP,61.88,38.12,-0.7,2019,-11.88,0.7
Cunningham,NSW,ALP,36.59,63.41,-0.09,2019,13.41,0.09
Curtin,WA,LP,64.33,35.67,-6.37,2019,-14.33,6.37
Dawson,QLD,LNP,64.61,35.39,11.24,2019,-14.61,-11.24
Deakin,VIC,LP,54.78,45.22,-1.66,2019,-4.78,1.66
Dickson,QLD,LNP,54.64,45.36,2.95,2019,-4.64,-2.95
Dobell,NSW,ALP,48.5,51.5,3.31,2019,1.5,-3.31
Dunkley,VIC,ALP,47.26,52.74,-1.71,2019,2.74,1.71
Durack,WA,LP,64.76,35.24,3.7,2019,-14.76,-3.7
Eden-Monaro,NSW,ALP,49.15,50.85,2.08,2019,0.85,-2.08
Fadden,QLD,LNP,64.18,35.82,2.94,2019,-14.18,-2.94
Fairfax,QLD,LNP,63.44,36.56,2.57,2019,-13.44,-2.57
Farrer,NSW,LP,69.83,30.17,-0.7,2019,-19.83,0.7
Fenner,ACT,ALP,39.44,60.56,1.28,2019,10.56,-1.28
Fisher,QLD,LNP,62.7,37.3,3.55,2019,-12.7,-3.55
Flinders,VIC,LP,55.64,44.36,-1.37,2019,-5.64,1.37
Flynn,QLD,LNP,58.66,41.34,7.62,2019,-8.66,-7.62
Forde,QLD,LNP,58.6,41.4,7.97,2019,-8.6,-7.97
Forrest,WA,LP,64.56,35.44,2,2019,-14.56,-2
Fowler,NSW,ALP,36.01,63.99,3.5,2019,13.99,-3.5
Franklin,TAS,ALP,37.79,62.21,-1.48,2019,12.21,1.48
Fraser,VIC,ALP,35.82,64.18,5.61,2019,14.18,-5.61
Fremantle,WA,ALP,43.08,56.92,0.6,2019,6.92,-0.6
Gellibrand,VIC,ALP,35.17,64.83,0.29,2019,14.83,-0.29
Gilmore,NSW,ALP,47.39,52.61,-3.34,2019,2.61,3.34
Gippsland,VIC,NP,66.67,33.33,-1.54,2019,-16.67,1.54
Goldstein,VIC,LP,57.79,42.21,-4.89,2019,-7.79,4.89
Gorton,VIC,ALP,34.64,65.36,3.13,2019,15.36,-3.13
Grayndler,NSW,ALP,26.17,73.83,-1.47,2019,23.83,1.47
Greenway,NSW,ALP,47.2,52.8,3.51,2019,2.8,-3.51
Grey,SA,LP,63.32,36.68,5.57,2019,-13.32,-5.57
Griffith,QLD,ALP,47.14,52.86,-1.43,2019,2.86,1.43
Groom,QLD,LNP,70.48,29.52,5.17,2019,-20.48,-5.17
Hasluck,WA,LP,55.39,44.61,3.34,2019,-5.39,-3.34
Herbert,QLD,LNP,58.36,41.64,8.38,2019,-8.36,-8.38
Higgins,VIC,LP,53.88,46.12,-6.09,2019,-3.88,6.09
Hindmarsh,SA,ALP,43.46,56.54,1.89,2019,6.54,-1.89
Hinkler,QLD,LNP,64.5,35.5,6.12,2019,-14.5,-6.12
Holt,VIC,ALP,41.3,58.7,1.24,2019,8.7,-1.24
Hotham,VIC,ALP,44.09,55.91,-1.7,2019,5.91,1.7
Hughes,NSW,LP,59.85,40.15,0.52,2019,-9.85,-0.52
Hume,NSW,LP,62.99,37.01,2.81,2019,-12.99,-2.81
Hunter,NSW,ALP,47.02,52.98,9.48,2019,2.98,-9.48
Indi,VIC,LP,62.73,37.27,7.72,2019,-12.73,-7.72
Isaacs,VIC,ALP,43.57,56.43,-3.45,2019,6.43,3.45
Jagajaga,VIC,ALP,43.43,56.57,-0.97,2019,6.57,0.97
Kennedy,QLD,LNP,64.51,35.49,7.77,2019,-14.51,-7.77
Kingsford Smith,NSW,ALP,41.19,58.81,-0.24,2019,8.81,0.24
Kingston,SA,ALP,38.06,61.94,1.61,2019,11.94,-1.61
Kooyong,VIC,LP,56.68,43.32,-6.14,2019,-6.68,6.14
La Trobe,VIC,LP,54.49,45.51,1.27,2019,-4.49,-1.27
Lalor,VIC,ALP,37.59,62.41,1.78,2019,12.41,-1.78
Leichhardt,QLD,LNP,54.17,45.83,0.22,2019,-4.17,-0.22
Lilley,QLD,ALP,49.36,50.64,5.04,2019,0.64,-5.04
Lindsay,NSW,LP,55.04,44.96,6.15,2019,-5.04,-6.15
Lingiari,NT,ALP,44.54,55.46,2.73,2019,5.46,-2.73
Longman,QLD,LNP,53.28,46.72,4.07,2019,-3.28,-4.07
Lyne,NSW,NP,65.17,34.83,3.54,2019,-15.17,-3.54
Lyons,TAS,ALP,44.82,55.18,-1.35,2019,5.18,1.35
Macarthur,NSW,ALP,41.6,58.4,-0.07,2019,8.4,0.07
Mackellar,NSW,LP,63.22,36.78,-2.52,2019,-13.22,2.52
Macnamara (fmr Melbourne Ports),VIC,ALP,43.75,56.25,-5.04,2019,6.25,5.04
Macquarie,NSW,ALP,49.81,50.19,2,2019,0.19,-2
Makin,SA,ALP,40.28,59.72,1.07,2019,9.72,-1.07
Mallee,VIC,NP,66.23,33.77,-3.57,2019,-16.23,3.57
Maranoa,QLD,LNP,75.42,24.58,7.88,2019,-25.42,-7.88
Maribyrnong,VIC,ALP,38.8,61.2,-0.8,2019,11.2,0.8
Mayo,SA,LP,52.54,47.46,-0.73,2019,-2.54,0.73
McEwen,VIC,ALP,44.98,55.02,0.98,2019,5.02,-0.98
McMahon,NSW,ALP,43.36,56.64,5.47,2019,6.64,-5.47
McPherson,QLD,LNP,62.2,37.8,0.56,2019,-12.2,-0.56
Melbourne,VIC,ALP,32.94,67.06,-0.06,2019,17.06,0.06
Menzies,VIC,LP,57.53,42.47,-0.28,2019,-7.53,0.28
Mitchell,NSW,LP,68.63,31.37,0.81,2019,-18.63,-0.81
Monash (fmr McMillan),VIC,LP,57.36,42.64,-0.15,2019,-7.36,0.15
Moncrieff,QLD,LNP,65.36,34.64,0.75,2019,-15.36,-0.75
Moore,WA,LP,61.65,38.35,0.63,2019,-11.65,-0.63
Moreton,QLD,ALP,48.1,51.9,2.12,2019,1.9,-2.12
New England,NSW,NP,67.63,32.37,1.21,2019,-17.63,-1.21
Newcastle,NSW,ALP,36.17,63.83,0.01,2019,13.83,-0.01
Nicholls (fmr Murray),VIC,NP,70.03,29.97,-2.49,2019,-20.03,2.49
North Sydney,NSW,LP,59.27,40.73,-4.34,2019,-9.27,4.34
O'Connor,WA,LP,64.48,35.52,-0.56,2019,-14.48,0.56
Oxley,QLD,ALP,43.61,56.39,2.62,2019,6.39,-2.62
Page,NSW,NP,59.45,40.55,7.15,2019,-9.45,-7.15
Parkes,NSW,NP,66.91,33.09,1.81,2019,-16.91,-1.81
Parramatta,NSW,ALP,46.5,53.5,4.17,2019,3.5,-4.17
Paterson,NSW,ALP,44.96,55.04,5.7,2019,5.04,-5.7
Pearce,WA,LP,57.52,42.48,3.89,2019,-7.52,-3.89
Perth,WA,ALP,45.07,54.93,-1.6,2019,4.93,1.6
Petrie,QLD,LNP,58.4,41.6,6.75,2019,-8.4,-6.75
Rankin,QLD,ALP,43.56,56.44,4.86,2019,6.44,-4.86
Reid,NSW,LP,53.18,46.82,-1.51,2019,-3.18,1.51
Richmond,NSW,ALP,45.92,54.08,-0.12,2019,4.08,0.12
Riverina,NSW,NP,69.48,30.52,3.04,2019,-19.48,-3.04
Robertson,NSW,LP,54.24,45.76,3.1,2019,-4.24,-3.1
Ryan,QLD,LNP,56.03,43.97,-2.95,2019,-6.03,2.95
Scullin,VIC,ALP,28.34,71.66,-2.08,2019,21.66,2.08
Shortland,NSW,ALP,45.55,54.45,5.49,2019,4.45,-5.49
Solomon,NT,ALP,46.92,53.08,3.01,2019,3.08,-3.01
Spence (fmr Wakefield),SA,ALP,35.87,64.13,3.04,2019,14.13,-3.04
Stirling,WA,LP,55.65,44.35,-0.47,2019,-5.65,0.47
Sturt,SA,LP,56.87,43.13,1.48,2019,-6.87,-1.48
Swan,WA,LP,52.69,47.31,-0.9,2019,-2.69,0.9
Sydney,NSW,ALP,31.33,68.67,-3.36,2019,18.67,3.36
Tangney,WA,LP,61.47,38.53,0.4,2019,-11.47,-0.4
Wannon,VIC,LP,60.38,39.62,1.23,2019,-10.38,-1.23
Warringah,NSW,LP,52.12,47.88,-8.97,2019,-2.12,8.97
Watson,NSW,ALP,36.48,63.52,4.06,2019,13.52,-4.06
Wentworth,NSW,LP,59.85,40.15,-7.9,2019,-9.85,7.9
Werriwa,NSW,ALP,44.53,55.47,2.73,2019,5.47,-2.73
Whitlam,NSW,ALP,39.09,60.91,39.09,2019,10.91,-39.09
Wide Bay,QLD,LNP,63.15,36.85,4.96,2019,-13.15,-4.96
Wills,VIC,ALP,24.15,75.85,-4.18,2019,25.85,4.18
Wright,QLD,LNP,64.58,35.42,4.96,2019,-14.58,-4.96
Adelaide,SA,ALP,38.09,61.91,-3.73,2022,11.91,3.73
Aston,VIC,LP,52.81,47.19,-7.32,2022,-2.81,7.32
Ballarat,VIC,ALP,37.03,62.97,-2.74,2022,12.97,2.74
Banks,NSW,LP,53.2,46.8,-3.06,2022,-3.2,3.06
Barker,SA,LP,66.62,33.38,-2.32,2022,-16.62,2.32
Barton,NSW,ALP,34.46,65.54,-6.13,2022,15.54,6.13
Bass,TAS,LP,51.43,48.57,1.02,2022,-1.43,-1.02
Bean,ACT,ALP,37.05,62.95,-5.43,2022,12.95,5.43
Bendigo,VIC,ALP,37.89,62.11,-3.26,2022,12.11,3.26
Bennelong,NSW,ALP,49.02,50.98,-7.89,2022,0.98,7.89
Berowra,NSW,LP,59.77,40.23,-5.88,2022,-9.77,5.88
Blair,QLD,ALP,44.77,55.23,-4.02,2022,5.23,4.02
Blaxland,NSW,ALP,35.06,64.94,-0.22,2022,14.94,0.22
Bonner,QLD,LNP,53.41,46.59,-4,2022,-3.41,4
Boothby,SA,ALP,46.72,53.28,-4.66,2022,3.28,4.66
Bowman,QLD,LNP,55.51,44.49,-4.73,2022,-5.51,4.73
Braddon,TAS,LP,58.03,41.97,4.94,2022,-8.03,-4.94
Bradfield,NSW,LP,56.55,43.45,-10.01,2022,-6.55,10.01
Brand,WA,ALP,33.29,66.71,-10.05,2022,16.71,10.05
Brisbane,QLD,ALP,45.6,54.4,-9.32,2022,4.4,9.32
Bruce,VIC,ALP,43.41,56.59,0.69,2022,6.59,-0.69
Burt,WA,ALP,34.79,65.21,-9.71,2022,15.21,9.71
Calare,NSW,NP,65.45,34.55,2.16,2022,-15.45,-2.16
Calwell,VIC,ALP,37.61,62.39,7.23,2022,12.39,-7.23
Canberra,ACT,ALP,27.54,72.46,-5.38,2022,22.46,5.38
Canning,WA,LP,53.59,46.41,-7.97,2022,-3.59,7.97
Capricornia,QLD,LNP,56.59,43.41,-5.76,2022,-6.59,5.76
Casey,VIC,LP,51.48,48.52,-3.14,2022,-1.48,3.14
Chifley,NSW,ALP,36.53,63.47,-1.1,2022,13.47,1.1
Chisholm,VIC,ALP,43.59,56.41,-6.86,2022,6.41,6.86
Clark (fmr Denison),TAS,ALP,32.76,67.24,-1.07,2022,17.24,1.07
Cook,NSW,LP,62.44,37.56,-6.58,2022,-12.44,6.58
Cooper (fmr Batman),VIC,ALP,24.54,75.46,0.75,2022,25.46,-0.75
Corangamite,VIC,ALP,42.4,57.6,-6.55,2022,7.6,6.55
Corio,VIC,ALP,37.16,62.84,-2.52,2022,12.84,2.52
Cowan,WA,ALP,39.18,60.82,-9.96,2022,10.82,9.96
Cowper,NSW,NP,59.47,40.53,-2.41,2022,-9.47,2.41
Cunningham,NSW,ALP,35.3,64.7,-1.29,2022,14.7,1.29
Curtin,WA,LP,55.6,44.4,-8.35,2022,-5.6,8.35
Dawson,QLD,LNP,60.42,39.58,-4.19,2022,-10.42,4.19
Deakin,VIC,LP,50.19,49.81,-4.5,2022,-0.19,4.5
Dickson,QLD,LNP,51.7,48.3,-2.94,2022,-1.7,2.94
Dobell,NSW,ALP,43.48,56.52,-5.02,2022,6.52,5.02
Dunkley,VIC,ALP,43.73,56.27,-3.53,2022,6.27,3.53
Durack,WA,LP,54.27,45.73,-9.22,2022,-4.27,9.22
Eden-Monaro,NSW,ALP,41.8,58.2,-7.35,2022,8.2,7.35
Fadden,QLD,LNP,60.63,39.37,-3.55,2022,-10.63,3.55
Fairfax,QLD,LNP,58.95,41.05,-4.49,2022,-8.95,4.49
Farrer,NSW,LP,66.35,33.65,-3.48,2022,-16.35,3.48
Fenner,ACT,ALP,34.31,65.69,-5.13,2022,15.69,5.13
Fisher,QLD,LNP,58.67,41.33,-4.03,2022,-8.67,4.03
Flinders,VIC,LP,56.7,43.3,1.06,2022,-6.7,-1.06
Flynn,QLD,LNP,53.82,46.18,-4.84,2022,-3.82,4.84
Forde,QLD,LNP,54.23,45.77,-4.37,2022,-4.23,4.37
Forrest,WA,LP,54.29,45.71,-10.29,2022,-4.29,10.29
Fowler,NSW,ALP,44.28,55.72,8.27,2022,5.72,-8.27
Franklin,TAS,ALP,36.3,63.7,-1.49,2022,13.7,1.49
Fraser,VIC,ALP,33.5,66.5,1.55,2022,16.5,-1.55
Fremantle,WA,ALP,33.11,66.89,-9.97,2022,16.89,9.97
Gellibrand,VIC,ALP,38.46,61.54,1.48,2022,11.54,-1.48
Gilmore,NSW,ALP,49.83,50.17,2.44,2022,0.17,-2.44
Gippsland,VIC,NP,70.57,29.43,3.9,2022,-20.57,-3.9
Goldstein,VIC,LP,54.8,45.2,-2.99,2022,-4.8,2.99
Gorton,VIC,ALP,40.03,59.97,4.27,2022,9.97,-4.27
Grayndler,NSW,ALP,21.15,78.85,-5.02,2022,28.85,5.02
Greenway,NSW,ALP,38.47,61.53,-8.73,2022,11.53,8.73
Grey,SA,LP,60.07,39.93,-3.25,2022,-10.07,3.25
Griffith,QLD,ALP,38.93,61.07,-8.21,2022,11.07,8.21
Groom,QLD,LNP,64.17,35.83,-6.31,2022,-14.17,6.31
Hasluck,WA,ALP,44,56,-11.89,2022,6,11.89
Hawke,VIC,ALP,42.37,57.63,2.59,2022,7.63,-2.59
Herbert,QLD,LNP,61.77,38.23,3.41,2022,-11.77,-3.41
Higgins,VIC,ALP,47.94,52.06,-4.67,2022,2.06,4.67
Hindmarsh,SA,ALP,41.05,58.95,-2.41,2022,8.95,2.41
Hinkler,QLD,LNP,60.07,39.93,-4.43,2022,-10.07,4.43
Holt,VIC,ALP,42.88,57.12,1.51,2022,7.12,-1.51
Hotham,VIC,ALP,35.75,64.25,-3.07,2022,14.25,3.07
Hughes,NSW,LP,57.01,42.99,-2.84,2022,-7.01,2.84
Hume,NSW,LP,57.72,42.28,-5.27,2022,-7.72,5.27
Hunter,NSW,ALP,45.97,54.03,-1.05,2022,4.03,1.05
Indi,VIC,LP,55.26,44.74,-7.47,2022,-5.26,7.47
Isaacs,VIC,ALP,43.15,56.85,-0.39,2022,6.85,0.39
Jagajaga,VIC,ALP,37.65,62.35,-6.46,2022,12.35,6.46
Kennedy,QLD,LNP,60.16,39.84,-4.35,2022,-10.16,4.35
Kingsford Smith,NSW,ALP,35.5,64.5,-5.69,2022,14.5,5.69
Kingston,SA,ALP,33.65,66.35,-4.41,2022,16.35,4.41
Kooyong,VIC,LP,54.18,45.82,-2.21,2022,-4.18,2.21
La Trobe,VIC,LP,58.69,41.31,3.56,2022,-8.69,-3.56
Lalor,VIC,ALP,37.18,62.82,-0.36,2022,12.82,0.36
Leichhardt,QLD,LNP,53.44,46.56,-0.73,2022,-3.44,0.73
Lilley,QLD,ALP,39.46,60.54,-9.9,2022,10.54,9.9
Lindsay,NSW,LP,56.34,43.66,1.3,2022,-6.34,-1.3
Lingiari,NT,ALP,49.05,50.95,4.51,2022,0.95,-4.51
Longman,QLD,LNP,53.08,46.92,-0.2,2022,-3.08,0.2
Lyne,NSW,NP,63.8,36.2,-1.37,2022,-13.8,1.37
Lyons,TAS,ALP,49.08,50.92,4.26,2022,0.92,-4.26
Macarthur,NSW,ALP,41.47,58.53,-0.13,2022,8.53,0.13
Mackellar,NSW,LP,58.6,41.4,-4.62,2022,-8.6,4.62
Macnamara,VIC,ALP,37.75,62.25,-7.34,2022,12.25,7.34
Macquarie,NSW,ALP,42.23,57.77,-7.58,2022,7.77,7.58
Makin,SA,ALP,39.2,60.8,-1.08,2022,10.8,1.08
Mallee,VIC,NP,68.99,31.01,3.31,2022,-18.99,-3.31
Maranoa,QLD,LNP,72.12,27.88,-3.3,2022,-22.12,3.3
Maribyrnong,VIC,ALP,37.55,62.45,-2.14,2022,12.45,2.14
Mayo,SA,ALP,48.41,51.59,-4.13,2022,1.59,4.13
McEwen,VIC,ALP,46.72,53.28,2,2022,3.28,-2
McMahon,NSW,ALP,40.51,59.49,-2.85,2022,9.49,2.85
McPherson,QLD,LNP,59.34,40.66,-2.86,2022,-9.34,2.86
Melbourne,VIC,ALP,22.09,77.91,-10.11,2022,27.91,10.11
Menzies,VIC,LP,50.68,49.32,-6.34,2022,-0.68,6.34
Mitchell,NSW,LP,60.69,39.31,-7.94,2022,-10.69,7.94
Monash (fmr McMillan),VIC,LP,52.9,47.1,-3.96,2022,-2.9,3.96
Moncrieff,QLD,LNP,61.19,38.81,-4.17,2022,-11.19,4.17
Moore,WA,LP,50.66,49.34,-10.96,2022,-0.66,10.96
Moreton,QLD,ALP,40.91,59.09,-7.19,2022,9.09,7.19
New England,NSW,NP,66.43,33.57,-1.2,2022,-16.43,1.2
Newcastle,NSW,ALP,32.02,67.98,-4.15,2022,17.98,4.15
Nicholls (fmr Murray),VIC,NP,67.15,32.85,-2.88,2022,-17.15,2.88
North Sydney,NSW,LP,51.26,48.74,-8.01,2022,-1.26,8.01
O'Connor,WA,LP,56.97,43.03,-8.44,2022,-6.97,8.44
Oxley,QLD,ALP,38.41,61.59,-5.2,2022,11.59,5.2
Page,NSW,NP,60.74,39.26,1.29,2022,-10.74,-1.29
Parkes,NSW,NP,67.84,32.16,0.93,2022,-17.84,-0.93
Parramatta,NSW,ALP,45.43,54.57,-1.07,2022,4.57,1.07
Paterson,NSW,ALP,46.69,53.31,1.73,2022,3.31,-1.73
Pearce,WA,ALP,40.96,59.04,-14.23,2022,9.04,14.23
Perth,WA,ALP,35.2,64.8,-11.57,2022,14.8,11.57
Petrie,QLD,LNP,54.44,45.56,-3.96,2022,-4.44,3.96
Rankin,QLD,ALP,40.91,59.09,-2.65,2022,9.09,2.65
Reid,NSW,ALP,44.81,55.19,-8.37,2022,5.19,8.37
Richmond,NSW,ALP,41.77,58.23,-4.15,2022,8.23,4.15
Riverina,NSW,NP,64.85,35.15,-4.63,2022,-14.85,4.63
Robertson,NSW,ALP,47.74,52.26,-6.5,2022,2.26,6.5
Ryan,QLD,ALP,47.58,52.42,-8.45,2022,2.42,8.45
Scullin,VIC,ALP,34.42,65.58,6.08,2022,15.58,-6.08
Shortland,NSW,ALP,44.18,55.82,-1.37,2022,5.82,1.37
Solomon,NT,ALP,40.63,59.37,-6.29,2022,9.37,6.29
Spence (fmr Wakefield),SA,ALP,37.1,62.9,1.23,2022,12.9,-1.23
Sturt,SA,LP,50.45,49.55,-6.42,2022,-0.45,6.42
Swan,WA,ALP,41.23,58.77,-11.99,2022,8.77,11.99
Sydney,NSW,ALP,24.43,75.57,-6.9,2022,25.57,6.9
Tangney,WA,ALP,47.62,52.38,-11.88,2022,2.38,11.88
Wannon,VIC,LP,59.07,40.93,-1.1,2022,-9.07,1.1
Warringah,NSW,LP,51.43,48.57,-0.69,2022,-1.43,0.69
Watson,NSW,ALP,34.9,65.1,-1.58,2022,15.1,1.58
Wentworth,NSW,LP,55.92,44.08,-3.93,2022,-5.92,3.93
Werriwa,NSW,ALP,44.18,55.82,-0.35,2022,5.82,0.35
Whitlam,NSW,ALP,39.93,60.07,0.84,2022,10.07,-0.84
Wide Bay,QLD,LNP,61.34,38.66,-1.81,2022,-11.34,1.81
Wills,VIC,ALP,24.23,75.77,-0.06,2022,25.77,0.06
Wright,QLD,LNP,60.89,39.11,-3.69,2022,-10.89,3.69
Adelaide,SA,ALP,30.93,69.07,-7.16,2025,38.14,7.16
Aston,VIC,ALP,46.57,53.43,-6.04,2025,6.86,6.04
Ballarat,VIC,ALP,39.34,60.66,2.32,2025,21.32,-2.32
Banks,NSW,ALP,47.61,52.39,-5.03,2025,4.78,5.03
Barker,SA,LP,62.98,37.02,-3.64,2025,-25.96,3.64
Barton,NSW,ALP,34,66,-4.01,2025,32,4.01
Bass,TAS,ALP,41.99,58.01,-9.44,2025,16.02,9.44
Bean,ACT,ALP,30.71,69.29,-6.34,2025,38.58,6.34
Bendigo,VIC,ALP,48.6,51.4,-51.4,2025,2.8,51.4
Bennelong,NSW,ALP,40.74,59.26,-9.3,2025,18.52,9.3
Berowra,NSW,LP,51.63,48.37,-5.93,2025,-3.26,5.93
Blair,QLD,ALP,44.29,55.71,-0.48,2025,11.42,0.48
Blaxland,NSW,ALP,28.1,71.9,-8.86,2025,43.8,8.86
Bonner,QLD,ALP,45,55,-8.41,2025,10,8.41
Boothby,SA,ALP,38.9,61.1,-7.82,2025,22.2,7.82
Bowman,QLD,LNP,52.43,47.57,-3.08,2025,-4.86,3.08
Braddon,TAS,ALP,42.8,57.2,-15.23,2025,14.4,15.23
Bradfield,NSW,LP,54.95,45.05,-1.18,2025,-9.9,1.18
Brand,WA,ALP,33.08,66.92,0.15,2025,33.84,-0.15
Brisbane,QLD,ALP,41.04,58.96,-58.96,2025,17.92,58.96
Bruce,VIC,ALP,35.38,64.62,-9.31,2025,29.24,9.31
Bullwinkel,WA,ALP,49.49,50.51,2.84,2025,1.02,-2.84
Burt,WA,ALP,34.29,65.71,-2.42,2025,31.42,2.42
Calare,NSW,NP,62.26,37.74,-3.19,2025,-24.52,3.19
Calwell,VIC,ALP,35.29,64.71,-2.32,2025,29.42,2.32
Canberra,ACT,ALP,23.58,76.42,-3.96,2025,52.84,3.96
Canning,WA,LP,56.55,43.45,5.35,2025,-13.1,-5.35
Capricornia,QLD,LNP,55.83,44.17,-0.76,2025,-11.66,0.76
Casey,VIC,LP,52.89,47.11,1.46,2025,-5.78,-1.46
Chifley,NSW,ALP,30.17,69.83,-6.18,2025,39.66,6.18
Chisholm,VIC,ALP,44.3,55.7,-2.37,2025,11.4,2.37
Clark,TAS,ALP,29.11,70.89,-3.65,2025,41.78,3.65
Cook,NSW,LP,57.19,42.81,-4.43,2025,-14.38,4.43
Cooper,VIC,ALP,21.47,78.53,-2.82,2025,57.06,2.82
Corangamite,VIC,ALP,41.95,58.05,-0.21,2025,16.1,0.21
Corio,VIC,ALP,36.77,63.23,-0.74,2025,26.46,0.74
Cowan,WA,ALP,36.37,63.63,-3.69,2025,27.26,3.69
Cowper,NSW,NP,59.08,40.92,-0.45,2025,-18.16,0.45
Cunningham,NSW,ALP,32.48,67.52,-2.45,2025,35.04,2.45
Curtin,WA,LP,52.16,47.84,-3.48,2025,-4.32,3.48
Dawson,QLD,LNP,61.83,38.17,1.41,2025,-23.66,-1.41
Deakin,VIC,ALP,47.18,52.82,-2.84,2025,5.64,2.84
Dickson,QLD,ALP,44.01,55.99,-7.69,2025,11.98,7.69
Dobell,NSW,ALP,40.57,59.43,-2.87,2025,18.86,2.87
Dunkley,VIC,ALP,42.92,57.08,-0.31,2025,14.16,0.31
Durack,WA,LP,60.15,39.85,5.49,2025,-20.3,-5.49
Eden-Monaro,NSW,ALP,42.79,57.21,-1.13,2025,14.42,1.13
Fadden,QLD,LNP,56.88,43.12,-3.75,2025,-13.76,3.75
Fairfax,QLD,LNP,53.23,46.77,-5.72,2025,-6.46,5.72
Farrer,NSW,LP,62.89,37.11,-3.46,2025,-25.78,3.46
Fenner,ACT,ALP,27.92,72.08,-6.39,2025,44.16,6.39
Fisher,QLD,LNP,56.03,43.97,-2.64,2025,-12.06,2.64
Flinders,VIC,LP,54.78,45.22,-1.38,2025,-9.56,1.38
Flynn,QLD,LNP,60.24,39.76,6.42,2025,-20.48,-6.42
Forde,QLD,ALP,48.23,51.77,-6,2025,3.54,6
Forrest,WA,LP,52.24,47.76,-1.95,2025,-4.48,1.95
Fowler,NSW,ALP,31.81,68.19,-12.29,2025,36.38,12.29
Franklin,TAS,ALP,30.56,69.44,-5.74,2025,38.88,5.74
Fraser,VIC,ALP,27.98,72.02,-5.46,2025,44.04,5.46
Fremantle,WA,ALP,31.32,68.68,-1.75,2025,37.36,1.75
Gellibrand,VIC,ALP,34.9,65.1,-3.9,2025,30.2,3.9
Gilmore,NSW,ALP,44.87,55.13,-4.96,2025,10.26,4.96
Gippsland,VIC,NP,69.36,30.64,-1.21,2025,-38.72,1.21
Goldstein,VIC,LP,53.97,46.03,0.25,2025,-7.94,-0.25
Gorton,VIC,ALP,39.72,60.28,-0.3,2025,20.56,0.3
Grayndler,NSW,ALP,19.82,80.18,-3.55,2025,60.36,3.55
Greenway,NSW,ALP,36.24,63.76,-5.82,2025,27.52,5.82
Grey,SA,LP,54.64,45.36,-5.43,2025,-9.28,5.43
Griffith,QLD,ALP,34.06,65.94,-4.87,2025,31.88,4.87
Groom,QLD,LNP,63.35,36.65,-0.82,2025,-26.7,0.82
Hasluck,WA,ALP,34.03,65.97,-5.93,2025,31.94,5.93
Hawke,VIC,ALP,42.37,57.63,-0.01,2025,15.26,0.01
Herbert,QLD,LNP,63.41,36.59,1.64,2025,-26.82,-1.64
Hindmarsh,SA,ALP,33.65,66.35,-7.4,2025,32.7,7.4
Hinkler,QLD,LNP,56.26,43.74,-3.81,2025,-12.52,3.81
Holt,VIC,ALP,35.97,64.03,-6.92,2025,28.06,6.92
Hotham,VIC,ALP,33.14,66.86,-5.27,2025,33.72,5.27
Hughes,NSW,ALP,46.94,53.06,-6.52,2025,6.12,6.52
Hume,NSW,LP,58.06,41.94,1.19,2025,-16.12,-1.19
Hunter,NSW,ALP,40.52,59.48,-4.7,2025,18.96,4.7
Indi,VIC,LP,56.66,43.34,1.4,2025,-13.32,-1.4
Isaacs,VIC,ALP,35.66,64.34,-4.83,2025,28.68,4.83
Jagajaga,VIC,ALP,37.12,62.88,-0.67,2025,25.76,0.67
Kennedy,QLD,LNP,59.32,40.68,-0.84,2025,-18.64,0.84
Kingsford Smith,NSW,ALP,32.81,67.19,-3.88,2025,34.38,3.88
Kingston,SA,ALP,29.26,70.74,-4.39,2025,41.48,4.39
Kooyong,VIC,LP,52.37,47.63,-1.37,2025,-4.74,1.37
La Trobe,VIC,LP,52.06,47.94,-6.37,2025,-4.12,6.37
Lalor,VIC,ALP,36.79,63.21,-0.42,2025,26.42,0.42
Leichhardt,QLD,ALP,43.94,56.06,-9.5,2025,12.12,9.5
Lilley,QLD,ALP,35.48,64.52,-3.98,2025,29.04,3.98
Lindsay,NSW,LP,52.78,47.22,-3.33,2025,-5.56,3.33
Lingiari,NT,ALP,41.87,58.13,-6.53,2025,16.26,6.53
Longman,QLD,LNP,50.11,49.89,-2.97,2025,-0.22,2.97
Lyne,NSW,NP,59.78,40.22,-4.02,2025,-19.56,4.02
Lyons,TAS,ALP,38.42,61.58,-10.66,2025,23.16,10.66
Macarthur,NSW,ALP,34.39,65.61,-5.85,2025,31.22,5.85
Mackellar,NSW,LP,53.66,46.34,-4.21,2025,-7.32,4.21
Macnamara,VIC,ALP,38.2,61.8,0.37,2025,23.6,-0.37
Macquarie,NSW,ALP,42.29,57.71,-1.38,2025,15.42,1.38
Makin,SA,ALP,35.34,64.66,-3.86,2025,29.32,3.86
Mallee,VIC,NP,69.04,30.96,0.05,2025,-38.08,-0.05
Maranoa,QLD,LNP,73.96,26.04,1.84,2025,-47.92,-1.84
Maribyrnong,VIC,ALP,37.35,62.65,0.38,2025,25.3,-0.38
Mayo,SA,ALP,45.02,54.98,-3.39,2025,9.96,3.39
McEwen,VIC,ALP,45.24,54.76,-0.94,2025,9.52,0.94
McMahon,NSW,ALP,40.98,59.02,1.46,2025,18.04,-1.46
McPherson,QLD,LNP,54.44,45.56,-4.9,2025,-8.88,4.9
Melbourne,VIC,ALP,26.03,73.97,-0.88,2025,47.94,0.88
Menzies,VIC,ALP,48.92,51.08,-0.66,2025,2.16,0.66
Mitchell,NSW,LP,53.81,46.19,-6.68,2025,-7.62,6.68
Monash,VIC,LP,54.09,45.91,1.19,2025,-8.18,-1.19
Moncrieff,QLD,LNP,58.8,41.2,-2.39,2025,-17.6,2.39
Moore,WA,ALP,47.11,52.89,-3.8,2025,5.78,3.8
Moreton,QLD,ALP,33.91,66.09,-7,2025,32.18,7
New England,NSW,NP,67.06,32.94,1.85,2025,-34.12,-1.85
Newcastle,NSW,ALP,29.21,70.79,-2.85,2025,41.58,2.85
Nicholls,VIC,NP,64.38,35.62,-35.62,2025,-28.76,35.62
O'Connor,WA,LP,63.28,36.72,6.59,2025,-26.56,-6.59
Oxley,QLD,ALP,30.81,69.19,-7.6,2025,38.38,7.6
Page,NSW,NP,59.29,40.71,-1.36,2025,-18.58,1.36
Parkes,NSW,NP,62.97,37.03,-5.18,2025,-25.94,5.18
Parramatta,NSW,ALP,37.45,62.55,-8.83,2025,25.1,8.83
Paterson,NSW,ALP,43.11,56.89,-4.29,2025,13.78,4.29
Pearce,WA,ALP,43.56,56.44,2.4,2025,12.88,-2.4
Perth,WA,ALP,33.49,66.51,-2.09,2025,33.02,2.09
Petrie,QLD,ALP,48.83,51.17,-5.61,2025,2.34,5.61
Rankin,QLD,ALP,34.45,65.55,-6.46,2025,31.1,6.46
Reid,NSW,ALP,37.99,62.01,-6.82,2025,24.02,6.82
Richmond,NSW,ALP,40,60,-1.77,2025,20,1.77
Riverina,NSW,NP,62.62,37.38,2.91,2025,-25.24,-2.91
Robertson,NSW,ALP,40.63,59.37,-7.14,2025,18.74,7.14
Ryan,QLD,ALP,42.18,57.82,-5.4,2025,15.64,5.4
Scullin,VIC,ALP,35.71,64.29,1.14,2025,28.58,-1.14
Shortland,NSW,ALP,38.49,61.51,-5.51,2025,23.02,5.51
Solomon,NT,ALP,48.69,51.31,7.09,2025,2.62,-7.09
Spence,SA,ALP,34.66,65.34,-2.44,2025,30.68,2.44
Sturt,SA,ALP,43.38,56.62,-7.07,2025,13.24,7.07
Swan,WA,ALP,36.01,63.99,-4.56,2025,27.98,4.56
Sydney,NSW,ALP,21.92,78.08,-2.42,2025,56.16,2.42
Tangney,WA,ALP,43.01,56.99,-4.14,2025,13.98,4.14
Wannon,VIC,LP,60.92,39.08,2.27,2025,-21.84,-2.27
Warringah,NSW,ALP,45.49,54.51,-5.25,2025,9.02,5.25
Watson,NSW,ALP,27.14,72.86,-7.7,2025,45.72,7.7
Wentworth,NSW,ALP,49.44,50.56,-1.72,2025,1.12,1.72
Werriwa,NSW,ALP,43.23,56.77,-1.43,2025,13.54,1.43
Whitlam,NSW,ALP,43.75,56.25,2.06,2025,12.5,-2.06
Wide Bay,QLD,LNP,57.63,42.37,-3.71,2025,-15.26,3.71
Wills,VIC,ALP,19.14,80.86,-3.77,2025,61.72,3.77
Wright,QLD,LNP,57.98,42.02,-2.91,2025,-15.96,2.91
