date,election,sample,moe,mode,alp,coalition,democrats,greens,independents,one_nation,other,family_first,tpp_alp,tpp_coalition,tpp_flow_alp,tpp_flow_coalition,pm,pm_approve,pm_disapprove,pm_uncommitted,opp_leader,ol_approve,ol_disapprove,ol_uncommitted,ppm_pm,ppm_opp,ppm_uncommitted
1996-03-02,1,,,,39,47,7,2,4,,2,,47,53,,,howard,,,,,,,,,,
1996-05-05,,2058,2.2,phone,31,53,8,3,3,,1,,40,60,,,howard,61,18,21,beazley,48,23,29,61,25,14
1996-06-02,,2062,2.2,phone,35,49,8,3,4,,1,,45,55,,,howard,63,25,12,beazley,53,26,21,61,27,12
1996-06-16,,2063,2.2,phone,36,50,6,3,4,,1,,43,57,,,howard,64,23,13,beazley,48,26,25,61,26,14
1996-06-30,,2057,2.2,phone,36,46,7,4,5,,2,,46,54,,,howard,61,29,10,beazley,52,26,22,58,28,14
1996-07-14,,2055,2.2,phone,37,49,5,4,3,,2,,44,56,,,howard,60,28,13,beazley,52,25,24,59,27,14
1996-08-11,,2059,2.2,phone,39,45,7,3,4,,2,,49,51,,,howard,53,36,12,beazley,50,29,21,55,32,13
1996-08-25,,2057,2.2,phone,36,45,9,3,4,,2,,48,52,,,howard,,,,beazley,,,,53,33,14
1996-10-06,,2078,2.2,phone,35,48,8,3,5,,2,,45,55,,,howard,57,31,12,beazley,45,32,23,58,28,15
1996-11-03,,2060,2.2,phone,34,48,6,4,7,,2,,44,56,,,howard,,,,beazley,,,,56,28,16
1996-12-01,,2065,2.2,phone,37,47,6,3,5,,2,,46,54,,,howard,,,,beazley,,,,55,30,15
1997-01-19,,1956,2.2,phone,35,44,10,3,5,,3,,47,53,,,howard,,,,beazley,,,,54,29,17
1997-02-16,,2053,2.2,phone,36,46,8,4,5,,1,,46,54,,,howard,,,,beazley,,,,53,30,17
1997-04-13,,2064,2.2,phone,35,43,8,3,7,,4,,47,53,,,howard,,,,beazley,,,,51,31,18
1997-04-27,,2055,2.2,phone,36,44,8,3,5,,5,,48,52,,,howard,,,,beazley,,,,,,
1997-05-04,,1032,3.1,phone,34,38,8,4,3,10,2,,50,50,,,howard,,,,beazley,,,,,,
1997-05-25,,2065,2.2,phone,35,39,5,4,3,12,1,,50,50,,,howard,46,43,11,beazley,49,34,17,49,34,17
1997-08-17,,2053,2.2,phone,38,39,7,3,3,9,2,,51,49,,,howard,46,42,12,beazley,45,38,16,48,34,18
1997-10-12,,2057,2.2,phone,36,40,7,3,4,7,2,,50,50,,,howard,45,46,10,beazley,49,36,15,45,36,18
1997-10-18,,1230,2.8,phone,42,38,6,3,3,6,2,,53,47,,,howard,,,,beazley,,,,,,
1997-11-23,,2071,2.2,phone,42,36,5,4,4,7,2,,54,46,,,howard,41,51,8,beazley,54,32,13,41,43,16
1998-02-01,,2059,2.2,phone,45,37,5,3,2,5,2,,56,44,,,howard,44,44,12,beazley,54,31,15,43,41,16
1998-03-01,,2062,2.2,phone,40,38,6,3,3,6,3,,52,48,,,howard,47,40,14,beazley,51,31,18,45,35,20
1998-03-29,,2071,2.2,phone,41,40,6,3,3,6,2,,52,48,,,howard,41,48,11,beazley,52,32,16,41,40,18
1998-04-19,,2059,2.2,phone,41,38,4,2,4,9,2,,52,48,,,howard,,,,beazley,,,,,,
1998-05-24,,2054,2.2,phone,41,39,4,3,4,7,2,,52,48,,,howard,46,44,10,beazley,49,37,15,44,39,17
1998-06-21,,2075,2.2,phone,42,34,4,3,3,12,1,,56,44,,,howard,40,50,10,beazley,50,35,15,41,42,17
1998-07-19,,2067,2.2,phone,39,34,4,4,3,14,2,,56,44,,,howard,39,50,11,beazley,49,37,14,42,42,16
1998-08-15,,2072,2.2,phone,41,40,4,2,2,10,1,,52,48,,,howard,47,44,9,beazley,51,36,13,43,40,16
1998-09-01,,2083,2.2,phone,42,43,3,1,2,8,1,,51,49,,,howard,49,42,9,beazley,51,36,14,45,39,16
1998-09-09,,2077,2.2,phone,39,43,4,2,2,8,1,,49,51,,,howard,49,42,9,beazley,54,35,12,44,41,15
1998-09-16,,1960,2.2,phone,43,42,3,2,2,8,1,,52,48,,,howard,50,43,7,beazley,59,31,10,41,46,14
1998-09-23,,1988,2.2,phone,43,41,5,2,2,7,1,,52,48,,,howard,50,42,9,beazley,57,32,11,43,43,14
1998-09-29,,2029,2.2,phone,40,42,5,2,2,8,1,,50,50,,,howard,52,41,7,beazley,54,35,11,47,42,11
1998-10-01,,2025,2.2,phone,40,42,5,2,2,7,1,,50,50,,,howard,52,41,8,beazley,53,38,9,44,43,13
1998-10-03,1,,,,40,40,5,2,2,8,3,,51,49,,,howard,,,,,,,,,,
1999-02-27,,2063,2.2,phone,38,44,7,4,2,4,1,,49,51,,,howard,52,37,11,beazley,53,33,13,48,38,14
1999-04-11,,2059,2.2,phone,39,41,7,4,3,5,2,,51,49,,,howard,54,35,10,beazley,54,33,13,48,37,15
1999-05-16,,2060,2.2,phone,41,40,7,3,4,4,2,,53,47,,,howard,53,40,7,beazley,55,34,10,46,40,14
1999-06-05,,2063,2.2,phone,41,40,6,3,4,5,1,,52,48,,,howard,51,41,8,beazley,50,39,11,47,40,13
1999-07-18,,2061,2.2,phone,38,42,6,4,3,5,2,,50,50,,,howard,55,36,9,beazley,51,37,12,49,37,13
1999-08-15,,2063,2.2,phone,41,41,7,3,3,4,2,,51,49,,,howard,52,39,9,beazley,52,36,12,47,37,15
1999-10-10,,2057,2.2,phone,40,43,6,3,4,3,1,,51,49,,,howard,61,30,8,beazley,54,35,11,51,36,13
1999-12-05,,2066,2.2,phone,40,42,5,4,4,3,2,,51,49,,,howard,59,33,8,beazley,54,35,11,51,36,12
2000-02-13,,2061,2.2,phone,44,38,6,3,4,2,2,,55,45,,,howard,44,47,9,beazley,52,35,13,43,41,16
2000-03-26,,2077,2.2,phone,42,40,6,3,4,3,2,,54,46,,,howard,47,44,10,beazley,46,41,13,43,38,18
2000-05-21,,2063,2.2,phone,43,41,5,3,3,3,2,,53,47,,,howard,48,43,8,beazley,50,38,12,46,39,15
2000-07-16,,2057,2.2,phone,41,42,5,3,4,3,2,,51,49,,,howard,50,42,8,beazley,47,43,10,47,39,14
2000-08-13,,2062,2.2,phone,42,38,6,4,4,4,2,,53,47,,,howard,51,40,9,beazley,47,42,11,45,39,16
2000-09-24,,2063,2.2,phone,43,38,5,4,5,3,3,,54,46,,,howard,49,42,9,beazley,48,39,13,45,38,18
2000-11-05,,2066,2.2,phone,41,39,6,4,5,4,2,,51,49,,,howard,48,45,8,beazley,47,42,11,45,39,15
2001-02-11,,2068,2.2,phone,43,35,6,4,4,6,2,,56,44,,,howard,43,51,6,beazley,48,42,10,43,42,16
2001-03-11,,2059,2.2,phone,45,32,5,5,5,7,2,,59,41,,,howard,37,55,8,beazley,47,42,11,39,46,16
2001-04-08,,1868,2.3,phone,46,31,7,4,4,5,3,,60,40,,,howard,35,56,9,beazley,47,40,13,37,44,19
2001-05-06,,2072,2.2,phone,41,34,9,4,4,6,1,,56,44,,,howard,39,53,8,beazley,46,41,13,40,43,16
2001-05-27,,2082,2.2,phone,43,34,8,4,4,5,2,,57,43,,,howard,44,49,7,beazley,48,43,8,42,44,14
2001-08-12,,2065,2.2,phone,40,38,7,4,5,5,2,,53,47,,,howard,46,45,9,beazley,46,43,11,44,42,13
2001-09-02,,2058,2.2,phone,40,40,7,4,4,5,1,,52,48,,,howard,57,35,8,beazley,47,44,10,49,39,13
2001-09-23,,2070,2.2,phone,33,49,6,3,4,4,2,,43,57,,,howard,65,28,8,beazley,42,47,11,55,31,14
2001-10-10,,2059,2.2,phone,34,49,6,3,3,3,1,,45,55,,,howard,66,28,6,beazley,47,43,10,56,34,10
2001-10-21,,2068,2.2,phone,39,45,6,3,3,2,1,,49,51,,,howard,62,31,7,beazley,52,37,10,49,37,13
2001-10-28,,1925,2.2,phone,38,46,7,3,3,3,1,,48,52,,,howard,60,33,7,beazley,50,41,8,52,38,10
2001-11-08,,2024,2.2,phone,38,46,6,5,2,3,1,,48,52,,,howard,61,34,5,beazley,51,43,6,52,40,8
2001-11-10,1,,,,38,43,5,5,,4,5,,49,51,,,howard,,,,,,,,,,
2003-01-14,,1549,2.5,phone,34,45,4,9,4,2,2,,48,52,,,howard,62,32,5,crean,37,50,13,65,27,8
2003-05-04,,1400,2.6,phone,35,47,3,9,3,1,1,,47,53,,,howard,61,33,6,crean,25,62,13,64,22,14
2003-05-18,,1413,2.6,phone,38,45,3,9,2,1,3,,49,51,,,howard,61,33,7,crean,30,56,14,61,23,16
2003-09-21,,1423,2.6,phone,34,45,3,8,3,4,2,,48,52,,,howard,59,34,7,crean,28,58,15,64,24,12
2003-12-07,,1363,2.7,phone,37,45,3,7,3,3,2,,48,52,,,howard,63,32,5,latham,,,,58,34,8
2004-02-29,,1426,2.6,phone,43,39,3,9,3,2,1,,54,46,,,howard,54,38,8,latham,62,19,19,47,43,10
2004-03-28,,1403,2.6,phone,43,41,2,8,3,1,2,,55,45,,,howard,55,37,8,latham,57,28,15,48,43,9
2004-04-25,,1411,2.6,phone,42,42,2,8,3,2,1,,53,47,,,howard,55,37,8,latham,54,33,14,50,41,10
2004-05-23,,1409,2.6,phone,43,39,2,10,2,1,2,,56,44,,,howard,52,41,8,latham,58,29,14,47,43,10
2004-06-19,,1419,2.6,phone,42,43,2,8,2,1,1,,52,48,,,howard,54,39,7,latham,55,31,14,50,41,9
2004-07-18,,1414,2.6,phone,40,44,2,9,3,1,1,,52,48,,,howard,53,42,5,latham,50,38,12,50,41,9
2004-08-15,,1413,2.6,phone,39,42,2,9,2,3,2,,53,47,,,howard,54,40,6,latham,54,34,12,51,43,6
2004-09-05,,1415,2.6,phone,40,46,2,9,2,1,1,,50,50,,,howard,55,39,6,latham,51,37,12,51,40,9
2004-09-16,,1408,2.6,phone,40,48,1,8,2,1,1,,49,51,,,howard,56,38,7,latham,55,34,11,49,42,9
2004-09-23,,1417,2.6,phone,36,50,1,8,3,1,1,,46,54,,,howard,58,36,6,latham,51,40,10,52,39,9
2004-10-02,,1397,2.6,phone,39,48,1,8,3,1,1,,48,52,,,howard,57,38,5,latham,53,37,10,52,40,8
2004-10-07,,2029,2.2,phone,37,49,1,7,3,1,2,,46,54,,,howard,60,36,5,latham,50,40,10,53,39,8
2004-10-09,1,,,,38,47,1,7,2,1,4,,47,53,,,howard,,,,,,,,,,
2005-01-22,,1413,2.6,phone,34,52,2,8,2,1,2,,43,57,,,howard,67,28,5,beazley,,,,60,35,5
2005-02-13,,1407,2.6,phone,36,47,1,9,3,1,2,,48,52,,,howard,62,32,6,beazley,50,31,19,56,35,9
2005-03-13,,1415,2.6,phone,39,41,1,11,3,2,3,,52,48,,,howard,54,39,7,beazley,49,33,18,50,40,10
2005-04-10,,1384,2.6,phone,39,43,2,10,3,2,2,,52,48,,,howard,53,38,8,beazley,55,30,14,52,38,10
2005-05-08,,1409,2.6,phone,39,43,2,10,3,1,3,,51,49,,,howard,53,40,7,beazley,49,36,14,52,38,9
2005-06-05,,1401,2.6,phone,38,44,2,9,4,2,2,,49,51,,,howard,59,35,6,beazley,46,41,13,55,35,9
2005-07-03,,1416,2.6,phone,41,40,2,10,4,1,1,,54,46,,,howard,49,44,7,beazley,42,45,13,50,39,11
2005-07-31,,1428,2.6,phone,38,43,3,11,3,1,2,,52,48,,,howard,51,41,7,beazley,40,48,12,53,36,11
2005-08-28,,1360,2.7,phone,36,44,3,10,4,1,2,,50,50,,,howard,51,41,8,beazley,38,48,14,53,36,11
2005-09-25,,1418,2.6,phone,35,43,3,10,6,1,3,,49,51,,,howard,53,40,7,beazley,37,52,11,55,33,12
2005-10-23,,1409,2.6,phone,36,43,3,10,3,1,3,,52,48,,,howard,49,43,8,beazley,35,50,14,52,35,14
2005-11-20,,1413,2.6,phone,43,37,2,10,4,1,4,,58,42,,,howard,43,50,8,beazley,39,47,14,45,43,12
2005-12-18,,1423,2.6,phone,39,39,3,10,4,2,3,,55,45,,,howard,46,45,8,beazley,39,48,13,47,39,13
2006-01-29,,1325,2.7,phone,36,43,2,11,2,1,3,,49,51,,,howard,52,39,8,beazley,41,43,16,54,34,12
2006-02-26,,1399,2.6,phone,40,42,2,10,4,1,3,,52,48,,,howard,52,41,7,beazley,42,46,13,50,36,14
2006-03-26,,1442,2.6,phone,37,43,2,8,5,1,3,,50,50,,,howard,56,35,9,beazley,32,54,14,59,27,15
2006-04-23,,1189,2.8,phone,38,43,2,10,4,1,3,,51,49,,,howard,49,44,8,beazley,30,57,12,52,32,16
2006-05-20,,1427,2.6,phone,40,41,2,11,3,1,2,,54,46,,,howard,53,42,5,beazley,39,51,10,54,34,12
2006-06-17,,1425,2.6,phone,36,41,2,11,6,1,3,,51,49,,,howard,54,38,8,beazley,39,48,13,54,33,13
2007-02-10,,1412,2.6,phone,46,36,2,11,3,,1,1,58,42,,,howard,49,44,8,rudd,65,15,20,43,48,9
2007-03-10,,1404,2.6,phone,50,35,1,9,2,,2,1,61,39,,,howard,46,49,5,rudd,67,19,15,39,53,7
2007-04-21,,1107,2.9,phone,50,37,1,7,3,,1,1,58,42,,,howard,49,45,6,rudd,66,22,12,42,51,6
2007-05-19,,1403,2.6,phone,48,39,1,7,3,,<0.5,1,58,42,,,howard,51,43,6,rudd,64,20,16,43,51,7
2007-06-16,,1403,2.6,phone,48,39,1,8,2,,1,1,57,43,,,howard,50,43,8,rudd,63,23,14,42,48,10
2007-07-14,,1412,2.6,phone,49,39,1,7,2,,2,1,58,42,,,howard,49,44,8,rudd,61,23,16,41,49,8
2007-08-11,,1410,2.6,phone,46,41,<0.5,7,2,,2,2,55,45,,,howard,50,42,8,rudd,59,23,18,42,48,10
2007-09-08,,1380,2.6,phone,49,39,1,7,2,,1,1,57,43,,,howard,50,44,7,rudd,67,21,12,39,52,8
2007-10-06,,1405,2.6,phone,47,40,1,8,1,,1,2,56,44,,,howard,50,44,7,rudd,65,23,12,39,52,9
2007-10-17,,1126,2.9,phone,48,42,1,6,2,,1,1,54,46,,,howard,52,42,7,rudd,60,26,14,43,47,10
2007-10-31,,1476,2.6,phone,48,41,1,6,2,,1,1,55,45,,,howard,51,42,7,rudd,60,26,14,41,49,10
2007-11-14,,1465,2.6,phone,47,43,1,7,1,,1,1,54,46,,,howard,51,43,6,rudd,60,29,11,43,49,8
2007-11-21,,2071,2.2,phone,48,40,1,8,1,,1,1,57,43,,,howard,50,45,5,rudd,61,27,12,40,52,8
2007-11-24,1,,,,43,42,1,8,2,,2,2,53,47,53,47,howard,,,,,,,,,,
2008-05-17,,1400,2.6,phone,46,38,1,8,2,,2,2,57,43,56,44,rudd,69,22,8,nelson,34,48,18,70,17,13
2008-06-14,,1401,2.6,phone,44,38,1,10,3,,2,2,56,44,55,45,rudd,67,27,7,nelson,38,47,14,68,20,12
2008-07-19,,1400,2.6,phone,43,40,1,10,3,,1,2,54,46,54,46,rudd,66,27,7,nelson,36,46,18,65,20,15
2008-08-16,,1400,2.6,phone,43,39,1,9,4,,2,2,55,45,54,46,rudd,60,31,9,nelson,31,53,16,65,19,16
2008-09-20,,1400,2.6,phone,41,42,1,9,3,,1,2,52,48,51,49,rudd,61,31,7,turnbull,45,26,29,56,33,11
2008-10-18,,1400,2.6,phone,46,39,1,9,3,,2,1,56,44,55,45,rudd,71,20,9,turnbull,55,30,15,64,26,9
2008-11-15,,1400,2.6,phone,45,39,1,10,2,,2,1,55,45,55,45,rudd,70,22,7,turnbull,51,35,15,65,27,8
2009-03-27,,1400,2.6,phone,47,37,1,10,2,,2,1,58,42,57,43,rudd,74,22,4,turnbull,43,47,10,69,24,6
2009-05-16,,1400,2.6,phone,44,43,1,8,2,,1,1,53,47,52,48,rudd,64,32,4,turnbull,43,47,10,64,28,8
2009-06-27,,1400,2.6,phone,46,37,1,10,3,,1,2,58,42,57,43,rudd,67,29,4,turnbull,32,60,8,66,25,9
2009-08-15,,1400,2.6,phone,46,38,1,8,3,,2,2,56,44,56,44,rudd,68,27,4,turnbull,31,60,9,67,24,9
2009-09-12,,1400,2.6,phone,44,40,1,8,4,,2,2,55,45,54,46,rudd,70,25,5,turnbull,35,55,10,69,23,8
2009-10-10,,1400,2.6,phone,46,37,1,10,3,,2,1,57,43,57,43,rudd,71,23,5,turnbull,35,53,11,69,23,8
2009-11-07,,1400,2.6,phone,45,38,1,9,2,,2,2,56,44,56,44,rudd,68,28,5,turnbull,37,53,10,68,24,8
2009-11-28,,1200,2.8,phone,42,37,1,13,4,,2,2,56,44,56,44,rudd,66,29,6,turnbull,41,51,9,67,21,12
2010-02-06,,1400,2.6,phone,42,41,1,10,3,,3,2,54,46,53,47,rudd,60,33,8,abbott,44,41,14,58,31,11
2010-03-06,,1400,2.6,phone,42,42,1,9,2,,2,1,53,47,52,48,rudd,57,37,6,abbott,50,41,9,57,35,8
2010-04-17,,1400,2.6,phone,39,42,1,12,3,,2,1,51,49,51,49,rudd,59,36,5,abbott,46,45,9,59,34,7
2010-05-08,,1400,2.6,phone,37,42,1,13,3,,2,2,50,50,51,49,rudd,45,49,6,abbott,46,45,10,53,38,9
2010-06-05,,1400,2.6,phone,33,43,1,15,4,,2,2,47,53,48,52,rudd,41,52,7,abbott,41,51,8,49,39,13
2010-06-25,,993,3,phone,47,42,<0.5,8,2,,1,1,55,45,54,46,gillard,,,,abbott,40,46,14,55,34,11
2010-07-10,,1400,2.6,phone,39,42,1,13,3,,1,1,52,48,52,48,gillard,54,32,14,abbott,43,51,6,56,35,9
2010-07-22,,1400,2.6,phone,42,41,<0.5,12,3,,1,1,54,46,54,46,gillard,56,33,11,abbott,43,51,7,55,34,11
2010-07-29,,1356,2.7,phone,36,45,<0.5,12,3,,2,1,48,52,48,52,gillard,51,39,10,abbott,49,45,6,49,41,9
2010-08-05,,1369,2.6,phone,36,44,1,13,2,,2,1,49,51,49,51,gillard,52,38,10,abbott,50,43,7,49,41,10
2010-08-12,,1346,2.7,phone,40,41,1,12,2,,2,1,53,47,52,48,gillard,54,36,10,abbott,45,48,6,52,38,9
2010-08-19,,2040,2.2,phone,39,41.5,1,13,2,,2,1.5,52,48,52,48,gillard,50,41,9,abbott,46,49,5,51,40,10
2010-08-21,1,,,,38,44,<0.5,12,3,,2,2,50,50,50,50,gillard,,,,,,,,,,
2010-10-23,,1400,2.6,phone,34,43,,14,4,,2,2,51,49,49,51,gillard,54,39,7,abbott,45,50,5,53,39,7
2010-11-20,,1400,2.6,phone,35,43,,13,4,,3,1,49,51,49,51,gillard,54,39,6,abbott,47,48,5,53,40,7
2011-02-12,,1400,2.6,phone,32,46,,12,4,,3,2,47,53,46,54,gillard,52,43,5,abbott,46,49,5,51,41,8
2011-03-12,,1400,2.6,phone,33,45,,12,5,,3,2,48,52,46,54,gillard,47,47,6,abbott,43,52,5,51,42,7
2011-04-16,,1400,2.6,phone,31,47,,12,6,,3,2,44,56,44,56,gillard,45,50,6,abbott,42,51,6,50,42,8
2011-05-14,,1400,2.6,phone,31,47,,10,6,,5,2,44,56,44,56,gillard,43,52,5,abbott,45,50,6,47,44,10
2011-06-16,,1400,2.6,phone,27,49,,12,4,,5,3,41,59,41,59,gillard,37,59,4,abbott,46,50,4,46,46,8
2011-07-16,,1400,2.6,phone,26,51,,11,6,,5,2,39,61,39,61,gillard,34,62,3,abbott,47,48,4,40,51,9
2011-08-13,,1400,2.6,phone,28,48,,12,6,,3,2,44,56,42,58,gillard,38,57,5,abbott,43,52,5,44,47,10
2011-09-10,,1400,2.6,phone,27,48,,13,6,,4,2,43,57,42,58,gillard,32,62,5,abbott,43,52,5,40,48,12
2011-10-15,,1401,2.6,phone,30,48,,12,5,,4,1,44,56,43,57,gillard,33,62,5,abbott,41,54,5,44,48,8
2011-11-12,,1400,2.6,phone,30,45,,14,6,,4,2,46,54,45,55,gillard,39,57,4,abbott,41,54,5,45,45,10
2011-12-10,,1400,2.6,phone,29,49,,11,5,,4,2,43,57,43,57,gillard,35,58,6,abbott,41,53,6,42,46,11
2012-02-04,,1400,2.6,phone,33,45,,13,5,,3,1,48,52,47,53,gillard,40,55,5,abbott,41,54,5,48,46,7
