id,date,masthead,title,match,excerpt,url
131180529,1990-02-21,The Canberra Times (ACT : 1926 - 1995),And now for the first test,AGB McNair,"…10-11, before the March 24 poll date was announced and during the period the Coalition suffered a series of setbacks, notably over its health policy. A more contemporary poll, by AGB:McNair and published in yesterday's Melbourne Herald, showed 38 per cent support for the ALP, 32 per cent for the Coalition, 9 per cent for the Democrats and 11 per cent undecided. The poll, conducted by phone last Saturday, had 44 per cent rating Mr Hawke as the better Prime Minister, with 16 per cent opting for Mr Peacock and 25 per cent ""don't knows"". Mr Hawke began his first campaign visit to Melbourne, the most critical city in the country in terms of marginal seats, with a news confere…",https://trove.nla.gov.au/newspaper/article/131180529
132379816,1992-05-16,The Canberra Times (ACT : 1926 - 1995),Opinions on flag are unchanged POLL WATCH,AGB McNair,Opinions on flag are unchanged POLL WATCH AGB McNair…,https://trove.nla.gov.au/newspaper/article/132379816
132380600,1992-05-20,The Canberra Times (ACT : 1926 - 1995),Govt and Opposition 'run neck and neck',AGB poll,"…t and Opposition 'run neck and neck' By ROSS PEAKE, Political Correspondent The Federal Government and the Opposition are running neck-and-neck, according to a poll out today. The AGB poll published in the Bulletin magazine says the ALP and the Coalition each have 40 per cent support in the electorate. The Prime Minister, Paul Keating, retains a narrow margin over the Opposition Leader, John Hewson, as preferred Prime Minister. The survey of 1264 electors was taken over four weekends, from April 17 to last Sunday. It reflects the effects of the Metherell affair in NSW, debate on changing the flag, and the early stages of the Marshall Islands affair, which led to the resig…",https://trove.nla.gov.au/newspaper/article/132380600
126928543,1992-06-13,The Canberra Times (ACT : 1926 - 1995),Labor 'would have won in NSW' POLL WATCH,AGB poll,"…t to 40, and her disapproval rating increased from 49 per cent to 54. In the federal arena, the Coalition's lead in the race for the Senate seat has been reduced by 3 per cent, an AGB poll, published in the Bulletin magazine, has found. The poll, of 4163 electors interviewed face-to-face nation-wide in May, found support for the Coalition down to 40 per cent, the Labor party also down two to 37 per cent.…",https://trove.nla.gov.au/newspaper/article/126928543
126938585,1992-07-27,The Canberra Times (ACT : 1926 - 1995),PM's popularity slumps,AGB poll,"…olls. His personal approval rating slumped in the wake of the issue of the June jobless data on July 9, according to Time magazine's Morgan Gallup Poll and the Bulletin magazine's AGB poll, reported on television news bulletins last night."" But the Coalition appeared to have gained little from the gloom over unemployment, although it retained a handy lead over Labor in both polls. The Seven Network said Time's poll showed the Coalition with a two-party preferred lead of 10 percentage points over Labor. Its primary vote was unchanged on the previous poll at 44 per cent. Continued on Page 2 Slump noted in Keating's , popularity Continued from Front Page The ALP's primary vo…",https://trove.nla.gov.au/newspaper/article/126938585
126941176,1992-09-07,The Canberra Times (ACT : 1926 - 1995),Budget help to ALP: poll,AGB poll,"…port for the ALP jumped 5.5 per cent to 39.5 per ccnt after the Budget's release - putting the Government in a better position than at the last election in March 1990. However, an AGB poll of NSW voters concerning the next federal election shows the federal Labor Party has lost its lead and fallen behind the Opposition. This poll, for The Bulletin, found the Coalition had moved ahead by three percentage points. Polling nationally, the survey showed the Coalition maintained a six-point lead over Labor, with both major parties and the Democrats falling one percentage point.…",https://trove.nla.gov.au/newspaper/article/126941176
126953979,1992-11-07,The Canberra Times (ACT : 1926 - 1995),POLL WATCH Keating tops Hewson,AGB poll,"…owed that support for the Labor Party has climbed to 40 per cent, three percentage points behind the Liberal-National Coalition and the closest the parties have been all year. The AGB Poll published in The Bulletin found that only 27 per cent of respondents approve of Mr Keating — a drop of one point from the previous poll — a steady 45 per cent disapprove and 28 per cent remain uncommitted. According to this poll, Dr Hewson's approval also dropped one point to 27 per cent while his disapproval rating has increased two points to 40 per cent. Mr Keating was preferred prime minister for 38 per cent of respondents to this poll, a drop of three points, while 35 per cent prefe…",https://trove.nla.gov.au/newspaper/article/126953979
126961780,1992-12-12,The Canberra Times (ACT : 1926 - 1995),Labor seven points ahead POLL WATCH,AGB poll,"…r Keating and 30 per cent prefer Dr Hewson. Only with the over-40 voters is Dr, Hewson the preferred prime minister. He leads Mr Keating by about two points in that age group.. An AGB poll published in The Bulletin found that 75 per cent of people were concerned about the growing unemployment figures. The poll asked respondents to name the issues that concerned them. Sixty-five per cent said violence, 61 per cent health, 58 per cent education and 53 per cent .the environment. ' The poll then asked the respondents to-name the issue that concerned them most.' Twenty-eight per cent said unemployment, 14 per cent violence, 10 per cent health, 9 per cent education and 8 per ce…",https://trove.nla.gov.au/newspaper/article/126961780
126963602,1992-12-19,The Canberra Times (ACT : 1926 - 1995),POLL WATCH Labor holds poll lead in both houses,AGB McNair,POLL WATCH Labor holds poll lead in both houses AGB McNair…,https://trove.nla.gov.au/newspaper/article/126963602
126967958,1993-01-09,The Canberra Times (ACT : 1926 - 1995),Coalition gains ground POLL WATCH,AGB McNair,Coalition gains ground POLL WATCH AGB McNair…,https://trove.nla.gov.au/newspaper/article/126967958
126970231,1993-01-19,The Canberra Times (ACT : 1926 - 1995),"Labor, Libs are equal favourites",AGB McNair,"…1995), Tuesday 19 January 1993, page 2 Labor, Libs are equal favourites The Federal Government and the Opposition are running neck and neck in popularity, according to the latest AGB McNair survey. It showed support for Labor was down two points to 43 per cent. The Opposition was unchanged on 42. The survey, to be published in The Bulletin magazine today, also showed little change in the preferred prime minister. The Prime Minister, Paul Keating, was unchanged on 41 per cent while the Opposition leader, John Hewson, was up one point to 37 per cent. The results contrast with a volatile poll published by Quadrant Research yesterday, showing Opposition support had slipped f…",https://trove.nla.gov.au/newspaper/article/126970231
126971123,1993-01-23,The Canberra Times (ACT : 1926 - 1995),Polls show Labor is doing it tough,AGB McNair,"…in both Canberra and Perth, being pulled back one percentage point by the Coalition in the federal arena and trailing by eight points in Western Australia, according to the latest AGB McNair polls. The polls, published in this week's Bulletin, show 41 per cent of those polled in early January prefer Paul Keating as Prime Minister, and 37 per cent John Hcwson — one point higher than in mid-Dccembcr. The parties were almost neck and neck, with support for Labor falling two percentage points to 43 per cent and support for the Coalition steady on 42 per cent. Support for the Australian Democrats was steady on 3 per cent, Independents were also steady on 6 per cent and unspeci…",https://trove.nla.gov.au/newspaper/article/126971123
126972749,1993-01-30,The Canberra Times (ACT : 1926 - 1995),Surveys show holiday volatility,Saulwick AGB McNair,"…n over three weekends in January. A graph published in The Australian Financial Review on Wednesday plotted the average figures of five recentlypublished polls — Morgan, Newspoll, Saulwick, AGB and Quadrant. This graph showed a slump in support for the Coalition in November, which prompted the alterations to Fightback, and the party's subsequent recovery. This graph put the Coalition slightly ahead with about 45 per ccnt support. However, the only conclusion the Financial Review drew was .that uthc race remains very close"". It also warned that the most recent polls were clouded because of Ihe distractions of the holiday season and the volatility in the political climate w…",https://trove.nla.gov.au/newspaper/article/126972749
126973231,1993-02-01,The Canberra Times (ACT : 1926 - 1995),ALP stretches lead and people choose Keating,AGB McNair,"…onday 1 February 1993, page 2 ALP stretches lead and people choose Keating SYDNEY: Labor has increased its lead over the federal 'Opposition by 4 per cent, according to the latest AGB McNairpolI in The Bulletin. The poll, conducted nationally over the last three weekends in January, showed that support for the federal ALP had increased to 45 per cent from 43 per cent in January, but support for the Coalition was down from 42 per cent to 41. At the beginning of the month the Coalition was only one point behind the ALP. Support for the minor parties and Independents declined from 15 per cent to 14 per cent. Voting in a state-by-state breakdown showed that the ALP held the s…",https://trove.nla.gov.au/newspaper/article/126973231
126974207,1993-02-06,The Canberra Times (ACT : 1926 - 1995),Polls fail to recognise clear leader POLL WATCH,AGB McNair,"…ate January, showed Dr Hewson's approval rating at 27, compared with Mr Keating's 23. Dr Hewson's disapproval rating was also lower than that of Mr Keating, 28 compared to 39. The AGB McNair poll, published in The Bulletin, shows federal Labor's support up two points to 45 per cent from early January and support for the Liberal and National parties down one point to 41 per cent. The poll, also conducted in January, showed Mr Keating's personal popular ity rating remaining at 31 per cent and Dr Hewson's dropping by 2 points to 29 per cent. Men preferred Mr Keating (47 per cent) over Dr Hewson ( 34 per cent) as prime minister, while women were more evenly split. Mr Keating…",https://trove.nla.gov.au/newspaper/article/126974207
126976907,1993-02-18,The Canberra Times (ACT : 1926 - 1995),THE POLLS,AGB McNair,"18 Feb 1993 - THE POLLS Canberra Times (ACT : 1926 - 1995), Thursday 18 February 1993, page 5 THE POLLS Saulwick appears la the Sydney Morning HtnU aid The Age; AGBMcNair io The Bulletin; Morgan is rime,'and Nempoll ia The Autniin. The Government received mixed signals from public-opinion poll results issued yesterday, the Newspoll suggesting that it had misjudged some key issues and the Saulwick poll indicating that it was doing better in marginal electorates than national polls indicated. The Newspoll data suggested that the Government's women's package, including the 30 per cent child-care rebate, had fallen flat in the electorate, voters continuing…",https://trove.nla.gov.au/newspaper/article/126976907
126977063,1993-02-19,The Canberra Times (ACT : 1926 - 1995),THE POLLS,AGB McNair,"19 Feb 1993 - THE POLLS Canberra Times (ACT : 1926 - 1995), Friday 19 February 1993, page 5 THE POLLS Saalwick appears in the Sydney Morning UtnU and The Age; AGBMcNair in The Bulletin; Morgan ia Time; isd Newipoll in The Australia*.…",https://trove.nla.gov.au/newspaper/article/126977063
126977346,1993-02-20,The Canberra Times (ACT : 1926 - 1995),THE POLLS,AGB McNair,"20 Feb 1993 - THE POLLS Canberra Times (ACT : 1926 - 1995), Saturday 20 February 1993, page 5 THE POLLS Bv NAOMI MAPSTONE The latest AGB McNair poll, published in the Bulletin, shows Mr Keating's attempts to sway the women's vote have been to no avail, with 27 j)er cent of those interviewed saying Mr Keating's policy initiatives for women made them less likely to vote for Labor, 21 percent saying they would be more likely to vote for Labor and 42 per cent saying it made' no difference at all. The poll, conducted after the first week of campaigning; used data from 302 telephone interviews. - < It also showed Labor's assault on…",https://trove.nla.gov.au/newspaper/article/126977346
127199003,1993-03-02,The Canberra Times (ACT : 1926 - 1995),Full employment and no spending commitments in Liberal launch Hewson takes up GST fight,AGB McNair,"…5 percent, Coalition 50.5 percent. The previous week's survey gave the Opposition a seven-point lead. Dr Hewson leads Mr Keating as preferred prime minister, 38-37. The Bulletin's AGB-McNair poll shows Labor making up five points to 45 per cent, with the Coalition static at 47 per cent. These latest polls confirm the trend revealed of two earlier polls this week that Labor is clawing back support, gaining momentum from its scare campaign against the GST. In a break with tradition, the Opposition began yesterday's launch with emotive appearances by five ""ordinary Australians"", who blamed the Prime Minister for their troubles. As well, Carolyn Hewson introduced her husband,…",https://trove.nla.gov.au/newspaper/article/127199003
127200877,1993-03-10,The Canberra Times (ACT : 1926 - 1995),ELECTION COUNTDOWN POLLS | Labor talks about life in Opposition,AGB McNair,"…the lead with 47 per cent compared to the ALP's 42 per cent, but translated this to a two-party preferred vote of SO per cent each. The Newspoll largely confirms the trend of the AGB-McNair poll published in this week's Bulletin magazine which has the parties level pegging on the primary vote at 46 per cent each, and the Morgan poll has the Coalition with a three-point lead in the primary vote. 1990 election campaign had settled, Labor Members freely admitted that they had expected to lose that campaign. Many were frankly surprised that the Labor Party had been returned to power on the basis of an astutely judged marginal scats campaign. The difference between 1990 and 1…",https://trove.nla.gov.au/newspaper/article/127200877
127202251,1993-03-16,The Canberra Times (ACT : 1926 - 1995),Women put their faith in Keating,AGB McNair,"…costs of a GST. All things considered -menstruation or not - women needed a Labor Government, or certainly had less to fear from a Labor Government. And so exit polls conducted by AGB McNair on Saturday at 42 seats around the country showed that 50 per cent of women in marginal seats had voted for the ALP. Research manager John Mitchell said it was the first election in which the female vote for Labor had equalled the male vote. Women traditionally vote conservative, and it was from that position that the Keating/Summers duo were serenading. Mitchell confirmed that the GST was what most prompted people to vote Labor, with Medicare and health second on the women's list of…",https://trove.nla.gov.au/newspaper/article/127202251
127203077,1993-03-20,The Canberra Times (ACT : 1926 - 1995),POLL WATCH Voters decided before the campaign began,AGB McNair,"…POLL WATCH Voters decided before the campaign began Most voters decided who they would vote for even before the election campaign had begun, according to an exit poll conducted by AGB McNair and published in The Bulletin magazine. The poll found that 48 per ccnt of Coalition voters and 42 per cent of Labor voters had decided who they would vote for before the campaign began. Twenty-one per cent of Coalition voters had derided early in the campaign, compared with 19 per cent of Labor voters. Twenty-one per cent of Labor voters said they had decided in the last week or so of the campaign compared with 17 per ccnt of Coalition voters. Seventeen percent of Labor voters and 13…",https://trove.nla.gov.au/newspaper/article/127203077
127203699,1993-03-23,The Canberra Times (ACT : 1926 - 1995),Lib machine adds sting on ballot eve,AGB McNair,"…aid. ""People recognise that an inherendy unpopular man as Paul Keating, because of his political skills, was able to win an election that very few people thought he would win."" An AGB McNair telephone poll pub lished last night said Dr Hewson had a comfortable lead - 57 to 43 per cent - in the leadership race. Dr Hewson said his support had picked up in recent days and he denied a narrow win would mean continued uncertainty. He said he was not rushing the ballot ahead to prevent Mr Howard building support., Mr Goldsworthy said he wanted to overhaul the Liberal organisation with fewer but bigger branches dedicated to constant campaign ing. ""Whoever is elected leader and de…",https://trove.nla.gov.au/newspaper/article/127203699
127204689,1993-03-27,The Canberra Times (ACT : 1926 - 1995),POLL WATCH Keating's approval rate peaks at 42pc,AGB McNair,"…slightly, from 10.6 per cent on election night to 12 per cent. The Newspoll data was collected from 1128 telephone interviews with random subjects from all Australian states. Two AGB McNair polls published in The Bulletin examined NSW and South Australian state politics. {n NSW, the approval rating of the Premier, John Fahey, has fallen 8 percentage points since November to 37 per cent. Mr Fahey's disapproval rating rose 7 percentage points to 24 per cent and the number of voters who preferred him as Premier fell by 2 to 45 per cent. Approval for the NSW Leader of the Opposition, Bob Carr, fell by 3 percentage points to 31 per cent and his disapproval rating rose by I to…",https://trove.nla.gov.au/newspaper/article/127204689
127205554,1993-03-31,The Canberra Times (ACT : 1926 - 1995),Keating support up since poll,AGB McNair,"…ting support up since poll Support for Labor and the Prime Minister, Paul Keating, surged after their March 13 election win, according to the first post-election opinion poll. The AGB McNair poll published in this week's Bulletin magazine shows Labor opening up a 12 percentage point lead, 50 per cent to 38 per cent, in a survey taken on the Sunday after the election and on the weekend of March 19-21. Its findings arc good news for Mr Keating's nominee as Attorney-General, Michael Lavarch, who is yet to win his south-east Queensland seat of Dickson where voting was delayed to April 17 by the death of a candidate. Science awards Awards will be presented today to journalists…",https://trove.nla.gov.au/newspaper/article/127205554
126982731,1993-04-17,The Canberra Times (ACT : 1926 - 1995),Labor keeps top spot in the polls POLL WATCH,AGB McNair,"…POLL WATCH The Keating Government remains nine percentage points ahead of the Opposition despite a decline in support for the ALP over the past two weeks, according to the latest AGB McNair poll published in The Bulletin. Support for the ALP decreased by one point to to 49 per cent and support for the Coalition increased by two points to 40 per cent, the poll showed. Paul Keating, now has an 18 percentage-point lead over John Hewson as preferred Prime Minister — the widest gap between the two since they took up the leadership of their parties. Forty-nine per cent of those surveyed, up one point, preferred Mr Keating, compared to 31 per ccnt, down two points, who favoured…",https://trove.nla.gov.au/newspaper/article/126982731
126983501,1993-04-21,The Canberra Times (ACT : 1926 - 1995),NSW Labor leads by 11pc,AGB McNair,"…ALP support in NSW climbed from 41 per cent in March to 50 per cent in April and the LiberalNational parties' support fell by 2 per cent to 39 per cent in April, according to the AGB McNair poll in The Bulletin today. As well, approval of Premier John Fahey fell two points to 35 per cent, and Opposition Leader Bob Carr's approval rating rose three points to 34 per cent. ALP support was strongest in Sydney, where 52 per cent said they would vote for Labor, compared with 38 per cent for the Government. But in the rest of the state support for both sides was even on 48 per cent. On the question of preferred Premier, 41 per cent (down four points) opted for Mr Fahey, and 36…",https://trove.nla.gov.au/newspaper/article/126983501
126984220,1993-04-24,The Canberra Times (ACT : 1926 - 1995),Gap wider between federal parties,AGB McNair,"…ncommitted. Newspoll used data from telephone interviews of 1121 voters across Australia. Support for the NSW Opposition rose nine points in a month to 50 per cent, The Bulletin's AGB McNair poll reports.…",https://trove.nla.gov.au/newspaper/article/126984220
126985225,1993-04-28,The Canberra Times (ACT : 1926 - 1995),Government support is on the increase,AGB McNair,"…s (ACT : 1926 - 1995), Wednesday 28 April 1993, page 4 Government support is on the increase The Federal Government widened its lead over the Coalition to 11 points in the lastest AGB McNair opinion poll published in this week's Bulletin magazine. Hie poll, taken in mid-April, showed a one-point increase in support for the ALP to 50 per cent from the last poll in early April, compared to the Coalition's 39 per cent — down one point Victoria was the only state in which the ALP did not maintain a lead. There, both sides were level on 46 per cent The Prime Minister, Paul Keating, maintained his 49 to 31 lead over the Opposition leader, John Hewson, as preferred prime ministe…",https://trove.nla.gov.au/newspaper/article/126985225
126985892,1993-05-01,The Canberra Times (ACT : 1926 - 1995),POLL WATCH Coalition trailing Govt by even more,AGB McNair,"…turday 1 May 1993, page 2 POLL WATCH Coalition trailing Govt by even more The federal Coalition has fallen further behind the Government in public opinion, according to the latest AGB McNairpoll published in The Bulletin. The Coalition is now 11 points behind, its support having declined by one point to 39 per cent. The Labor Party's support increased by one point to 50 per cent and support for the Australian Democrats remained steady at 3 per cent. Support for Independents increased by one point to 4 per cent and support for others was down one to 4. The approval rating of the Prime Minister, Paul Keating, increased by one point to 38 per cent and his disapproval rating…",https://trove.nla.gov.au/newspaper/article/126985892
126986870,1993-05-05,The Canberra Times (ACT : 1926 - 1995),FEDERAL POLITICS Nats play down republic split,AGB McNair,"…ee which has six Liberal frontbenchers. A survey yesterday found support for Australia becoming a republic has risen from 41 per cent to 45 per cent in the past year. However, the AGB McNair poll said more than 60 per cent of people surveyed believed the move towards a republic would causc social divisions. The Nationals' federal management committee reaffirmed last week the party's strong support for the constitutional monarchy. The Leader of the Opposition, John Hewson, has opened the way to change the Liberal Party's promonarchy policy by calling for wide debate among the grass-roots membership in the lead-up to the party's federal council meeting in August which will…",https://trove.nla.gov.au/newspaper/article/126986870
126987379,1993-05-08,The Canberra Times (ACT : 1926 - 1995),POLL WATCH 56pc predict republic by year 2001,AGB McNair,"…urday 8 May 1993, page 2 POLL WATCH 56pc predict republic by year 2001 A clear majority of voters thinks Australia will become a republic by the year 2001, according to the latest AGB McNair poll, published in The Bulletin. Fifty-six per cent of voters polled said Australia would become a republic by the year 2001. In.a separate question, 43 per cent said they believed it should become a republic. Thirty-six per cent were opposed to Australia becoming a republic, but only 25 per cent said they did not think Australia would become a republic by the year 2001. Ah overwhelming majority, 83 per cent, said they would prefer to have the people elect a president. Only 8 per cent…",https://trove.nla.gov.au/newspaper/article/126987379
126988868,1993-05-15,The Canberra Times (ACT : 1926 - 1995),Federal politicians' popularity declines POLL WATCH,AGB McNair,"…rime Minister, Paul Keating, is still well up as the preferred Prime Minister, with 48 per cent support, compared with the Opposition leader John Hewson's 30 per cent. This week's AGB McNair poll in The Bulletin showed that support for Labor was down three points to 47 per cent in late April, but the Government was still eight points ahead. The Coalition's support was steady on 39 per cent. The Australian Democrats gained one point to 4 per cent, and support for independents and ""others"" was also up one point to 5 per cent. Labor's support was strongest in NSW and Victoria, but it also led in South Australia. The Coalition led in Queensland and Western Australia. Mr Kcati…",https://trove.nla.gov.au/newspaper/article/126988868
126990297,1993-05-22,The Canberra Times (ACT : 1926 - 1995),"Keating, Labor slip, but still well in front POLL WATCH",AGB McNair,"…for both the Prime Minister, Paul Keating, and the federal Labor Party declined last month, but they still lead John Hewson and the Opposition comfortably, according to the latest AGB McNair poll, published in The Bulletin. Far more voters — 48 per cent — preferred Mr Keating as Prime Minister, although this had been 49 per cent in mid-April, than chose Dr Hewson (30 per cent). Support for Labor was down from 50 to 47 per cent and support for the Coalition was steady at 39 per cent. The Australian Democrats improved from 4 to 5 per cent. Mr Keating's approval rating declined from 38 to 37 per cent, but Dr Hewson's eased from 26 to 24 per cent. Mr Keating's disapproval rat…",https://trove.nla.gov.au/newspaper/article/126990297
126991118,1993-05-26,The Canberra Times (ACT : 1926 - 1995),Coalition refuses to overturn tax cuts,AGB McNair,"…ow the two groups were expected to interreact would be given by Mr Keating on Friday. Mr Keating has nominated an attack on long-term unemployment as one of his principal aims. An AGB McNair poll to be published in the Bulletin today shows support for the Federal Opposition rose two points in mid-May. The Coalition got the support of 41 per cent of respondents with the Leader of the Opposition, John Hewson, also improving his personal approval 1 rating. However Labor, with 48 per cent of the vote (up one point), still holds a comfortable sevenpercentage-point lead over the combined Liberal-National parties. Mr Keating's standing dropped one percentage point to 36 per cent…",https://trove.nla.gov.au/newspaper/article/126991118
127230754,1993-06-05,The Canberra Times (ACT : 1926 - 1995),Hewson recovers a little popularity POLL WATCH,AGB McNair,"…views with voters across Australia, conducted on May 15 to 16 and May 22 to 23. Support for the ALP in the Senate had risen since the election on March 13, according to the latest AGB McNair poll, published in The Bulletin. Aggregate national support for the ALP in the Senate was up from 43.5 per cent on March 13 to 45 percent. Aggregate support for the Liberal-National Coalition in the Senate fell from 42.7 on March 13 to 39 percent. The Australian Democrats and Independents had 6 per cent support each. The AGB McNair poll used data from 2069 face-to-face interviews with voters across Australia oil May 7 to 9 and 14 to 16. All figures arc rounded percentages.…",https://trove.nla.gov.au/newspaper/article/127230754
127232220,1993-06-12,The Canberra Times (ACT : 1926 - 1995),"POLL WATCH Support for ALP down, polls show",AGB McNair,"…(ACT : 1926 - 1995), Saturday 12 June 1993, page 2 POLL WATCH Support for ALP down, polls show The federal Coalition has gained ground on the Government, accord' ing-to the latest AGB McNair poll, published in The Bulletin. Support for the federal Labor party was down two points to 46 per cent in mid-May, while support for the Coalition was steady at 41 per cent. The approval rating of the Prime Minister, Paul Keating, dropped three points to 33 per cent. The rating of the Leader of the Opposition, John Hewson, was steady at 25 per cent. Mr Heating's disapproval rating rose four points to 45 per cent and Dr Hewson's fell two points also to 45 per cent. Mr Keating still le…",https://trove.nla.gov.au/newspaper/article/127232220
127234419,1993-06-23,The Canberra Times (ACT : 1926 - 1995),"Support drops for Coalition, Hewson: poll",AGB McNair,"…the Coalition and the Leader of the Opposition, John Hew son, has dropped and support for the Labor Party and the Prime Minister, Paul Keating, has risen, according to the latest AGB McNair poll. The poll, conducted earlier this month and published in The Bulletin today, shows a one percentage point drop in support for the Coalition and a one point rise in support for Labor since late May, taking the Govern ment to 47 per cent and the Opposi tion to 40 per cent. The increase for the ALP comes despite controversy about Mabo, the republican debate and the Budget. Support for the Democrats has dropped from 4 per cent to 2 per cent and support for independents was up one poi…",https://trove.nla.gov.au/newspaper/article/127234419
127235955,1993-06-30,The Canberra Times (ACT : 1926 - 1995),Employers polled on enterprise bargains,AGB McNair,"…bout enterprise bargaining. With the Minister for Industrial Relations, Laurie Brcreton, scheduled to make some key decisions about enterprise bargaining over the next two months, AGB McNair will canvass the views of 700 employers around Australia. The work is being carried out on behalf of the Research and Policy Development Branch of the department and is expected to be published before the end of the year. In a letter to employers, the department will seek their cooperation in a telephone survey to ""provide a coherent and rigorous body of research to assist in informing debate and policy formulation regarding the nature and future direction of the wage-fixing system in…",https://trove.nla.gov.au/newspaper/article/127235955
127237630,1993-07-07,The Canberra Times (ACT : 1926 - 1995),Government still ahead in poll,AGB McNair,"…a Times (ACT : 1926 - 1995), Wednesday 7 July 1993, page 3 Government still ahead in poll The Federal Government has maintained its lead over the Coalition according to the latest AGB McNair opinion poll in this week's Bulletin magazine. The poll, taken in late June, shows the ALP steady with 47 per cent voter support against the Coalition's 40 per cent. That means no change from the previous poll taken in the middle of last month. But the Opposition Lead John Hewson: gaining. er, John Hewson, has narrowed Prime Minister Paul Keating's lead as preferred Prime Minister. Dr Hewson's stocks rose by three points to 33 per cent and Mr Keating was steady on 45 per cent — 22 per…",https://trove.nla.gov.au/newspaper/article/127237630
127237688,1993-07-07,The Canberra Times (ACT : 1926 - 1995),Optus lags in opinion poll,AGB McNair,"…wing Telecom Australia with a clear lead as favoured supplier of long-distance and international telephone services did not worry its rival, an Optus spokesman said yesterday. The AGB McNair poll published in this week's Bulletin magazine, says 54 per cent of respondents will either definitely (30 per cent) or probably (24 per cent) vote to remain with Telecom in the upcoming consumer ballots. Optus attracts only 17 per cent of preferences, with 8 per cent saying they will definitely choose the new carrier, and 9 per cent saying ""probably"". Canberra telephone subscribers will vote for their preferred long-distance carrier on July 15 followed by Sydney on August 3. Optus s…",https://trove.nla.gov.au/newspaper/article/127237688
127239399,1993-07-14,The Canberra Times (ACT : 1926 - 1995),Long-term tenure for Hewson rated low,AGB McNair,"…agenda ahead of economic dogma when it frames new policies. The message emerged as a main priority during the first full-day meeting of the Opposition policy review committee. The AGB McNair poll to be published in today's Bulletin magazine found 52 per cent of voters believe Dr Hewson will be forced to resign as leader before the election, and a further 15 per cent believe he will resign of his own accord. The telephone poll last weekend of 1509 people also found that even a slim majority of Opposition sup porters — 51 per cent — believe hej will be either forced out of the posi tion or leave of his own volition. | Dr Hewson is seen as a trustworthy and competent leader,…",https://trove.nla.gov.au/newspaper/article/127239399
127241032,1993-07-21,The Canberra Times (ACT : 1926 - 1995),"Fischer will batten down, says Hewson",AGB McNair,"…ection. Dr Hewson has been trying to combat a perception that he is a temporary leader after defeating John Howard in a party room ballot after the election defeat. But the latest AGB McNair poll in today's Bulletin magazine shows Dr Hewson's approval rating down two points to 21 per cent. Dr Hewson called on the media to be responsible by focusing on issues apart from speculation about his leadership. ""John Hewson will survive and I am not distracted by any of that,"" he said. ""Focusing on me day after day is a bit of a blood sport in Canberra but focusing on me isn't going to create one more job.""…",https://trove.nla.gov.au/newspaper/article/127241032
127223882,1993-08-04,The Canberra Times (ACT : 1926 - 1995),PM's popularity rating slips,AGB McNair,"…1926 - 1995), Wednesday 4 August 1993, page 5 PM's popularity rating slips The personal-approval rat-ing by voters of the Prime Min-ister, Paul Keating, has declined in the latest AGB McNair opinion poll, pub-lished in this week's Bulletin. The poll, taken in late July, shows that 27 per cent of voters surveyed approved Mr Keating's performance, com-pared with 31 per cent early in the month. But he still led the Opposi-tion Leader, John Hewson, whose approval rating re- mained steady at 21 per cent. Mr Keating's disapproval rat-ing increased from 46 per cent to 50. Dr Hewson's, too, in-creased from 44 to 48 per cent. On who was the preferred prime minister, Mr Keating sco…",https://trove.nla.gov.au/newspaper/article/127223882
127227906,1993-08-23,The Canberra Times (ACT : 1926 - 1995),Govt waters down 'no cuts' pledge,AGB McNair,"…t did not mean ""we won't make some further cuts in future years to make way for other expenditures that we will have to meet"". In other developments in the row over the Budget: An AGB McNair poll in this week's Bulletin shows that 73 per cent of voters disapprove of last week's Budget (up from 49 per cent in 1992), 63 per cent believe the Opposition and minor parties should combine in the Senate to oppose it. The Opposition Leader in the Senate, Robert Hill, flagged the possibility of a High Court challenge to the Government's omnibus tax legislation on the grounds that it was unconstitutional in imposing more than one tax, and should be split into separate Bills (which t…",https://trove.nla.gov.au/newspaper/article/127227906
127247294,1993-09-15,The Canberra Times (ACT : 1926 - 1995),PM continues to lose support,AGB McNair,"…Budget and Federal Government back-downs resulted in a drop in the popularity of the Prime Minister, Paul Keating, and the Labor Party, according to the latest Bulletin poll. The AGB McNair poll published in the Bulletin found Mr Heating's popularity as preferred prime minister fell five points to 31 per cent. The number of people who preferred the Opposition Leader, John Hewson, as leader rose four points to 38 per cent. That compared to 40 per cent preferring Mr Keating as prime minister in a poll taken in August and 33 per cent for Dr Hewson. Support for the ALP fell three points to 36 per cent. The Coalition figure was unchanged on 46 per cent. Support for the Greens…",https://trove.nla.gov.au/newspaper/article/127247294
127250824,1993-09-29,The Canberra Times (ACT : 1926 - 1995),Coalition lead cut: poll,AGB McNair,"…cut: poll Canberra Times (ACT : 1926 - 1995), Wednesday 29 September 1993, page 2 Coalition lead cut: poll The Coalition's lead over the Government was cut slightly in the latest AGB McNair opinion poll published in this week's Bulletin magazine. The poll, taken in mid-September, found that support for the coalition parties dropped two points to 44 per cent and the ALP remained steady on 36 per cent. The Budget wrangle has not hurt the Greens' popularity. The party, whose two senators share the balance of power in the Senate, saw its support rise two points to 5 per cent. Opposition Leader John Hewson remains preferred Prime Minister- over Paul Keating, having 36 per cen…",https://trove.nla.gov.au/newspaper/article/127250824
127510277,1993-10-09,The Canberra Times (ACT : 1926 - 1995),OUT OF THE WETLANDS,AGB McNair,"…tical landscape in Ade-laide's King William Street — in the state election due by March — could amount to an earthquake for the MFP. The Liber-al Party — ahead 52-31 on the latest AGB McNair poll — does not see satisfactory or immediate value in the wetlands pro-ject and other proposals centred on the core site. Opposition Leader Dean Brown has publicly committed a Liberal govern- ment to ""refocusing attention away from the site"". ""That doesn't mean we would aban-don the site for all time, but that the resources of the MFP would be focused much more on attracting investment into research and technology,"" a spokesman for Mr Brown said. ""We would concentrate on the centres…",https://trove.nla.gov.au/newspaper/article/127510277
127521435,1993-11-01,The Canberra Times (ACT : 1926 - 1995),Bishop pressing Hewson,AGB McNair,"…dership this week, with a poll to be published in the Bulle- tin showing strong support for Coali-tion leadership hopeful Bronwyn Bishop. Channel Nine reported last night that the AGB McNair poll, conducted for the Bulletin and Nine Network, showed support for Dr Hewson at 31 per cent and support for Senator Bish-op at 29 per cent. Senator Bishop, who has made her leadership ambitions clear, has an-nounced her intention to leave the Sen-ate and run for preselection in the seat of Mackellar after the decision of the sitting Liberal Member, Jim Carlton, to retire. In a separate development in Coali- tion politics, AAP reports from Kinga-roy that the National Party has throw…",https://trove.nla.gov.au/newspaper/article/127521435
127521975,1993-11-03,The Canberra Times (ACT : 1926 - 1995),Fahey scores in Games victory,AGB McNair,"…dney's Olympic Games bid win appears to have paid off for the NSW Government and the Premier, John Fahey, with a new poll showing he is among the nation's most popular leaders. An AGB McNair poll published in The Bulletin this week shows Mr Fahey's personal standing with the electorate has leapt 11 points to 46 per cent since Sydney's victory. His disapproval rating has also dropped four points to 24 per cent. The NSW Leader of the Opposition, Bob Carr, has lost support, with an approval rating of 30 per cent, down one point, and a disapproval rating rising from three points to 34 per cent, despite his backing for the Olympic win. It is the second opinion poll in as many…",https://trove.nla.gov.au/newspaper/article/127521975
127256099,1993-12-22,The Canberra Times (ACT : 1926 - 1995),Almost half oppose new flag by 2000,AGB McNair,"…1993, page 5 Almost half oppose new flag by 2000 SYDNEY: Almost half of Austral-ians would prefer to wave the existing Australian flag at the 2000 Olympics, a poll has found. The AGB McNair poll, to be pub-lished in this week's Bulletin, found that 45 per cent of Australians were against changing the flag before 2000. Forty-one per cent of the 2050 people surveyed supported the change. Although 14 per cent were unde-cided on changing the flag by 2000, 58 per cent were opposed to changing the flag now. The poll was conducted be-fore the winner of a flag-design compe-tition had been announced in Canberra last week. The Bulletin asked people to choose their favourite flag f…",https://trove.nla.gov.au/newspaper/article/127256099
134300609,1994-02-09,The Canberra Times (ACT : 1926 - 1995),43pc back republic,AGB McNair,"…ary 1994, page 2 43pc back republic Australians are slowly losing in-terest in the republic, with support falling in the latest poll by five per-centage points to 43 per cent. The AGB McNair poll found op-position to the republic unchanged at 42 per cent, with the proportion of uncommitted people rising five points to 15 per cent.…",https://trove.nla.gov.au/newspaper/article/134300609
118160724,1994-03-28,The Canberra Times (ACT : 1926 - 1995),Bishop rules out Hewson challenge,AGB McNair,"…ip and made pointed references to Sir Robert Menzics, who had been ""decisively written off by the media"" but contradicted the pundits. The by-election results came as the Bulletin AGB McNair poll showed the ALP in front of the Coalition for the first time in nine months, up two points to 43 per cent; the Coalition remained steady on 42 per cent. But the Time Morgan poll showed the Coalition ahead - 46 per cent to 41 percent. However, only 36 per cent of voters believed the Coalition would win the next election, while 46 per cent expected Labor to win. The federal director of the Liberal Party, Andrew Robb, said it was difficult to make a judgment about the Mackellar resul…",https://trove.nla.gov.au/newspaper/article/118160724
118161192,1994-03-30,The Canberra Times (ACT : 1926 - 1995),POLL-WATCH See-saw polls now put ALP in the lead,AGB McNair,"…nberra Times (ACT : 1926 - 1995), Wednesday 30 March 1994, page 2 See-saw polls now put ALP in the lead The see-sawing nature of recent opinion polls was reflected yesterday in an AGB McNair-SM//ef//i opinion poll which has the Labor Government ahead of the Coalition. The poll said a survey in late February and early March had Government support up 2 per cent to 43 per cent, while backing for the Coalition was unchanged at 42 per cent. This contrasted with a Time Morgan poll issued on Sunday which had the Coalition, ahead of Labor 46 per cent to 41 per cent in terms of voting intentions. The AGB McNair poll found that Paul Keating had maintained his lead over Opposition L…",https://trove.nla.gov.au/newspaper/article/118161192
118111603,1994-04-06,The Canberra Times (ACT : 1926 - 1995),IN BRIEF Coalition support in Senate drops,AGB McNair,"…pport in Senate drops SYDNEY: Support for the Federal Coalition in the Senate has dropped to 41 per cent — a drop of three percentage points since January, according to the latest AGB McNair poll. The poll of the public's Senate voting intentions, published in the Bulletin magazine, says the Liberal arm of the Coalition was responsible for the fall, dropping four points to 36 per cent between January and March. Show figures up SYDNEY: Organisers of Sydney's Royal Easter Show last night hailed this year's attendance figures as the best in four years. Initial estimates revealed about 870,000 people had passed through the show gates during the last 12 days, up 20,000 on last…",https://trove.nla.gov.au/newspaper/article/118111603
118209003,1994-05-02,The Canberra Times (ACT : 1926 - 1995),Letters to the Editor ACF backs public transport,AGB McNair,"…spection warrants caused the case to be dismissed, prompting the authority of an'inspector's warrant to be more clearly defined in future law. . ""It is interesting to note that an A. G. B. McNair poll commissioned by Edgley Ventures last May and taken in Townsville, Cairns, Mackay, Rockhampton and Toowoomba to assess community attitudes to circuses, showed that the majority of people do not attend circuses to see animal acts. Whereas 97 per cent of people polled expect to see animals in circuses (ie, they expected it to be the norm), 61 per cent said it would make no difference to their attendance if there were no exotic animals used. In fact a further 9 per cent said the…",https://trove.nla.gov.au/newspaper/article/118209003
118210797,1994-05-11,The Canberra Times (ACT : 1926 - 1995),Opposition reduces gap,AGB McNair,"…s (ACT : 1926 - 1995), Wednesday 11 May 1994, page 2 Opposition reduces gap The federal Coalition has narrowed 'the gap on the Government to just two points in the latest Bulletin-AGB McNair poll. The poll, to be published in this week's edition of The Bulletin, shows the Government with 43 per cent, down two points, and the Opposition 41 per cent, up one. Prime Minister Paul Keating's approval rating remained steady on 33 per cent. Dr Hewson's performance rating was up one point from 20 per cent to 21 per cent.…",https://trove.nla.gov.au/newspaper/article/118210797
118213937,1994-05-26,The Canberra Times (ACT : 1926 - 1995),Hewson's softer role,AGB McNair,"…esterday which put him 9 percentage points ahead of the Prime Minister, Paul Keating. The poll also put the Coalition 19 percentage points ahead of the Government. In contrast, an AGB McNair poll published in The Bulletin, taken in the lead-up to the Liberal leadership ballot, put the Government ahead by 4 percentage points. Also yesterday, Dr Hewson continued to express concern that the Liberal Party should not be dominated by Victoria — a reference to senior Victorian Liberals who backed Mr Downer in the leadership — and said he was disappointed by Opposition defence spokesman and his one-time deputy, Peter Reith who, in part, precipitated the lead- i ership spill. ""Thi…",https://trove.nla.gov.au/newspaper/article/118213937
118259643,1994-08-01,The Canberra Times (ACT : 1926 - 1995),Party outdated: Hewson,AGB McNair,"…to the 1993 election defeat and seeking to drop substantive policy in favour of looking ""warm and fuzzy [to] try and get across the line"". His comments came as the latest Bulletin AGB McNair poll showed the margin between the ALP and the Co-alition narrowing. The ALP's support rose one point to 41 per cent; the Co-alition fell three points to 45 per cent. Mr Downer's lead over the Prime Minister, Paul Keating, as preferred prime minister also slipped, down one point to 41 per cent. Mr Keating gained three points to 36 per cent. In mid-July, Mr Downer had a nine point lead over Mr Keating. But the Time Morgan poll showed Mr Downer consolidating his lead as preferred prime…",https://trove.nla.gov.au/newspaper/article/118259643
118292407,1994-10-19,The Canberra Times (ACT : 1926 - 1995),IN BRIEF Photographer safe and well,AGB McNair,"…the capi tal, its tourism product and its tourism industry over the past two years"". Bulletin poll Labor has outpolled the Coali tion in 11 of 12 key policy areas, according to an AGB McNair poll published in this week's Bulletin. magazine. The only area in which the Co alition scored best was economic management with 36 per cent of respondents supporting it com pared with 33 per cent for the Government. Toyota winner Iris Montero, of Charnwood, won the Canberra Times Direct Toyota Camry Draw and received a Toyota Camry CSI valued at $32,081. She was presented with the car by Lachlan Amifield, of The Canberra Times Cannons, and Keith Taske, of Canberra Toyota. Priest jail…",https://trove.nla.gov.au/newspaper/article/118292407
118293569,1994-10-24,The Canberra Times (ACT : 1926 - 1995),Lib leader given six months to perform,AGB McNair,"…n a political wilderness, while a prominent business leader called into question its ability to explain where it stands. Mr Downer's rating in the polls also remains low, with the AGB McNair Bulletin poll showing his support level has risen only 1 point from the low of 23 per cent recorded earlier in the month. However, when voting intentions were polled, the ratings of the Prime Minister and his Government fell and the Coalition moved up to.be only three points ; behind the Government's 44 per 'cent.', Mr Greiner was reported in The Sunday Telegraph as saying Mr Downer had only six months to reposition the party effectively to attract swinging voters, or the party would…",https://trove.nla.gov.au/newspaper/article/118293569
130535055,1994-11-02,The Canberra Times (ACT : 1926 - 1995),NSW ALP holds on to lead: poll,AGB McNair,"…dnesday 2 November 1994, page 6 NSW ALP holds on to lead: poll SYDNEY: For the third con secutive month, the NSW ALP has edged out the Coalition as the preferred party, the latest AGB McNair Bulletin poll re- veals. Conducted during Septem-ber and October, the poll shows steady support for La-bor at 45 per cent with sup-port for the Fahey Govern-ment up one percentage point at 41 per cent. The ALP result was despite the resignation of Peter An-derson from the Opposition frontbench. But only 29 per cent of vot-ers nominated the Opposition Leader, Bob Carr, as preferred premier — down 3 per cent and 26 points behind the Pre-mier, John Fahey. A total of 55 per cent of vot-er…",https://trove.nla.gov.au/newspaper/article/130535055
133336840,1995-02-20,The Canberra Times (ACT : 1926 - 1995),Green is the colour of the future IRVING SAULWICK analyses the results of several polls and finds that a large number of Australians give protecting the environment top priority.,AGB McNair,"…(ACT : 1926 - 1995), Monday 20 February 1995, page 13 Green is the colour of the future INFORMED observers and poli-i ticians should not be surprised by the findings of the latest AGB McNair Doll published on Wed nesday, February 15, in The Age and 'The Sydney Morning Herald. Tlie Figures suggest, that the Australian electorate still takes essentially a Green stance in the debate about forests and the timber industry. They show that 63% of voters are opposed to logging in ""natural forests that have not been logged before"" and that 45% support but 43% oppose logging ""natural forests that have been logged before"". The figures also show that ""only one in four... were more co…",https://trove.nla.gov.au/newspaper/article/133336840
127528207,1995-06-02,The Canberra Times (ACT : 1926 - 1995),Let youth feast on policy not on showbiz,AGB McNair,"…ies to attract young voters is not translating into specific policies. It is not hope young people are lacking, but any real policies for improvement. It is little wonder that one AGBMcNair poll showed 93 per cent of young people did not trust politicians and most believed that their concerns were not taken seriously by decision makers. In one survey, Zoom!, commissioned by Loud Advertising, young Australians are described as ""enormously irreverent, cynical and lack[ing] any respect for authority"". At least Senator Campbell has acknowledged this cynicism, which is more than the Prime Minister is prepared to do. On Triple J, Keating said he could not understand why young p…",https://trove.nla.gov.au/newspaper/article/127528207
128285499,1995-07-05,The Canberra Times (ACT : 1926 - 1995),Further strife hits WA Libs,AGB McNair,"…wer that the resignations in Moore had been ""stage-managed"" by Mr Filing and his supporters. Dr Honey's position may have been further undermined yester-day with publication of an AGB-McNair poll in The Age and The Sydney Morning Herald which re-ported a dramatic 15 per cent drop in federal Coalition support in the West, where it now leads by a narrow 41-37 per cent. (The AGB McNair Poll found that, nationally. Labor had nar-rowed the Coalition's lead from 10 percentage points to four, to 44-40, over the past two weeks, partly because of the swing in the West and, more spectacularly, in Queensland, where Labor had come from 19 points behind to four points ahead. Newspoll,…",https://trove.nla.gov.au/newspaper/article/128285499
128288157,1995-07-18,The Canberra Times (ACT : 1926 - 1995),Waller 'perfect' for heroin probe,AGB McNair,"…position after looking at all the evidence"". A poll published in The Syd-ney Morning Herald recently showed that 41 per cent were in favour of a trial and 54 per cent opposed. The AGB McNair poll asked if people would be in fa-vour of a trial if it was conduct ed in their state. The proposed trial will be lim-ited to those already on the ACT methadone program, and who have lived in the ACT since Picture: GRAHAM TIDY Former NSW state coroner Kevin Waller at yesterday's announcement that he will head the heroin task force. 1993. The Government has also made it clear that it is contin-gent on the results of Mr Wal-ler's committee, on federal fund-ing and the backing of a maj…",https://trove.nla.gov.au/newspaper/article/128288157
128288467,1995-07-20,The Canberra Times (ACT : 1926 - 1995),Goss might still hold government,AGB McNair,Goss might still hold government AGB McNair…,https://trove.nla.gov.au/newspaper/article/128288467
127279848,1995-09-09,The Canberra Times (ACT : 1926 - 1995),Saturday FORUM Learning to live with Jeff,AGB McNair,"…Tricontinental merchant bank which led to the sale of the State Bank, the scandals embroiling the state-run Victorian Economic Development Corporation. The latest opinion poll, by AGB McNair in The Age, shows the Government maintaining a ninepoint lead over the Opposition, with Kennett miles ahead of Opposition Leader John Brumby as preferred Premier. The, next election is likely sometime in the next six months. The ALP might claw back a few of its ""natural"" seats, but opinion is that Jeff will be back so there will be plenty of scope for more Jeffing over the next four years. * Denis Muller is a Senior Research Associate in the Centre for Public Policy at the University…",https://trove.nla.gov.au/newspaper/article/127279848
127283056,1995-09-22,The Canberra Times (ACT : 1926 - 1995),PM tries to shore up marable,AGB McNair,"…Labor backbenchers bemused, sceptical and worried-. The most recent surveys of federal voting intentions, published last week, certainly contain very little comfort for Labor. The AGB McNair poll in The Sydney Morning Herald and The Age had the Coalition 13* points ahead on primary vote (48 per cent to 35). Newspoll in The Australian was better, but still bad, putting the Coalition, on 46 per cent, seven points ahead. The Bulletin's Morgan Poll of federal voting intentions had the Coalition in front by nine points (47 per cent to 38). This week the pollsters have had more bad news for Keating. Newspoll reported that the Coalition was now considered better able to deal wit…",https://trove.nla.gov.au/newspaper/article/127283056
130566930,1995-10-28,The Canberra Times (ACT : 1926 - 1995),"Saturday FORUM DENIS MULLER lists death, sabotage and character assassination in Victoria's venomous game of politics Life with Jeffrey will never be dull | STATE OF THE STATES A New Series This week: VICTORIA",AGB McNair,"…infully faced up to its past fail-ures of economic policy, but it clearly has not yet re-established in the eyes of the electorate its credentials to govern. The latest polls - by AGB McNair last month and Morgan this month — indicate that sup-port for the parties has hardly changed since the election in Oc-tober, 1992, which swept Jeff Ken-nett to power. On that occasion there was a swing of 5.77 per cent against Labor. To get back in, it needs a uniform swing of 7.6 per cent That is huge by Australian standards, and the reality is that it just will not happen. So for the Liberals at the state level, life is fairly comfortable, ihey are not so unrealistic as to think the…",https://trove.nla.gov.au/newspaper/article/130566930
133920241,1995-12-16,The Canberra Times (ACT : 1926 - 1995),Davies gets dumped by Qld Labor,AGB McNair,…Mooney or former mayor Mike Reynolds. Last night's special meeting coincided with a poll in the Mundingburra electorate which showed the Liberals hold a slim lead over Labor. The AGB McNair poll has the Liberals with 51 per cent and Labor on 49 per cent support on a two-party-preferred basis. It also found the Green vote has collapsed to three per cent from more than 11 per cent at the July state election.…,https://trove.nla.gov.au/newspaper/article/133920241
