date,leader,role,approve,disapprove,undecided,net,printings,agreeing,disputed,date_basis,label,first_issue,issues
1973-06-15,snedden,opposition,38,31,31,7,1,1,0,month,"June",1973-12-01,nla.obj-1335338114
1973-06-15,whitlam,pm,47,34,19,13,1,1,0,month,"June",1973-12-01,nla.obj-1335338114
1973-07-15,snedden,opposition,37,34,29,3,1,1,0,month,"July",1973-12-01,nla.obj-1335338114
1973-07-15,whitlam,pm,48,35,17,13,1,1,0,month,"July",1973-12-01,nla.obj-1335338114
1973-08-15,snedden,opposition,35,37,28,-2,1,1,0,month,"Aug",1973-12-01,nla.obj-1335338114
1973-08-15,whitlam,pm,47,35,18,12,1,1,0,month,"Aug",1973-12-01,nla.obj-1335338114
1973-09-15,snedden,opposition,30,40,30,-10,1,1,0,month,"Sept",1973-12-01,nla.obj-1335338114
1973-09-15,whitlam,pm,47,35,18,12,1,1,0,month,"Sept",1973-12-01,nla.obj-1335338114
1973-10-15,hawke,other,45,34,21,11,1,1,0,month,"October",1974-05-18,nla.obj-1336596562
1973-10-15,snedden,opposition,32,45,23,-13,1,1,0,month,"Oct",1973-12-01,nla.obj-1335338114
1973-10-15,whitlam,pm,43,43,14,0,1,1,0,month,"Oct",1973-12-01,nla.obj-1335338114
1973-11-15,snedden,opposition,30,45,25,-15,2,1,1,month,"Nov",1973-12-01,nla.obj-1335338114 nla.obj-1336594625
1973-11-15,whitlam,pm,48,38,14,10,2,1,1,month,"Nov",1973-12-01,nla.obj-1335338114 nla.obj-1336594625
1973-12-15,snedden,opposition,46,36,18,10,1,1,0,month,"Dec",1974-04-20,nla.obj-1336594625
1973-12-15,whitlam,pm,45,41,14,4,1,1,0,month,"Dec",1974-04-20,nla.obj-1336594625
1974-01-15,snedden,opposition,30,44,26,-14,1,1,0,month,"Jan",1974-04-20,nla.obj-1336594625
1974-01-15,whitlam,pm,46,37,17,9,1,1,0,month,"Jan",1974-04-20,nla.obj-1336594625
1974-02-15,snedden,opposition,32,43,25,-11,6,6,0,month,"Feb",1974-04-20,nla.obj-1336594625 nla.obj-1336595172 nla.obj-1336595692 nla.obj-1336596040 nla.obj-1336596562 nla.obj-1340002870
1974-02-15,whitlam,pm,44,42,14,2,6,6,0,month,"Feb",1974-04-20,nla.obj-1336594625 nla.obj-1336595172 nla.obj-1336595692 nla.obj-1336596040 nla.obj-1336596562 nla.obj-1340002835
1974-03-15,snedden,opposition,32,42,26,-10,5,5,0,month,"March",1974-04-20,nla.obj-1336594625 nla.obj-1336595172 nla.obj-1336595692 nla.obj-1336596040 nla.obj-1336596562
1974-03-15,whitlam,pm,46,38,16,8,5,5,0,month,"March",1974-04-20,nla.obj-1336594625 nla.obj-1336595172 nla.obj-1336595692 nla.obj-1336596040 nla.obj-1336596562
1974-04-15,snedden,opposition,30,51,19,-21,3,2,0,month,"April",1974-04-27,nla.obj-1336595172 nla.obj-1340002650 nla.obj-1340002870
1974-04-15,whitlam,pm,51,39,10,12,3,2,0,month,"April",1974-04-27,nla.obj-1336595172 nla.obj-1340002650 nla.obj-1340002835
1974-05-07,snedden,opposition,33,49,18,-16,2,2,0,early,"Early May",1974-07-06,nla.obj-1340002650 nla.obj-1340002870
1974-05-07,whitlam,pm,53,36,11,17,2,2,0,early,"Early May",1974-07-06,nla.obj-1340002650 nla.obj-1340002835
1974-05-15,hawke,other,52,29,19,23,1,1,0,month,"May",1974-05-18,nla.obj-1336596562
1974-05-24,snedden,opposition,42,41,17,1,1,1,0,late,"Late May",1974-08-31,nla.obj-1340002870
1974-05-24,whitlam,pm,58,29,13,29,1,1,0,late,"Late May",1974-08-17,nla.obj-1340002835
1974-06-15,snedden,opposition,37,43,20,-6,1,1,0,month,"June",1974-08-31,nla.obj-1340002870
1974-06-15,whitlam,pm,50,34,16,16,1,1,0,month,"June",1974-08-17,nla.obj-1340002835
1974-07-15,snedden,opposition,37,43,20,-6,3,3,0,month,"July",1974-08-31,nla.obj-1340002870 nla.obj-1340003058 nla.obj-1382066890
1974-07-24,whitlam,pm,46,41,13,5,1,1,0,late,"Late July",1974-08-17,nla.obj-1340002835
1974-08-07,snedden,opposition,38,42,20,-4,1,1,0,early,"Aug: Early",1974-09-21,nla.obj-1340003058
1974-08-07,whitlam,pm,41,45,14,-4,1,1,0,early,"Aug: Early",1974-09-21,nla.obj-1340003058
1974-08-15,snedden,opposition,37,42,21,-5,1,1,0,mid,"Mid Aug",1974-08-31,nla.obj-1340002870
1974-09-07,snedden,opposition,35,48,17,-13,2,2,0,early,"Sept: Early",1974-09-21,nla.obj-1340003058 nla.obj-1382066890
1974-09-07,whitlam,pm,45,42,13,3,2,2,0,early,"Sept: Early",1974-09-21,nla.obj-1340003058 nla.obj-1382066890
1974-09-15,snedden,opposition,34,48,18,-14,1,1,0,mid,"Mid Sept",1974-10-05,nla.obj-1382066890
1974-09-15,whitlam,pm,40,46,14,-6,1,1,0,mid,"Mid Sept",1974-10-05,nla.obj-1382066890
1974-11-15,snedden,opposition,35,50,15,-15,1,1,0,month,"Nov ‘",1975-03-08,nla.obj-1381695996
1974-11-15,whitlam,pm,34,54,12,-20,2,2,0,month,"Nov",1975-03-08,nla.obj-1381695996 nla.obj-1440175956
1974-12-15,snedden,opposition,30,50,20,-20,1,1,0,month,"Dec",1975-03-08,nla.obj-1381695996
1974-12-15,whitlam,pm,35,53,12,-18,2,2,0,month,"Dec",1975-03-08,nla.obj-1381695996 nla.obj-1440175956
1975-01-15,snedden,opposition,33,48,19,-15,1,1,0,month,"Jan",1975-03-08,nla.obj-1381695996
1975-02-08,snedden,opposition,33,51,16,-18,1,1,0,printed,"Feb 1,8",1975-03-08,nla.obj-1381695996
1975-02-22,snedden,opposition,28,56,16,-28,1,1,0,printed,"Feb 15,22",1975-03-08,nla.obj-1381695996
1975-03-22,fraser,opposition,36,29,35,7,1,1,0,printed,"March 22",1975-05-17,nla.obj-1440177514
1975-03-22,whitlam,pm,46,42,12,4,2,2,0,printed,"March 15/22",1975-05-17,nla.obj-1440177514 nla.obj-1442880036
1975-04-05,fraser,opposition,36,14,50,22,1,1,0,printed,"March 29/Apr 5",1975-05-17,nla.obj-1440177514
1975-04-05,whitlam,pm,44,44,12,0,1,1,0,printed,"March 29/Apr 5",1975-05-17,nla.obj-1440177514
1975-04-19,fraser,opposition,39,13,48,26,1,1,0,printed,"April 12/19",1975-05-17,nla.obj-1440177514
1975-04-19,whitlam,pm,45,43,12,2,2,2,0,printed,"April 12/19",1975-05-17,nla.obj-1440177514 nla.obj-1442880036
1975-05-03,fraser,opposition,41,16,43,25,1,1,0,printed,"Apr 26/May 3",1975-05-17,nla.obj-1440177514
1975-05-03,whitlam,pm,43,46,11,-3,1,1,0,printed,"Apr 26/May 3",1975-05-17,nla.obj-1440177514
1975-06-14,whitlam,pm,37,51,12,-14,1,1,0,printed,"June 7,14",1975-08-02,nla.obj-1442880036
1975-06-28,fraser,opposition,42,22,36,20,1,1,0,printed,"June 21,28",1975-10-25,nla.obj-1558460938
1975-06-28,whitlam,pm,39,50,11,-11,2,2,0,printed,"June 21, 28",1975-08-02,nla.obj-1442880036 nla.obj-1558460938
1975-07-06,whitlam,pm,27,61,12,-34,1,1,0,printed,"July 5,6",1975-08-02,nla.obj-1442880036
1975-07-19,fraser,opposition,47,24,29,23,3,3,0,printed,"July 12,19",1975-08-30,nla.obj-1442886661 nla.obj-1442890080 nla.obj-1558460938
1975-07-19,whitlam,pm,29,59,12,-30,4,4,0,printed,"July 12,19",1975-08-02,nla.obj-1442880036 nla.obj-1442886661 nla.obj-1442890080 nla.obj-1558460938
1975-08-02,fraser,opposition,49,22,29,27,2,2,0,printed,"July 26-Aug 2",1975-08-30,nla.obj-1442886661 nla.obj-1558460938
1975-08-02,whitlam,pm,31,56,13,-25,2,2,0,printed,"July 26, Aug 2",1975-09-13,nla.obj-1442890080 nla.obj-1558460938
1975-08-16,fraser,opposition,52,21,27,31,2,2,0,printed,"Aug 9, 16",1975-08-30,nla.obj-1442886661 nla.obj-1442890080
1975-08-16,whitlam,pm,29,59,12,-30,1,1,0,printed,"August 9, 16",1975-09-13,nla.obj-1442890080
1975-08-30,fraser,opposition,51,24,25,27,2,2,0,printed,"August 23,30",1975-09-13,nla.obj-1442890080 nla.obj-1558460938
1975-08-30,whitlam,pm,34,56,10,-22,2,2,0,printed,"August 23,30",1975-09-13,nla.obj-1442890080 nla.obj-1558460938
1975-09-13,fraser,opposition,52,27,21,25,1,1,0,printed,"Sept 6,13",1975-10-25,nla.obj-1558460938
1975-09-13,whitlam,pm,32,58,10,-26,1,1,0,printed,"Sept 6,13",1975-10-25,nla.obj-1558460938
1975-09-27,fraser,opposition,52,27,21,25,1,1,0,printed,"Sept 20,27",1975-10-25,nla.obj-1558460938
1975-09-27,whitlam,pm,33,58,9,-25,1,1,0,printed,"Sept 20,27",1975-10-25,nla.obj-1558460938
1975-10-11,fraser,opposition,43,31,26,12,1,1,0,printed,"Oct 4, 11",1975-10-25,nla.obj-1558460938
1975-10-11,whitlam,pm,33,53,14,-20,1,1,0,printed,"Oct 4,11",1975-10-25,nla.obj-1558460938
1975-11-29,fraser,pm,39,41,20,-2,1,1,0,printed,"Nov 29",1976-02-07,nla.obj-1447551522
1975-11-29,whitlam,opposition,35,49,16,-14,1,1,0,printed,"Nov 29",1976-02-07,nla.obj-1447551522
1975-12-06,fraser,pm,40,42,18,-2,1,1,0,printed,"Dec 6",1976-02-07,nla.obj-1447551522
1975-12-06,whitlam,opposition,36,52,12,-16,1,1,0,printed,"Dec 6",1976-02-07,nla.obj-1447551522
1975-12-13,fraser,pm,38,43,19,-5,18,18,0,printed,"Dec 13",1976-02-07,nla.obj-1429039686 nla.obj-1429041513 nla.obj-1429042111 nla.obj-1429043008 nla.obj-1430456878 nla.obj-1430457173 nla.obj-1430457524 nla.obj-1430458182 nla.obj-1430458726 nla.obj-1447551522 nla.obj-1447552857 nla.obj-1569918332 nla.obj-1588647523 nla.obj-1588648872 nla.obj-1588649175 nla.obj-1604010655 nla.obj-1604011568 nla.obj-1604012309
1975-12-13,whitlam,opposition,36,54,10,-18,14,14,0,printed,"Dec 13",1976-02-07,nla.obj-1429039686 nla.obj-1429041513 nla.obj-1430456878 nla.obj-1430457173 nla.obj-1430457524 nla.obj-1430458182 nla.obj-1430458726 nla.obj-1447551522 nla.obj-1447552857 nla.obj-1569918332 nla.obj-1588647523 nla.obj-1588648872 nla.obj-1604010655 nla.obj-1604012309
1976-01-17,fraser,pm,50,17,33,33,13,13,0,printed,"Jan 17",1976-03-13,nla.obj-1429039686 nla.obj-1429041513 nla.obj-1430456878 nla.obj-1430457173 nla.obj-1430457524 nla.obj-1430458182 nla.obj-1430458726 nla.obj-1447552857 nla.obj-1569918332 nla.obj-1588647523 nla.obj-1588648872 nla.obj-1588649175 nla.obj-1588650651
1976-01-17,whitlam,opposition,36,31,33,5,12,11,0,printed,"Jan 17",1976-02-07,nla.obj-1429039686 nla.obj-1429041513 nla.obj-1430456878 nla.obj-1430457173 nla.obj-1430457524 nla.obj-1430458182 nla.obj-1430458726 nla.obj-1447551522 nla.obj-1447552857 nla.obj-1569918332 nla.obj-1588647523 nla.obj-1588650651
1976-02-04,fraser,pm,57,29,14,28,1,1,0,printed,"Feb 4",1979-02-13,nla.obj-1397361669
1976-02-07,fraser,pm,49,28,23,21,13,13,0,printed,"Jan 31/Feb 7",1976-03-13,nla.obj-1429039686 nla.obj-1429041513 nla.obj-1429042111 nla.obj-1429043008 nla.obj-1430456878 nla.obj-1430457173 nla.obj-1430457524 nla.obj-1430458726 nla.obj-1430459867 nla.obj-1447552857 nla.obj-1588647523 nla.obj-1588648872 nla.obj-1588649175
1976-02-07,whitlam,opposition,42,30,28,12,10,10,0,printed,"Jan 31/Feb 7",1976-03-13,nla.obj-1429039686 nla.obj-1429041513 nla.obj-1430456878 nla.obj-1430457173 nla.obj-1430457524 nla.obj-1430458726 nla.obj-1430459867 nla.obj-1447552857 nla.obj-1588647523 nla.obj-1588648872
1976-02-21,fraser,pm,49,32,19,17,11,11,0,printed,"Feb 14,21",1976-03-13,nla.obj-1429039686 nla.obj-1429041513 nla.obj-1430456878 nla.obj-1430457173 nla.obj-1430457524 nla.obj-1430458726 nla.obj-1447552857 nla.obj-1569918332 nla.obj-1604010655 nla.obj-1604011568 nla.obj-1604012309
1976-02-21,whitlam,opposition,38,39,23,-1,11,11,0,printed,"Feb 14, 21",1976-03-13,nla.obj-1429039686 nla.obj-1429041513 nla.obj-1430456878 nla.obj-1430457173 nla.obj-1430457524 nla.obj-1430458726 nla.obj-1447552857 nla.obj-1569918332 nla.obj-1604010655 nla.obj-1604011568 nla.obj-1604012309
1976-03-06,fraser,pm,47,32,21,15,13,13,0,printed,"Feb 28/Mar 6",1976-04-10,nla.obj-1429039686 nla.obj-1429041513 nla.obj-1429042111 nla.obj-1429043008 nla.obj-1430456878 nla.obj-1430457173 nla.obj-1430457524 nla.obj-1430458726 nla.obj-1430459867 nla.obj-1588647523 nla.obj-1588648872 nla.obj-1588649175 nla.obj-1588650651
1976-03-06,whitlam,opposition,34,45,21,-11,9,9,0,printed,"Feb 28/Mar 6",1976-04-10,nla.obj-1429039686 nla.obj-1429041513 nla.obj-1430456878 nla.obj-1430457173 nla.obj-1430457524 nla.obj-1430458726 nla.obj-1430459867 nla.obj-1588647523 nla.obj-1588650651
1976-03-20,fraser,pm,51,31,18,20,11,11,0,printed,"Mar 13,20",1976-05-15,nla.obj-1429041513 nla.obj-1430456878 nla.obj-1430457173 nla.obj-1430457524 nla.obj-1430458726 nla.obj-1430459867 nla.obj-1569918332 nla.obj-1588647523 nla.obj-1588648872 nla.obj-1588649175 nla.obj-1588650651
1976-03-20,whitlam,opposition,37,45,18,-8,11,11,0,printed,"Mar 13, 20",1976-04-10,nla.obj-1429039686 nla.obj-1429041513 nla.obj-1430456878 nla.obj-1430457173 nla.obj-1430457524 nla.obj-1430458726 nla.obj-1430459867 nla.obj-1569918332 nla.obj-1588647523 nla.obj-1588648872 nla.obj-1588650651
1976-03-29,fraser,pm,51,31,18,20,1,1,0,printed,"Mar 13, 29",1976-04-10,nla.obj-1429039686
1976-04-03,fraser,pm,51,29,20,22,7,7,0,printed,"Mar 27/Apr 3",1976-05-15,nla.obj-1429041513 nla.obj-1429042111 nla.obj-1429043008 nla.obj-1430456878 nla.obj-1430457173 nla.obj-1430457524 nla.obj-1430458726
1976-04-03,whitlam,opposition,38,45,17,-7,5,5,0,printed,"Mar 27/Apr 3",1976-05-15,nla.obj-1429041513 nla.obj-1430456878 nla.obj-1430457173 nla.obj-1430457524 nla.obj-1430458726
1976-04-17,fraser,pm,54,29,17,25,15,15,0,printed,"Apr 10, 17",1976-05-15,nla.obj-1429041513 nla.obj-1430456878 nla.obj-1430457173 nla.obj-1430457524 nla.obj-1430458182 nla.obj-1430458726 nla.obj-1430459867 nla.obj-1569918332 nla.obj-1588647523 nla.obj-1588648872 nla.obj-1588649175 nla.obj-1588650651 nla.obj-1604010655 nla.obj-1604011568 nla.obj-1604012309
1976-04-17,whitlam,opposition,40,42,18,-2,13,13,0,printed,"Apr 10, 17",1976-05-15,nla.obj-1429041513 nla.obj-1430456878 nla.obj-1430457173 nla.obj-1430457524 nla.obj-1430458182 nla.obj-1430458726 nla.obj-1430459867 nla.obj-1569918332 nla.obj-1588647523 nla.obj-1588650651 nla.obj-1604010655 nla.obj-1604011568 nla.obj-1604012309
1976-05-01,fraser,pm,50,32,18,18,11,11,0,printed,"Apr 24/May 1",1976-05-15,nla.obj-1429041513 nla.obj-1429042111 nla.obj-1429043008 nla.obj-1430456878 nla.obj-1430457173 nla.obj-1430457524 nla.obj-1430458726 nla.obj-1430459867 nla.obj-1588647523 nla.obj-1588648872 nla.obj-1588649175
1976-05-01,whitlam,opposition,44,39,17,5,8,8,0,printed,"Apr 24/May 1",1976-05-15,nla.obj-1429041513 nla.obj-1430456878 nla.obj-1430457173 nla.obj-1430457524 nla.obj-1430458726 nla.obj-1430459867 nla.obj-1588647523 nla.obj-1588648872
1976-05-15,fraser,pm,47,36,17,11,7,7,0,printed,"May 8/15",1976-05-29,nla.obj-1429042111 nla.obj-1429043008 nla.obj-1430456878 nla.obj-1430457173 nla.obj-1430457524 nla.obj-1430458726 nla.obj-1569918332
1976-05-15,whitlam,opposition,39,44,17,-5,5,5,0,printed,"May 8, 15",1976-07-03,nla.obj-1430456878 nla.obj-1430457173 nla.obj-1430457524 nla.obj-1430458726 nla.obj-1569918332
1976-05-29,fraser,pm,51,35,14,16,10,10,0,printed,"May 22/29",1976-06-19,nla.obj-1429043008 nla.obj-1430456878 nla.obj-1430457173 nla.obj-1430457524 nla.obj-1430458726 nla.obj-1430459867 nla.obj-1588647523 nla.obj-1588648872 nla.obj-1588649175 nla.obj-1588650651
1976-05-29,whitlam,opposition,35,47,18,-12,7,7,0,printed,"May 22,29",1976-07-03,nla.obj-1430456878 nla.obj-1430457173 nla.obj-1430457524 nla.obj-1430458726 nla.obj-1430459867 nla.obj-1588647523 nla.obj-1588650651
1976-06-12,fraser,pm,48,39,13,9,7,7,0,printed,"June 5, 12",1976-07-03,nla.obj-1430456878 nla.obj-1430457173 nla.obj-1430457524 nla.obj-1430458726 nla.obj-1430459867 nla.obj-1588647523 nla.obj-1588648872
1976-06-12,whitlam,opposition,37,49,14,-12,7,7,0,printed,"June 5, 12",1976-07-03,nla.obj-1430456878 nla.obj-1430457173 nla.obj-1430457524 nla.obj-1430458726 nla.obj-1430459867 nla.obj-1588647523 nla.obj-1588648872
1976-06-26,fraser,pm,49,36,15,13,7,7,0,printed,"June 19,26",1976-07-17,nla.obj-1430457173 nla.obj-1430457524 nla.obj-1430458726 nla.obj-1569918332 nla.obj-1604010655 nla.obj-1604011568 nla.obj-1604012309
1976-06-26,whitlam,opposition,39,45,16,-6,6,6,0,printed,"June 19,26",1976-07-17,nla.obj-1430457173 nla.obj-1430458726 nla.obj-1569918332 nla.obj-1604010655 nla.obj-1604011568 nla.obj-1604012309
1976-07-10,fraser,pm,48,37,15,11,8,8,0,printed,"July 3, 10",1976-07-31,nla.obj-1430457524 nla.obj-1430458182 nla.obj-1430458726 nla.obj-1430459867 nla.obj-1588647523 nla.obj-1588648872 nla.obj-1588649175 nla.obj-1588650651
1976-07-10,whitlam,opposition,37,47,16,-10,3,3,0,printed,"July 3, 10",1976-09-04,nla.obj-1430458726 nla.obj-1430459867 nla.obj-1588647523
1976-07-24,fraser,pm,44,40,16,4,3,3,0,printed,"July 17, 24",1976-09-04,nla.obj-1430458726 nla.obj-1588647523 nla.obj-1588648872
1976-07-24,whitlam,opposition,33,47,20,-14,5,5,0,printed,"July 17,24",1976-08-21,nla.obj-1430458182 nla.obj-1430458726 nla.obj-1430459867 nla.obj-1588647523 nla.obj-1588648872
1976-08-07,fraser,pm,43,39,18,4,7,7,0,printed,"July 31, August 7",1976-08-21,nla.obj-1430458182 nla.obj-1430458726 nla.obj-1569918332 nla.obj-1588647523 nla.obj-1588648872 nla.obj-1588649175 nla.obj-1588650651
1976-08-07,whitlam,opposition,34,45,21,-11,5,5,0,printed,"July 31, August 7",1976-08-21,nla.obj-1430458182 nla.obj-1430458726 nla.obj-1430459867 nla.obj-1569918332 nla.obj-1588647523
1976-08-12,fraser,pm,40,49,11,-9,1,1,0,printed,"August 5, 12",1979-02-13,nla.obj-1397361669
1976-08-19,fraser,pm,31,56,13,-25,1,1,0,printed,"August 19",1979-02-13,nla.obj-1397361669
1976-08-21,fraser,pm,49,38,13,11,3,3,0,printed,"Aug. 14/Aug. 21",1976-09-04,nla.obj-1430458726 nla.obj-1588647523 nla.obj-1588648872
1976-08-21,whitlam,opposition,40,45,15,-5,4,4,0,printed,"Aug. 14/21",1976-09-04,nla.obj-1430458726 nla.obj-1430459867 nla.obj-1588647523 nla.obj-1588648872
1976-09-04,fraser,pm,49,39,12,10,8,8,0,printed,"Aug 28/Sept 4",1976-10-09,nla.obj-1569918332 nla.obj-1588647523 nla.obj-1588648872 nla.obj-1588649175 nla.obj-1588650651 nla.obj-1604010655 nla.obj-1604011568 nla.obj-1604012309
1976-09-04,whitlam,opposition,38,47,15,-9,6,6,0,printed,"Aug 28/Sept 4",1976-09-25,nla.obj-1430459867 nla.obj-1569918332 nla.obj-1588647523 nla.obj-1604010655 nla.obj-1604011568 nla.obj-1604012309
1976-09-18,fraser,pm,50,37,13,13,3,3,0,printed,"Sept 11,18",1976-10-09,nla.obj-1588647523 nla.obj-1588648872 nla.obj-1588649175
1976-09-18,whitlam,opposition,41,44,15,-3,2,2,0,printed,"Sept 11,18",1976-10-09,nla.obj-1588647523 nla.obj-1588648872
1976-10-02,fraser,pm,48,39,13,9,4,4,0,printed,"Sept 25/Oct 2",1976-11-06,nla.obj-1569918332 nla.obj-1588648872 nla.obj-1588649175 nla.obj-1588650651
1976-10-02,whitlam,opposition,39,43,18,-4,1,1,0,printed,"Sept 25/Oct 2",1976-12-25,nla.obj-1569918332
1976-10-16,fraser,pm,47,39,14,8,7,7,0,printed,"Oct 9, 16",1976-11-06,nla.obj-1569918332 nla.obj-1588648872 nla.obj-1588649175 nla.obj-1588650651 nla.obj-1604010655 nla.obj-1604011568 nla.obj-1604012309
1976-10-16,whitlam,opposition,40,44,16,-4,5,5,0,printed,"Oct 9,16",1976-11-06,nla.obj-1569918332 nla.obj-1588648872 nla.obj-1604010655 nla.obj-1604011568 nla.obj-1604012309
1976-10-28,fraser,pm,33,49,18,-16,1,1,0,printed,"October 21,28",1979-02-13,nla.obj-1397361669
1976-10-30,fraser,pm,48,40,12,8,3,3,0,printed,"Oct 23, 30",1976-11-20,nla.obj-1569918332 nla.obj-1588649175 nla.obj-1588650651
1976-10-30,whitlam,opposition,38,46,16,-8,1,1,0,printed,"Oct 23, 30",1976-12-25,nla.obj-1569918332
1976-11-11,fraser,pm,34,48,18,-14,1,1,0,printed,"November 4, 11",1979-02-13,nla.obj-1397361669
1976-11-13,fraser,pm,47,38,15,9,5,5,0,printed,"Nov 6, 13",1976-12-18,nla.obj-1569918332 nla.obj-1588650651 nla.obj-1604010655 nla.obj-1604011568 nla.obj-1604012309
1976-11-13,whitlam,opposition,40,41,19,-1,4,4,0,printed,"Nov 6, 13",1976-12-25,nla.obj-1569918332 nla.obj-1604010655 nla.obj-1604011568 nla.obj-1604012309
1976-11-25,fraser,pm,39,44,17,-5,1,1,0,printed,"November 18, 25",1979-02-13,nla.obj-1397361669
1976-11-27,fraser,pm,45,40,15,5,2,2,0,printed,"Nov 20,27",1976-12-18,nla.obj-1569918332 nla.obj-1588650651
1976-11-27,whitlam,opposition,38,46,17,-8,1,1,0,printed,"Nov 20, 27",1976-12-25,nla.obj-1569918332
1976-12-09,fraser,pm,34,52,14,-18,1,1,0,printed,"December 2, 9",1979-02-13,nla.obj-1397361669
1976-12-11,fraser,pm,42,45,13,-3,4,4,0,printed,"Dec 4, 11",1976-12-25,nla.obj-1569918332 nla.obj-1604010655 nla.obj-1604011568 nla.obj-1604012309
1976-12-11,whitlam,opposition,40,43,17,-3,4,4,0,printed,"Dec 4, 11",1976-12-25,nla.obj-1569918332 nla.obj-1604010655 nla.obj-1604011568 nla.obj-1604012309
1976-12-13,fraser,pm,38,43,19,-5,1,1,0,printed,"Dec 13",1976-12-18,nla.obj-1588650651
1976-12-13,whitlam,opposition,36,54,10,-18,2,2,0,printed,"Dec 13",1976-12-18,nla.obj-1588650651 nla.obj-1604011568
1976-12-18,fraser,pm,36,49,15,-13,16,14,0,printed,"Dec 18",1977-01-08,nla.obj-1541332181 nla.obj-1541334151 nla.obj-1541336131 nla.obj-1544326966 nla.obj-1544327255 nla.obj-1544328289 nla.obj-1544328455 nla.obj-1550242493 nla.obj-1550242860 nla.obj-1550243279 nla.obj-1550243620 nla.obj-1550243981 nla.obj-1550244183 nla.obj-1604010655 nla.obj-1604011568 nla.obj-1604012309
1976-12-18,whitlam,opposition,36,43,21,-7,13,13,0,printed,"Dec 18",1977-01-08,nla.obj-1541332181 nla.obj-1541336131 nla.obj-1544326966 nla.obj-1544327255 nla.obj-1544328289 nla.obj-1544328455 nla.obj-1550242493 nla.obj-1550242860 nla.obj-1550243981 nla.obj-1550244183 nla.obj-1604010655 nla.obj-1604011568 nla.obj-1604012309
1977-01-22,fraser,pm,39,43,18,-4,16,16,0,printed,"1977 Jan 15,22",1977-04-02,nla.obj-1541332181 nla.obj-1541334151 nla.obj-1541335100 nla.obj-1541336131 nla.obj-1544326966 nla.obj-1544327255 nla.obj-1544327739 nla.obj-1544328289 nla.obj-1544328455 nla.obj-1544329014 nla.obj-1550242493 nla.obj-1550242860 nla.obj-1550243279 nla.obj-1550243620 nla.obj-1550243810 nla.obj-1550243981
1977-01-22,whitlam,opposition,37,43,20,-6,14,14,0,printed,"1977 Jan 15,22",1977-04-02,nla.obj-1541332181 nla.obj-1541335100 nla.obj-1541336131 nla.obj-1544326966 nla.obj-1544327255 nla.obj-1544327739 nla.obj-1544328289 nla.obj-1544328455 nla.obj-1544329014 nla.obj-1550242493 nla.obj-1550242860 nla.obj-1550243810 nla.obj-1550243981 nla.obj-1550244183
1977-01-24,fraser,pm,39,43,18,-4,2,2,0,printed,"Jan 17,24",1977-02-05,nla.obj-1604011568 nla.obj-1604012309
1977-01-24,whitlam,opposition,37,43,20,-6,2,2,0,printed,"Jan 17,24",1977-02-05,nla.obj-1604011568 nla.obj-1604012309
1977-02-05,fraser,pm,36,47,17,-11,8,8,0,printed,"Jan 29, Feb 5",1977-03-05,nla.obj-1541332181 nla.obj-1541334151 nla.obj-1541335100 nla.obj-1541336131 nla.obj-1544326966 nla.obj-1544327255 nla.obj-1544327739 nla.obj-1604012309
1977-02-05,whitlam,opposition,38,40,22,-2,6,6,0,printed,"Jan 29, Feb 5",1977-04-02,nla.obj-1541332181 nla.obj-1541335100 nla.obj-1541336131 nla.obj-1544326966 nla.obj-1544327255 nla.obj-1544327739
1977-02-19,fraser,pm,39,46,15,-7,4,4,0,printed,"Feb 12,19",1977-03-05,nla.obj-1541332181 nla.obj-1541334151 nla.obj-1541336131 nla.obj-1604012309
1977-02-19,whitlam,opposition,44,38,18,6,3,3,0,printed,"Feb 12,19",1977-03-05,nla.obj-1541332181 nla.obj-1541336131 nla.obj-1604012309
1977-03-05,fraser,pm,39,45,16,-6,13,13,0,printed,"Feb 26, March 5",1977-04-02,nla.obj-1541332181 nla.obj-1541334151 nla.obj-1541335100 nla.obj-1541336131 nla.obj-1541336981 nla.obj-1541338278 nla.obj-1544326213 nla.obj-1544326966 nla.obj-1544327255 nla.obj-1544327739 nla.obj-1544328289 nla.obj-1544328455 nla.obj-1544329014
1977-03-05,whitlam,opposition,34,47,19,-13,8,8,0,printed,"Feb 26, Mar 5",1977-04-02,nla.obj-1541332181 nla.obj-1541335100 nla.obj-1541336131 nla.obj-1544326966 nla.obj-1544328289 nla.obj-1544328455 nla.obj-1544329014 nla.obj-1550242493
1977-03-06,fraser,pm,39,45,16,-6,1,1,0,printed,"Feb 26, Mar 6",1977-10-08,nla.obj-1550242493
1977-03-19,fraser,pm,39,46,15,-7,6,6,0,printed,"March 12, 19",1977-04-02,nla.obj-1541332181 nla.obj-1541334151 nla.obj-1541336131 nla.obj-1541336981 nla.obj-1541338278 nla.obj-1544326213
1977-03-19,whitlam,opposition,32,49,19,-17,2,2,0,printed,"Mar 12,19",1977-04-02,nla.obj-1541332181 nla.obj-1541336131
1977-04-02,fraser,pm,35,46,19,-11,9,9,0,printed,"Mar 26, Apr 2",1977-04-30,nla.obj-1541334151 nla.obj-1541335100 nla.obj-1541336131 nla.obj-1541336981 nla.obj-1541338278 nla.obj-1544326213 nla.obj-1544326966 nla.obj-1544327255 nla.obj-1544327739
1977-04-02,whitlam,opposition,33,49,18,-16,7,5,0,printed,"Mar 26, Apr 2",1977-05-14,nla.obj-1541335100 nla.obj-1541336131 nla.obj-1544326966 nla.obj-1544327255 nla.obj-1544327739
1977-04-16,fraser,pm,40,47,13,-7,6,6,0,printed,"April 9, 16",1977-04-30,nla.obj-1541334151 nla.obj-1541335100 nla.obj-1541336131 nla.obj-1541336981 nla.obj-1541338278 nla.obj-1544326213
1977-04-16,whitlam,opposition,35,47,18,-12,2,2,0,printed,"Apr 9, 16",1977-05-14,nla.obj-1541335100 nla.obj-1541336131
1977-04-30,fraser,pm,42,48,10,-6,15,15,0,printed,"Apr 23, 30",1977-05-14,nla.obj-1541335100 nla.obj-1541336131 nla.obj-1541336981 nla.obj-1541338278 nla.obj-1544326213 nla.obj-1544326966 nla.obj-1544327255 nla.obj-1544327739 nla.obj-1544328289 nla.obj-1544328455 nla.obj-1544329014 nla.obj-1550242493 nla.obj-1550242860 nla.obj-1550243279 nla.obj-1550243620
1977-04-30,whitlam,opposition,41,45,14,-4,10,10,0,printed,"Apr 23,30",1977-05-14,nla.obj-1541335100 nla.obj-1541336131 nla.obj-1544326966 nla.obj-1544327255 nla.obj-1544327739 nla.obj-1544328289 nla.obj-1544328455 nla.obj-1544329014 nla.obj-1550242493 nla.obj-1550242860
1977-05-14,fraser,pm,39,47,14,-8,4,4,0,printed,"May 7,14",1977-05-28,nla.obj-1541336131 nla.obj-1541336981 nla.obj-1541338278 nla.obj-1544326213
1977-05-14,whitlam,opposition,37,46,17,-9,1,1,0,printed,"May 7,14",1977-05-28,nla.obj-1541336131
1977-05-28,fraser,pm,39,46,15,-7,16,16,0,printed,"May 21, 28",1977-06-11,nla.obj-1541336981 nla.obj-1541338278 nla.obj-1544326213 nla.obj-1544326966 nla.obj-1544327255 nla.obj-1544327739 nla.obj-1544328289 nla.obj-1544328455 nla.obj-1544329014 nla.obj-1550242493 nla.obj-1550242860 nla.obj-1550243279 nla.obj-1550243620 nla.obj-1550243810 nla.obj-1550243981 nla.obj-1550244333
1977-05-28,whitlam,opposition,37,43,20,-6,12,12,0,printed,"May 21,28",1977-07-30,nla.obj-1544326966 nla.obj-1544327255 nla.obj-1544327739 nla.obj-1544328289 nla.obj-1544328455 nla.obj-1544329014 nla.obj-1550242493 nla.obj-1550242860 nla.obj-1550243810 nla.obj-1550243981 nla.obj-1550244183 nla.obj-1550244333
1977-06-11,fraser,pm,41,46,13,-5,5,5,0,printed,"June 4,11",1977-06-25,nla.obj-1541338278 nla.obj-1544326213 nla.obj-1544326966 nla.obj-1544327255 nla.obj-1544327739
1977-06-11,whitlam,opposition,42,42,16,0,3,3,0,printed,"June 4, 11",1977-07-30,nla.obj-1544326966 nla.obj-1544327255 nla.obj-1544327739
1977-06-25,fraser,pm,38,47,15,-9,8,8,0,printed,"June 18,25",1977-07-09,nla.obj-1544326213 nla.obj-1544326966 nla.obj-1544327255 nla.obj-1544327739 nla.obj-1544328289 nla.obj-1544328455 nla.obj-1544329014 nla.obj-1550242493
1977-06-25,whitlam,opposition,40,43,17,-3,7,7,0,printed,"June 18,25",1977-07-30,nla.obj-1544326966 nla.obj-1544327255 nla.obj-1544327739 nla.obj-1544328289 nla.obj-1544328455 nla.obj-1544329014 nla.obj-1550242493
1977-07-09,fraser,pm,40,47,13,-7,3,3,0,printed,"July 2, 9",1977-07-30,nla.obj-1544326966 nla.obj-1544327255 nla.obj-1544327739
1977-07-09,whitlam,opposition,40,45,15,-5,3,3,0,printed,"July 2,9",1977-07-30,nla.obj-1544326966 nla.obj-1544327255 nla.obj-1544327739
1977-07-23,fraser,pm,37,49,14,-12,12,12,0,printed,"July 16,23",1977-08-06,nla.obj-1544327255 nla.obj-1544327739 nla.obj-1544328289 nla.obj-1544328455 nla.obj-1544329014 nla.obj-1550242493 nla.obj-1550242860 nla.obj-1550243279 nla.obj-1550243620 nla.obj-1550243810 nla.obj-1550243981 nla.obj-1550244333
1977-07-23,whitlam,opposition,40,43,17,-3,11,11,0,printed,"July 16,23",1977-08-06,nla.obj-1544327255 nla.obj-1544327739 nla.obj-1544328289 nla.obj-1544328455 nla.obj-1544329014 nla.obj-1550242493 nla.obj-1550242860 nla.obj-1550243810 nla.obj-1550243981 nla.obj-1550244183 nla.obj-1550244333
1977-08-06,fraser,pm,37,47,16,-10,5,5,0,printed,"July 30, Aug 6",1977-08-20,nla.obj-1544327739 nla.obj-1544328289 nla.obj-1544328455 nla.obj-1544329014 nla.obj-1550242493
1977-08-06,whitlam,opposition,41,41,18,0,5,5,0,printed,"July 30, Aug 6",1977-08-20,nla.obj-1544327739 nla.obj-1544328289 nla.obj-1544328455 nla.obj-1544329014 nla.obj-1550242493
1977-08-13,fraser,pm,36,47,17,-11,6,6,0,printed,"Aug 13",1977-09-10,nla.obj-1544328455 nla.obj-1544329014 nla.obj-1550242493 nla.obj-1550242860 nla.obj-1550243279 nla.obj-1550243620
1977-08-13,whitlam,opposition,39,44,17,-5,4,4,0,printed,"Aug 13",1977-09-10,nla.obj-1544328455 nla.obj-1544329014 nla.obj-1550242493 nla.obj-1550242860
1977-08-20,fraser,pm,39,47,14,-8,2,2,0,printed,"Aug 13,20",1977-09-03,nla.obj-1544328289 nla.obj-1544328455
1977-08-20,whitlam,opposition,41,43,16,-2,2,2,0,printed,"Aug 13,20",1977-09-03,nla.obj-1544328289 nla.obj-1544328455
1977-08-27,fraser,pm,42,48,10,-6,9,9,0,printed,"Aug 20,27",1977-09-10,nla.obj-1544328455 nla.obj-1544329014 nla.obj-1550242493 nla.obj-1550242860 nla.obj-1550243279 nla.obj-1550243620 nla.obj-1550243810 nla.obj-1550243981 nla.obj-1550244333
1977-08-27,whitlam,opposition,42,43,15,-1,8,8,0,printed,"Aug 20,27",1977-09-10,nla.obj-1544328455 nla.obj-1544329014 nla.obj-1550242493 nla.obj-1550242860 nla.obj-1550243810 nla.obj-1550243981 nla.obj-1550244183 nla.obj-1550244333
1977-09-10,fraser,pm,37,48,15,-11,4,4,0,printed,"Sept 3, 10",1977-09-24,nla.obj-1544329014 nla.obj-1550242493 nla.obj-1550242860 nla.obj-1550243279
1977-09-10,whitlam,opposition,38,44,18,-6,3,3,0,printed,"Sept 3,10",1977-09-24,nla.obj-1544329014 nla.obj-1550242493 nla.obj-1550242860
1977-09-24,fraser,pm,39,46,15,-7,6,6,0,printed,"Sept 17,24",1977-10-08,nla.obj-1550242493 nla.obj-1550242860 nla.obj-1550243279 nla.obj-1550243620 nla.obj-1550243810 nla.obj-1550244333
1977-09-24,whitlam,opposition,38,44,18,-6,6,6,0,printed,"Sept 17,24",1977-10-08,nla.obj-1550242493 nla.obj-1550242860 nla.obj-1550243810 nla.obj-1550243981 nla.obj-1550244183 nla.obj-1550244333
1977-10-08,fraser,pm,40,44,16,-4,4,4,0,printed,"October 1,8",1977-10-22,nla.obj-1550242860 nla.obj-1550243279 nla.obj-1550243620 nla.obj-1550243810
1977-10-08,whitlam,opposition,36,45,19,-9,2,2,0,printed,"October 1,8",1977-10-22,nla.obj-1550242860 nla.obj-1550243810
1977-10-22,fraser,pm,37,48,15,-11,4,4,0,printed,"October 15,22",1977-11-05,nla.obj-1550243279 nla.obj-1550243620 nla.obj-1550243810 nla.obj-1550244333
1977-10-22,whitlam,opposition,39,44,17,-5,4,4,0,printed,"Oct 15,22",1977-11-19,nla.obj-1550243810 nla.obj-1550243981 nla.obj-1550244183 nla.obj-1550244333
1977-10-29,fraser,pm,41,44,15,-3,1,1,0,printed,"October 29",1977-11-12,nla.obj-1550243620
1977-10-30,fraser,pm,41,44,15,-3,2,2,0,printed,"Oct 29,30",1977-11-19,nla.obj-1550243810 nla.obj-1550244333
1977-10-30,whitlam,opposition,36,46,18,-10,4,4,0,printed,"Oct 29,30",1977-11-19,nla.obj-1550243810 nla.obj-1550243981 nla.obj-1550244183 nla.obj-1550244333
1977-11-06,fraser,pm,38,45,17,-7,2,2,0,printed,"Nov 5,6",1977-11-19,nla.obj-1550243810 nla.obj-1550244333
1977-11-06,whitlam,opposition,30,50,20,-20,4,4,0,printed,"Nov 5, 6",1977-11-19,nla.obj-1550243810 nla.obj-1550243981 nla.obj-1550244183 nla.obj-1550244333
1977-11-13,fraser,pm,37,48,15,-11,1,1,0,printed,"November 12,13",1977-12-10,nla.obj-1550244333
1977-11-13,whitlam,opposition,33,47,20,-14,3,3,0,printed,"November 12,13",1977-11-26,nla.obj-1550243981 nla.obj-1550244183 nla.obj-1550244333
1977-11-15,hayden,opposition,33,47,20,-14,3,3,0,month,"1977 November",1978-02-14,nla.obj-1551207854 nla.obj-1605252830 nla.obj-1874164164
1977-11-20,fraser,pm,38,46,16,-8,1,1,0,printed,"November 19,20",1977-12-10,nla.obj-1550244333
1977-11-20,whitlam,opposition,39,42,19,-3,2,2,0,printed,"Nov 19,20",1977-12-03,nla.obj-1550244183 nla.obj-1550244333
1977-11-27,fraser,pm,40,44,16,-4,1,1,0,printed,"November 26,27",1977-12-10,nla.obj-1550244333
1977-11-27,whitlam,opposition,35,49,16,-14,1,1,0,printed,"November 26, 27",1977-12-10,nla.obj-1550244333
1977-12-04,fraser,pm,44,42,14,2,9,9,0,printed,"Dec 3, 4",1978-02-14,nla.obj-1551206409 nla.obj-1551207854 nla.obj-1589770088 nla.obj-1589770979 nla.obj-1605252830 nla.obj-1605252987 nla.obj-1606056588 nla.obj-1606056974 nla.obj-1874164164
1977-12-04,hayden,opposition,36,47,17,-11,3,3,0,printed,"Dec 3, 4",1978-02-14,nla.obj-1551207854 nla.obj-1605252830 nla.obj-1874164164
1978-01-14,hayden,opposition,36,13,51,23,1,1,0,printed,"1978 January 14,",1978-07-04,nla.obj-1606056410
1978-01-21,fraser,pm,47,35,18,12,8,8,0,printed,"1978 Jan 14,21",1978-02-14,nla.obj-1551206409 nla.obj-1551207854 nla.obj-1551211918 nla.obj-1605252830 nla.obj-1605252987 nla.obj-1606056588 nla.obj-1606056974 nla.obj-1874164164
1978-01-21,hayden,opposition,36,13,51,23,2,2,0,printed,"1978 Jan 14, 21",1978-04-04,nla.obj-1551206409 nla.obj-1551211918
1978-02-04,fraser,pm,57,29,14,28,20,20,0,printed,"Jan 28, Feb 4",1978-02-21,nla.obj-1397359241 nla.obj-1397363031 nla.obj-1551206409 nla.obj-1552764494 nla.obj-1552767939 nla.obj-1552768769 nla.obj-1589770088 nla.obj-1589770979 nla.obj-1589771550 nla.obj-1589774021 nla.obj-1590904011 nla.obj-1590955401 nla.obj-1599249950 nla.obj-1605252987 nla.obj-1606056410 nla.obj-1606056588 nla.obj-1606056974 nla.obj-1606057733 nla.obj-1606058306 nla.obj-1874164164
1978-02-04,hayden,opposition,38,16,46,22,13,8,0,printed,"Jan 28, Feb 4",1978-04-04,nla.obj-1397359241 nla.obj-1397363031 nla.obj-1551206409 nla.obj-1552764494 nla.obj-1552767939 nla.obj-1552768769 nla.obj-1589771550 nla.obj-1589774021 nla.obj-1590904011 nla.obj-1590955401 nla.obj-1599249950 nla.obj-1606057733 nla.obj-1606058306
1978-02-18,fraser,pm,52,33,15,19,6,6,0,printed,"Feb 11, 18",1978-03-21,nla.obj-1551206409 nla.obj-1551211918 nla.obj-1606056410 nla.obj-1606056588 nla.obj-1606056974 nla.obj-1874164164
1978-02-18,hayden,opposition,42,15,43,27,2,2,0,printed,"Feb 11, 18",1978-04-04,nla.obj-1551206409 nla.obj-1551211918
1978-02-26,fraser,pm,46,37,17,9,2,2,0,printed,"Feb 25,26",1978-03-21,nla.obj-1551206409 nla.obj-1874164164
1978-02-26,hayden,opposition,42,15,43,27,1,1,0,printed,"Feb 25,26",1978-04-04,nla.obj-1551206409
1978-03-11,fraser,pm,47,37,16,10,7,7,0,printed,"Mar 4, 11",1978-04-04,nla.obj-1551206409 nla.obj-1551211918 nla.obj-1606056410 nla.obj-1606056588 nla.obj-1606056974 nla.obj-1606057733 nla.obj-1606058306
1978-03-11,hayden,opposition,43,16,41,27,4,4,0,printed,"Mar 4, 11",1978-04-04,nla.obj-1551206409 nla.obj-1551211918 nla.obj-1606057733 nla.obj-1606058306
1978-04-08,fraser,pm,45,40,15,5,5,5,0,printed,"April 1,8",1978-06-20,nla.obj-1551211918 nla.obj-1606056410 nla.obj-1606056588 nla.obj-1606056974 nla.obj-1606057733
1978-04-08,hayden,opposition,49,18,33,31,2,2,0,printed,"April 1,8",1978-06-20,nla.obj-1551211918 nla.obj-1606057733
1978-04-22,fraser,pm,49,36,15,13,3,3,0,printed,"April 15,22",1978-06-20,nla.obj-1551211918 nla.obj-1606056410 nla.obj-1606056588
1978-04-22,hayden,opposition,47,19,34,28,1,1,0,printed,"April 15,22",1978-06-20,nla.obj-1551211918
1978-05-06,fraser,pm,49,34,17,15,8,8,0,printed,"Apr. 29, May 6",1978-06-20,nla.obj-1551211918 nla.obj-1589770088 nla.obj-1589770979 nla.obj-1589771550 nla.obj-1589772944 nla.obj-1589774021 nla.obj-1606056410 nla.obj-1606057733
1978-05-06,hayden,opposition,45,21,34,24,4,4,0,printed,"April 29, May 6",1978-06-20,nla.obj-1551211918 nla.obj-1589771550 nla.obj-1589774021 nla.obj-1606057733
1978-05-20,fraser,pm,50,34,16,16,3,3,0,printed,"May 13, 20",1978-06-20,nla.obj-1551211918 nla.obj-1606056410 nla.obj-1606056588
1978-05-20,hayden,opposition,49,18,33,31,1,1,0,printed,"May 13,20",1978-06-20,nla.obj-1551211918
1978-06-03,fraser,pm,43,37,20,6,3,3,0,printed,"May 27, June 3",1978-07-04,nla.obj-1606056410 nla.obj-1606056588 nla.obj-1606057733
1978-06-03,hayden,opposition,45,21,34,24,1,1,0,printed,"May 27, June 3",1978-08-08,nla.obj-1606057733
1978-06-17,fraser,pm,44,38,18,6,4,4,0,printed,"June 10, 17",1978-07-11,nla.obj-1589770088 nla.obj-1589770979 nla.obj-1606056588 nla.obj-1606057733
1978-06-17,hayden,opposition,47,20,33,27,1,1,0,printed,"June 10, 17",1978-08-08,nla.obj-1606057733
1978-07-01,fraser,pm,43,43,14,0,1,1,0,printed,"June 24, July 1",1978-08-08,nla.obj-1606057733
1978-07-01,hayden,opposition,45,21,34,24,1,1,0,printed,"June 24, July 1",1978-08-08,nla.obj-1606057733
1978-07-15,fraser,pm,41,47,12,-6,1,1,0,printed,"July 8, 15",1978-08-08,nla.obj-1606057733
1978-07-15,hayden,opposition,48,21,31,27,1,1,0,printed,"July 8, 15",1978-08-08,nla.obj-1606057733
1978-08-12,fraser,pm,40,49,11,-9,11,11,0,printed,"August 5, 12",1978-10-10,nla.obj-1397359241 nla.obj-1397363031 nla.obj-1397364786 nla.obj-1589770088 nla.obj-1589770979 nla.obj-1589771550 nla.obj-1589772944 nla.obj-1589774021 nla.obj-1590904011 nla.obj-1663322423 nla.obj-1874714862
1978-08-12,hayden,opposition,48,22,30,26,9,9,0,printed,"August 5, 12",1978-11-07,nla.obj-1397359241 nla.obj-1397361669 nla.obj-1397363031 nla.obj-1397364786 nla.obj-1589771550 nla.obj-1589774021 nla.obj-1590904011 nla.obj-1663322423 nla.obj-1874714862
1978-08-19,fraser,pm,31,56,13,-25,15,15,0,printed,"August 19",1978-10-10,nla.obj-1397359241 nla.obj-1397363031 nla.obj-1397364786 nla.obj-1552764494 nla.obj-1552767939 nla.obj-1552768769 nla.obj-1589770088 nla.obj-1589770979 nla.obj-1589771550 nla.obj-1589772944 nla.obj-1589774021 nla.obj-1590904011 nla.obj-1599249950 nla.obj-1663322423 nla.obj-1874714862
1978-08-19,hayden,opposition,53,16,31,37,11,11,0,printed,"August 19",1978-11-07,nla.obj-1397359241 nla.obj-1397361669 nla.obj-1397363031 nla.obj-1397364786 nla.obj-1552764494 nla.obj-1589771550 nla.obj-1589774021 nla.obj-1590904011 nla.obj-1599249950 nla.obj-1663322423 nla.obj-1874714862
1978-09-02,fraser,pm,31,56,13,-25,2,2,0,printed,"Aug 26, Sept 2",1978-10-10,nla.obj-1589770088 nla.obj-1589770979
1978-09-16,fraser,pm,33,53,14,-20,2,2,0,printed,"Sept 9, 16",1978-10-10,nla.obj-1589770088 nla.obj-1589770979
1978-09-30,fraser,pm,33,52,15,-19,4,4,0,printed,"Sept 23,30",1978-10-24,nla.obj-1589770979 nla.obj-1589771550 nla.obj-1589772944 nla.obj-1589774021
1978-09-30,hayden,opposition,47,25,28,22,2,2,0,printed,"Sept 23, 30",1978-11-07,nla.obj-1589771550 nla.obj-1589774021
1978-10-14,fraser,pm,35,50,15,-15,2,2,0,printed,"October 7, 14",1978-11-07,nla.obj-1589771550 nla.obj-1589772944
1978-10-14,hayden,opposition,46,22,32,24,1,1,0,printed,"October 7, 14",1978-11-07,nla.obj-1589771550
1978-10-28,fraser,pm,33,49,18,-16,4,4,0,printed,"October 21, 28",1978-12-05,nla.obj-1397359241 nla.obj-1397363031 nla.obj-1589772944 nla.obj-1589774021
1978-10-28,hayden,opposition,42,21,37,21,4,4,0,printed,"October 21, 28",1978-12-19,nla.obj-1397359241 nla.obj-1397361669 nla.obj-1397363031 nla.obj-1589774021
1978-11-11,fraser,pm,34,48,18,-14,4,4,0,printed,"November 4, 11",1978-12-05,nla.obj-1397359241 nla.obj-1397363031 nla.obj-1589772944 nla.obj-1589774021
1978-11-11,hayden,opposition,43,23,34,20,4,4,0,printed,"November 4, 11",1978-12-19,nla.obj-1397359241 nla.obj-1397361669 nla.obj-1397363031 nla.obj-1589774021
1978-11-25,fraser,pm,39,44,17,-5,3,3,0,printed,"November 18, 25",1978-12-19,nla.obj-1397359241 nla.obj-1397363031 nla.obj-1589774021
1978-11-25,hayden,opposition,42,25,33,17,4,4,0,printed,"November 18, 25",1978-12-19,nla.obj-1397359241 nla.obj-1397361669 nla.obj-1397363031 nla.obj-1589774021
1978-12-09,fraser,pm,34,52,14,-18,7,7,0,printed,"December 2, 9",1979-01-16,nla.obj-1397359241 nla.obj-1397363031 nla.obj-1397364786 nla.obj-1590904011 nla.obj-1590955401 nla.obj-1663322423 nla.obj-1874714862
1978-12-09,hayden,opposition,45,26,29,19,8,8,0,printed,"December 2, 9",1979-01-16,nla.obj-1397359241 nla.obj-1397361669 nla.obj-1397363031 nla.obj-1397364786 nla.obj-1590904011 nla.obj-1590955401 nla.obj-1663322423 nla.obj-1874714862
1979-01-20,fraser,pm,35,48,17,-13,5,5,0,printed,"1979 Jan 13,20",1979-02-13,nla.obj-1397361669 nla.obj-1397363031 nla.obj-1397364786 nla.obj-1663322423 nla.obj-1874714862
1979-01-20,hayden,opposition,41,25,34,16,5,5,0,printed,"1979 Jan 13, 20",1979-02-13,nla.obj-1397361669 nla.obj-1397363031 nla.obj-1397364786 nla.obj-1663322423 nla.obj-1874714862
1979-02-03,fraser,pm,39,45,16,-6,13,13,0,printed,"Jan 27, Feb 3",1979-02-27,nla.obj-1397363031 nla.obj-1397364786 nla.obj-1552763710 nla.obj-1552764494 nla.obj-1552767939 nla.obj-1552768769 nla.obj-1590904011 nla.obj-1590955401 nla.obj-1590965020 nla.obj-1591078367 nla.obj-1599249950 nla.obj-1663322423 nla.obj-1874714862
1979-02-03,hayden,opposition,42,24,34,18,13,13,0,printed,"Jan 27, Feb 3",1979-02-27,nla.obj-1397363031 nla.obj-1397364786 nla.obj-1552763710 nla.obj-1552764494 nla.obj-1552767939 nla.obj-1552768769 nla.obj-1590904011 nla.obj-1590955401 nla.obj-1590965020 nla.obj-1591078367 nla.obj-1599249950 nla.obj-1663322423 nla.obj-1874714862
1979-02-04,fraser,pm,57,29,14,28,3,3,0,printed,"Feb 4",1979-03-13,nla.obj-1397364786 nla.obj-1663322423 nla.obj-1874714862
1979-02-04,hayden,opposition,38,16,46,22,4,4,0,printed,"Feb 4",1979-02-13,nla.obj-1397361669 nla.obj-1397364786 nla.obj-1663322423 nla.obj-1874714862
1979-02-17,fraser,pm,35,47,18,-12,3,3,0,printed,"Feb 10, 17",1979-03-13,nla.obj-1397364786 nla.obj-1663322423 nla.obj-1874714862
1979-02-17,hayden,opposition,41,24,35,17,3,3,0,printed,"Feb 10, 17",1979-03-13,nla.obj-1397364786 nla.obj-1663322423 nla.obj-1874714862
1979-03-03,fraser,pm,34,49,17,-15,3,3,0,printed,"Feb 24, Mar 3",1979-03-27,nla.obj-1397364786 nla.obj-1590904011 nla.obj-1874714862
1979-03-03,hayden,opposition,44,24,32,20,3,3,0,printed,"Feb 24, Mar 3",1979-03-27,nla.obj-1397364786 nla.obj-1590904011 nla.obj-1874714862
1979-03-17,fraser,pm,31,52,17,-21,6,6,0,printed,"March 10,17",1979-04-10,nla.obj-1552763710 nla.obj-1552764494 nla.obj-1590955401 nla.obj-1590965020 nla.obj-1591078367 nla.obj-1874714862
1979-03-17,hayden,opposition,42,24,34,18,6,6,0,printed,"March 10, 17",1979-04-10,nla.obj-1552763710 nla.obj-1552764494 nla.obj-1590955401 nla.obj-1590965020 nla.obj-1591078367 nla.obj-1874714862
1979-04-14,fraser,pm,37,49,14,-12,2,2,0,printed,"April 7,14",1979-05-22,nla.obj-1590955401 nla.obj-1590965020
1979-04-14,hayden,opposition,45,25,30,20,2,2,0,printed,"April 7, 14",1979-05-22,nla.obj-1590955401 nla.obj-1590965020
1979-04-28,fraser,pm,36,49,15,-13,5,5,0,printed,"April 21,28",1979-05-22,nla.obj-1552763710 nla.obj-1552764494 nla.obj-1590955401 nla.obj-1590965020 nla.obj-1591078367
1979-04-28,hayden,opposition,42,26,32,16,5,5,0,printed,"April 21,28",1979-05-22,nla.obj-1552763710 nla.obj-1552764494 nla.obj-1590955401 nla.obj-1590965020 nla.obj-1591078367
1979-05-12,fraser,pm,34,49,17,-15,3,3,0,printed,"May 5, 12",1979-06-05,nla.obj-1552763710 nla.obj-1590965020 nla.obj-1591078367
1979-05-12,hayden,opposition,42,27,31,15,3,3,0,printed,"May 5,12",1979-06-05,nla.obj-1552763710 nla.obj-1590965020 nla.obj-1591078367
1979-05-26,fraser,pm,31,54,15,-23,3,3,0,printed,"May 19, 26",1979-06-19,nla.obj-1552763710 nla.obj-1552764494 nla.obj-1591078367
1979-05-26,hayden,opposition,44,28,28,16,3,3,0,printed,"May 19, 26",1979-06-19,nla.obj-1552763710 nla.obj-1552764494 nla.obj-1591078367
1979-06-09,fraser,pm,33,57,10,-24,5,5,0,printed,"June 2, 9",1979-07-03,nla.obj-1552763710 nla.obj-1552764494 nla.obj-1552767939 nla.obj-1552768769 nla.obj-1599249991
1979-06-09,hayden,opposition,47,29,24,18,6,6,0,printed,"June 2, 9",1979-07-03,nla.obj-1552763710 nla.obj-1552764494 nla.obj-1552767939 nla.obj-1552768769 nla.obj-1599249950 nla.obj-1599249991
1979-06-23,fraser,pm,28,59,13,-31,3,3,0,printed,"June 16,23",1979-07-17,nla.obj-1552764494 nla.obj-1552767939 nla.obj-1552768769
1979-06-23,hayden,opposition,41,30,29,11,3,3,0,printed,"June 16,23",1979-07-17,nla.obj-1552764494 nla.obj-1552767939 nla.obj-1552768769
1979-07-07,fraser,pm,29,58,13,-29,3,3,0,printed,"July 7",1979-09-11,nla.obj-1552767939 nla.obj-1552768769 nla.obj-1599249991
1979-07-07,hayden,opposition,42,28,30,14,5,5,0,printed,"July 7",1979-09-11,nla.obj-1552767939 nla.obj-1552768769 nla.obj-1599249950 nla.obj-1599249991 nla.obj-1599250035
1979-07-21,fraser,pm,29,57,14,-28,2,2,0,printed,"1979 July 14,21",1979-09-11,nla.obj-1552767939 nla.obj-1552768769
1979-07-21,hayden,opposition,44,26,30,18,2,2,0,printed,"1979 July 14, 21",1979-09-11,nla.obj-1552767939 nla.obj-1552768769
1979-08-04,fraser,pm,30,56,14,-26,2,2,0,printed,"1979 July 28, Aug 4",1979-09-11,nla.obj-1552767939 nla.obj-1552768769
1979-08-04,hayden,opposition,47,25,28,22,2,2,0,printed,"1979 July 28, Aug 4",1979-09-11,nla.obj-1552767939 nla.obj-1552768769
1979-08-15,peacock,unknown,44,23,33,21,3,3,0,month,"August, 1979",1983-04-19,nla.obj-1311899419 nla.obj-1314371540 nla.obj-1923534194
1979-08-18,fraser,pm,28,55,17,-27,9,9,0,printed,"Aug 11, 18",1979-09-11,nla.obj-1276582577 nla.obj-1276768105 nla.obj-1280172792 nla.obj-1552767939 nla.obj-1552768769 nla.obj-1593492362 nla.obj-1599249991 nla.obj-1599250168 nla.obj-1599250266
1979-08-18,hayden,opposition,43,24,33,19,11,11,0,printed,"Aug 11, 18",1979-09-11,nla.obj-1276582577 nla.obj-1276768105 nla.obj-1280172792 nla.obj-1552767939 nla.obj-1552768769 nla.obj-1593492362 nla.obj-1599249950 nla.obj-1599249991 nla.obj-1599250035 nla.obj-1599250168 nla.obj-1599250266
1979-08-26,fraser,pm,32,54,14,-22,4,4,0,printed,"1979 Aug 25,26",1979-09-11,nla.obj-1552767939 nla.obj-1552768769 nla.obj-1599249991 nla.obj-1599250168
1979-08-26,hayden,opposition,45,27,28,18,6,6,0,printed,"1979 Aug 25, 26",1979-09-11,nla.obj-1552767939 nla.obj-1552768769 nla.obj-1599249950 nla.obj-1599249991 nla.obj-1599250035 nla.obj-1599250168
1979-09-08,fraser,pm,32,53,15,-21,3,3,0,printed,"1979 Sept 1,8",1979-09-25,nla.obj-1552768769 nla.obj-1599249991 nla.obj-1599250168
1979-09-08,hayden,opposition,44,30,26,14,5,5,0,printed,"1979 Sept 1, 8",1979-09-25,nla.obj-1552768769 nla.obj-1599249950 nla.obj-1599249991 nla.obj-1599250035 nla.obj-1599250168
1979-09-22,fraser,pm,35,51,14,-16,1,1,0,printed,"Sept 15,22",1979-10-23,nla.obj-1599249991
1979-09-22,hayden,opposition,44,30,26,14,3,3,0,printed,"Sept 15,22",1979-10-09,nla.obj-1599249950 nla.obj-1599249991 nla.obj-1599250035
1979-10-06,fraser,pm,37,49,14,-12,7,7,0,printed,"Sept 29, Oct 6",1979-10-23,nla.obj-1276582577 nla.obj-1276768105 nla.obj-1280172792 nla.obj-1593492362 nla.obj-1599249991 nla.obj-1599250168 nla.obj-1599250266
1979-10-06,hayden,opposition,44,28,28,16,8,8,0,printed,"Sept 29, Oct 6",1979-10-23,nla.obj-1276582577 nla.obj-1276768105 nla.obj-1280172792 nla.obj-1593492362 nla.obj-1599249991 nla.obj-1599250035 nla.obj-1599250168 nla.obj-1599250266
1979-10-20,fraser,pm,32,54,14,-22,15,15,0,printed,"1979 Oct 13, 20",1979-11-27,nla.obj-1180214137 nla.obj-1276582577 nla.obj-1276768105 nla.obj-1280172792 nla.obj-1280232477 nla.obj-1298795089 nla.obj-1303319476 nla.obj-1303440543 nla.obj-1356780955 nla.obj-1438686809 nla.obj-1438900823 nla.obj-1444884093 nla.obj-1593492362 nla.obj-1599250168 nla.obj-1599250266
1979-10-20,hayden,opposition,42,30,28,12,17,17,0,printed,"1979 Oct 13,20",1979-11-06,nla.obj-1180214137 nla.obj-1276582577 nla.obj-1276768105 nla.obj-1280172792 nla.obj-1280232477 nla.obj-1298795089 nla.obj-1303319476 nla.obj-1303440543 nla.obj-1356780955 nla.obj-1438686809 nla.obj-1438810405 nla.obj-1438900823 nla.obj-1444884093 nla.obj-1593492362 nla.obj-1599250035 nla.obj-1599250168 nla.obj-1599250266
1979-11-03,fraser,pm,35,50,15,-15,4,4,0,printed,"Oct 27, Nov 3",1979-11-27,nla.obj-1276582577 nla.obj-1593492362 nla.obj-1599250168 nla.obj-1599250266
1979-11-03,hayden,opposition,43,29,28,14,4,4,0,printed,"Oct 27, Nov 3",1979-11-27,nla.obj-1276582577 nla.obj-1593492362 nla.obj-1599250168 nla.obj-1599250266
1979-11-17,fraser,pm,36,47,17,-11,5,5,0,printed,"Nov 10, 17",1979-12-11,nla.obj-1276582577 nla.obj-1276768105 nla.obj-1280172792 nla.obj-1593492362 nla.obj-1599250266
1979-11-17,hayden,opposition,38,30,32,8,5,5,0,printed,"Nov 10, 17",1979-12-11,nla.obj-1276582577 nla.obj-1276768105 nla.obj-1280172792 nla.obj-1593492362 nla.obj-1599250266
1979-12-01,fraser,pm,35,51,14,-16,4,4,0,printed,"Nov 24, Dec 1",1979-12-25,nla.obj-1276582577 nla.obj-1276768105 nla.obj-1280172792 nla.obj-1593492362
1979-12-01,hayden,opposition,43,32,25,11,4,4,0,printed,"Nov 24, Dec 1",1979-12-25,nla.obj-1276582577 nla.obj-1276768105 nla.obj-1280172792 nla.obj-1593492362
1979-12-15,fraser,pm,37,48,15,-11,5,5,0,printed,"Dec 8, 15",1980-01-15,nla.obj-1276582577 nla.obj-1276768105 nla.obj-1280172792 nla.obj-1280232477 nla.obj-1298795089
1979-12-15,hayden,opposition,43,31,26,12,4,4,0,printed,"Dec 8, 15",1980-01-15,nla.obj-1276582577 nla.obj-1276768105 nla.obj-1280172792 nla.obj-1298795089
1980-01-09,hayden,opposition,39,30,31,9,1,1,0,printed,"1980 Jan 12,9",1980-04-08,nla.obj-1298795089
1980-01-19,fraser,pm,40,42,18,-2,4,4,0,printed,"1980 Jan 12,19",1980-02-12,nla.obj-1276768105 nla.obj-1280172792 nla.obj-1280232477 nla.obj-1298795089
1980-01-19,hayden,opposition,39,30,31,9,2,2,0,printed,"1980 Jan 12,19",1980-02-12,nla.obj-1276768105 nla.obj-1280172792
1980-02-02,fraser,pm,42,43,15,-1,9,9,0,printed,"Jan 26, Feb 2",1980-03-25,nla.obj-1193173834 nla.obj-1280232477 nla.obj-1298795089 nla.obj-1303319476 nla.obj-1303440543 nla.obj-1356780955 nla.obj-1438686809 nla.obj-1438900823 nla.obj-1444884093
1980-02-02,hayden,opposition,40,30,30,10,9,9,0,printed,"Jan 26, Feb 2",1980-04-08,nla.obj-1193173834 nla.obj-1298795089 nla.obj-1303319476 nla.obj-1303440543 nla.obj-1356780955 nla.obj-1438686809 nla.obj-1438810405 nla.obj-1438900823 nla.obj-1444884093
1980-02-03,fraser,pm,42,43,15,-1,1,1,0,printed,"Feb 2, 3",1980-02-26,nla.obj-1280172792
1980-02-16,fraser,pm,40,43,17,-3,2,2,0,printed,"February 9,16",1980-03-25,nla.obj-1280232477 nla.obj-1298795089
1980-02-16,hayden,opposition,37,34,29,3,1,1,0,printed,"Feb 9,16",1980-04-08,nla.obj-1298795089
1980-03-01,fraser,pm,41,45,14,-4,8,8,0,printed,"Feb 23, Marl",1980-03-25,nla.obj-1193173834 nla.obj-1280232477 nla.obj-1298795089 nla.obj-1303319476 nla.obj-1356780955 nla.obj-1438475085 nla.obj-1438686809 nla.obj-1438900823
1980-03-01,hayden,opposition,39,35,26,4,8,8,0,printed,"Feb 23, Mar 1",1980-04-08,nla.obj-1193173834 nla.obj-1298795089 nla.obj-1303319476 nla.obj-1356780955 nla.obj-1438475085 nla.obj-1438686809 nla.obj-1438810405 nla.obj-1438900823
1980-03-15,fraser,pm,40,44,16,-4,6,6,0,printed,"March 8, 15",1980-04-08,nla.obj-1193173834 nla.obj-1298795089 nla.obj-1303319476 nla.obj-1356780955 nla.obj-1438475085 nla.obj-1438686809
1980-03-15,hayden,opposition,38,36,26,2,6,6,0,printed,"March 8, 15",1980-04-08,nla.obj-1193173834 nla.obj-1298795089 nla.obj-1303319476 nla.obj-1356780955 nla.obj-1438475085 nla.obj-1438686809
1980-03-29,fraser,pm,38,45,17,-7,5,5,0,printed,"March 22,29",1980-05-20,nla.obj-1193173834 nla.obj-1303319476 nla.obj-1356780955 nla.obj-1438475085 nla.obj-1438686809
1980-03-29,hayden,opposition,37,33,30,4,5,5,0,printed,"March 22,29",1980-05-20,nla.obj-1193173834 nla.obj-1303319476 nla.obj-1356780955 nla.obj-1438475085 nla.obj-1438686809
1980-04-12,fraser,pm,37,48,15,-11,5,5,0,printed,"Aprils, 12",1980-05-20,nla.obj-1193173834 nla.obj-1303319476 nla.obj-1356780955 nla.obj-1438686809 nla.obj-1438900823
1980-04-12,hayden,opposition,37,35,28,2,6,6,0,printed,"Aprils, 12",1980-05-20,nla.obj-1193173834 nla.obj-1303319476 nla.obj-1356780955 nla.obj-1438686809 nla.obj-1438810405 nla.obj-1438900823
1980-04-26,fraser,pm,39,46,15,-7,7,7,0,printed,"April 19,26",1980-05-20,nla.obj-1193173834 nla.obj-1303319476 nla.obj-1303440543 nla.obj-1356780955 nla.obj-1438686809 nla.obj-1438900823 nla.obj-1444884093
1980-04-26,hayden,opposition,35,36,29,-1,8,8,0,printed,"April 19,26",1980-05-20,nla.obj-1193173834 nla.obj-1303319476 nla.obj-1303440543 nla.obj-1356780955 nla.obj-1438686809 nla.obj-1438810405 nla.obj-1438900823 nla.obj-1444884093
1980-05-10,fraser,pm,42,43,15,-1,4,4,0,printed,"May 3, 10",1980-06-03,nla.obj-1303319476 nla.obj-1356780955 nla.obj-1438686809 nla.obj-1438900823
1980-05-10,hayden,opposition,38,36,26,2,4,4,0,printed,"May 3, 10",1980-06-17,nla.obj-1356780955 nla.obj-1438686809 nla.obj-1438810405 nla.obj-1438900823
1980-05-24,fraser,pm,43,43,14,0,2,2,0,printed,"May 17, 24",1980-06-17,nla.obj-1356780955 nla.obj-1438686809
1980-05-24,hayden,opposition,39,36,25,3,2,2,0,printed,"May 17, 24",1980-06-17,nla.obj-1356780955 nla.obj-1438686809
1980-06-07,fraser,pm,43,44,13,-1,4,4,0,printed,"May 31, June 7",1980-07-15,nla.obj-1303440543 nla.obj-1438686809 nla.obj-1438900823 nla.obj-1444884093
1980-06-07,hayden,opposition,39,37,24,2,5,5,0,printed,"May 31, June 7",1980-07-15,nla.obj-1303440543 nla.obj-1438686809 nla.obj-1438810405 nla.obj-1438900823 nla.obj-1444884093
1980-06-21,fraser,pm,41,46,13,-5,4,4,0,printed,"June 14, 21",1980-07-15,nla.obj-1303440543 nla.obj-1438686809 nla.obj-1438900823 nla.obj-1444884093
1980-06-21,hayden,opposition,38,37,25,1,5,5,0,printed,"June 14, 21",1980-07-15,nla.obj-1303440543 nla.obj-1438686809 nla.obj-1438810405 nla.obj-1438900823 nla.obj-1444884093
1980-07-05,fraser,pm,40,44,16,-4,2,2,0,printed,"June 28, July 5",1980-08-12,nla.obj-1438900823 nla.obj-1444884093
1980-07-05,hayden,opposition,36,36,28,0,2,2,0,printed,"June 28, July 5",1980-07-29,nla.obj-1438810405 nla.obj-1438900823
1980-07-19,fraser,pm,36,49,15,-13,2,2,0,printed,"July 12, 19",1980-08-12,nla.obj-1438900823 nla.obj-1444884093
1980-07-19,hayden,opposition,36,37,27,-1,2,2,0,printed,"July 12, 19",1980-08-12,nla.obj-1438900823 nla.obj-1444884093
1980-08-02,fraser,pm,35,51,14,-16,2,2,0,printed,"July 26, Aug 2",1980-08-26,nla.obj-1303440543 nla.obj-1444884093
1980-08-02,hayden,opposition,38,35,27,3,2,2,0,printed,"July 26, Aug 2",1980-08-26,nla.obj-1303440543 nla.obj-1444884093
1980-08-15,peacock,unknown,56,17,27,39,3,3,0,month,"August, 1980",1983-04-19,nla.obj-1311899419 nla.obj-1314371540 nla.obj-1923534194
1980-08-16,fraser,pm,39,45,16,-6,1,1,0,printed,"Aug 9, 16",1980-09-30,nla.obj-1303440543
1980-08-16,hayden,opposition,39,35,26,4,1,1,0,printed,"Aug 9, 16",1980-09-30,nla.obj-1303440543
1980-08-30,fraser,pm,38,45,17,-7,1,1,0,printed,"Aug 23, 30",1980-09-30,nla.obj-1303440543
1980-08-30,hayden,opposition,38,35,27,3,1,1,0,printed,"Aug 23, 30",1980-09-30,nla.obj-1303440543
1980-09-13,fraser,pm,39,44,17,-5,1,1,0,printed,"Sept 6, 13",1980-09-30,nla.obj-1303440543
1980-09-13,hayden,opposition,40,32,28,8,1,1,0,printed,"Sept 6, 13",1980-09-30,nla.obj-1303440543
1980-10-05,fraser,pm,39,47,14,-8,2,2,0,printed,"Oct 4,5",1981-06-30,nla.obj-1206933228 nla.obj-1304654267
1980-10-05,hayden,opposition,49,30,21,19,2,2,0,printed,"Oct 4,5",1981-06-30,nla.obj-1206933228 nla.obj-1304654267
1980-10-18,fraser,pm,40,44,16,-4,4,4,0,printed,"Oct 18 (Elec day)",1981-06-30,nla.obj-1206933228 nla.obj-1224776684 nla.obj-1224906802 nla.obj-1304654267
1980-10-18,hayden,opposition,54,25,21,29,3,3,0,printed,"Oct 18 (Elec day)",1981-06-30,nla.obj-1206933228 nla.obj-1224776684 nla.obj-1304654267
1980-11-01,fraser,pm,45,42,13,3,4,4,0,printed,"Oct 25, Nov 1",1981-06-30,nla.obj-1206933228 nla.obj-1224776684 nla.obj-1224906802 nla.obj-1304654267
1980-11-01,hayden,opposition,56,25,19,31,3,3,0,printed,"Oct 25, Nov 1",1981-06-30,nla.obj-1206933228 nla.obj-1224776684 nla.obj-1304654267
1980-11-29,fraser,pm,47,40,13,7,4,4,0,printed,"Nov 22,29",1981-06-30,nla.obj-1206933228 nla.obj-1224776684 nla.obj-1224906802 nla.obj-1304654267
1980-11-29,hayden,opposition,52,25,23,27,3,3,0,printed,"Nov 22,29",1981-06-30,nla.obj-1206933228 nla.obj-1224776684 nla.obj-1304654267
1980-12-13,fraser,pm,45,42,13,3,4,4,0,printed,"Dec 6, 13",1981-06-30,nla.obj-1206933228 nla.obj-1224776684 nla.obj-1224906802 nla.obj-1304654267
1980-12-13,hayden,opposition,51,27,22,24,3,3,0,printed,"Dec 6, 13",1981-06-30,nla.obj-1206933228 nla.obj-1224776684 nla.obj-1304654267
1981-01-17,fraser,pm,39,41,20,-2,6,6,0,printed,"Jan 10, 17",1981-06-30,nla.obj-1206933228 nla.obj-1207159215 nla.obj-1224776684 nla.obj-1224906802 nla.obj-1225687913 nla.obj-1304654267
1981-01-17,hayden,opposition,44,26,30,18,6,6,0,printed,"Jan 10,17",1981-06-30,nla.obj-1206933228 nla.obj-1207159215 nla.obj-1224776684 nla.obj-1224906802 nla.obj-1225687913 nla.obj-1304654267
1981-01-31,fraser,pm,45,39,16,6,3,3,0,printed,"Jan 24,31",1981-06-30,nla.obj-1206933228 nla.obj-1207159215 nla.obj-1304654267
1981-01-31,hayden,opposition,50,25,25,25,3,3,0,printed,"Jan 24,31",1981-06-30,nla.obj-1206933228 nla.obj-1207159215 nla.obj-1304654267
1981-02-14,fraser,pm,44,39,17,5,7,7,0,printed,"Feb 7,14",1981-06-30,nla.obj-1150270646 nla.obj-1206933228 nla.obj-1207159215 nla.obj-1224776684 nla.obj-1224906802 nla.obj-1225687913 nla.obj-1305052533
1981-02-14,hayden,opposition,45,29,26,16,8,8,0,printed,"Feb 7,14",1981-06-30,nla.obj-1150270646 nla.obj-1206933228 nla.obj-1207159215 nla.obj-1224776684 nla.obj-1224906802 nla.obj-1225687913 nla.obj-1304654267 nla.obj-1305052533
1981-02-28,fraser,pm,43,40,17,3,3,3,0,printed,"Feb 21,28",1981-06-30,nla.obj-1206933228 nla.obj-1207159215 nla.obj-1305052533
1981-02-28,hayden,opposition,44,30,26,14,4,4,0,printed,"Feb 21,28",1981-06-30,nla.obj-1206933228 nla.obj-1207159215 nla.obj-1304654267 nla.obj-1305052533
1981-03-14,fraser,pm,46,40,14,6,7,7,0,printed,"Mar 7,14",1981-06-30,nla.obj-1150270646 nla.obj-1206933228 nla.obj-1207159215 nla.obj-1224776684 nla.obj-1224906802 nla.obj-1225687913 nla.obj-1305052533
1981-03-14,hayden,opposition,46,32,22,14,8,8,0,printed,"Mar 7,14",1981-06-30,nla.obj-1150270646 nla.obj-1206933228 nla.obj-1207159215 nla.obj-1224776684 nla.obj-1224906802 nla.obj-1225687913 nla.obj-1304654267 nla.obj-1305052533
1981-03-28,fraser,pm,43,40,17,3,3,3,0,printed,"Mar 21,28",1981-06-30,nla.obj-1206933228 nla.obj-1207159215 nla.obj-1305052533
1981-03-28,hayden,opposition,43,31,26,12,4,4,0,printed,"Mar 21,28",1981-06-30,nla.obj-1206933228 nla.obj-1207159215 nla.obj-1304654267 nla.obj-1305052533
1981-04-11,fraser,pm,46,37,17,9,10,10,0,printed,"Apr 4,11",1981-06-30,nla.obj-1206933228 nla.obj-1207159215 nla.obj-1224776684 nla.obj-1224906802 nla.obj-1225687913 nla.obj-1240384507 nla.obj-1240978473 nla.obj-1305052533 nla.obj-1310001358 nla.obj-1400923651
1981-04-11,hayden,opposition,46,28,26,18,11,11,0,printed,"Apr 4, 11",1981-06-30,nla.obj-1206933228 nla.obj-1207159215 nla.obj-1224776684 nla.obj-1224906802 nla.obj-1225687913 nla.obj-1240384507 nla.obj-1240978473 nla.obj-1304654267 nla.obj-1305052533 nla.obj-1310001358 nla.obj-1400923651
1981-04-19,fraser,pm,34,52,14,-18,11,11,0,printed,"April 18,19",1981-06-30,nla.obj-1150270646 nla.obj-1206933228 nla.obj-1207159215 nla.obj-1224906802 nla.obj-1225687913 nla.obj-1240384507 nla.obj-1240978473 nla.obj-1248263987 nla.obj-1305052533 nla.obj-1310001358 nla.obj-1400923651
1981-04-19,hayden,opposition,44,33,23,11,13,13,0,printed,"Apr 18,19",1981-06-30,nla.obj-1150270646 nla.obj-1206933228 nla.obj-1207159215 nla.obj-1224776684 nla.obj-1224906802 nla.obj-1225687913 nla.obj-1240384507 nla.obj-1240978473 nla.obj-1248263987 nla.obj-1304654267 nla.obj-1305052533 nla.obj-1310001358 nla.obj-1400923651
1981-04-19,peacock,unknown,63,14,23,49,3,3,0,printed,"April 18/19,1981",1983-04-19,nla.obj-1311899419 nla.obj-1314371540 nla.obj-1923534194
1981-04-26,fraser,pm,39,48,13,-9,3,3,0,printed,"Apr 25,26",1981-06-30,nla.obj-1206933228 nla.obj-1207159215 nla.obj-1305052533
1981-04-26,hayden,opposition,44,33,23,11,4,4,0,printed,"Apr 25,26",1981-06-30,nla.obj-1206933228 nla.obj-1207159215 nla.obj-1304654267 nla.obj-1305052533
1981-05-03,fraser,pm,35,52,13,-17,11,11,0,printed,"May 2,3",1981-06-30,nla.obj-1150270646 nla.obj-1206933228 nla.obj-1207159215 nla.obj-1224906802 nla.obj-1225687913 nla.obj-1240384507 nla.obj-1240978473 nla.obj-1248263987 nla.obj-1305052533 nla.obj-1310001358 nla.obj-1400923651
1981-05-03,hayden,opposition,41,34,25,7,13,13,0,printed,"May 2,3",1981-06-30,nla.obj-1150270646 nla.obj-1206933228 nla.obj-1207159215 nla.obj-1224776684 nla.obj-1224906802 nla.obj-1225687913 nla.obj-1240384507 nla.obj-1240978473 nla.obj-1248263987 nla.obj-1304654267 nla.obj-1305052533 nla.obj-1310001358 nla.obj-1400923651
1981-05-10,fraser,pm,26,58,16,-32,11,11,0,printed,"May 9,10",1981-06-30,nla.obj-1150270646 nla.obj-1206933228 nla.obj-1207159215 nla.obj-1224906802 nla.obj-1225687913 nla.obj-1240384507 nla.obj-1240978473 nla.obj-1248263987 nla.obj-1305052533 nla.obj-1310001358 nla.obj-1400923651
1981-05-10,hayden,opposition,40,35,25,5,13,13,0,printed,"May 9,10",1981-06-30,nla.obj-1150270646 nla.obj-1206933228 nla.obj-1207159215 nla.obj-1224776684 nla.obj-1224906802 nla.obj-1225687913 nla.obj-1240384507 nla.obj-1240978473 nla.obj-1248263987 nla.obj-1304654267 nla.obj-1305052533 nla.obj-1310001358 nla.obj-1400923651
1981-05-23,fraser,pm,32,57,11,-25,3,3,0,printed,"May 16,23",1981-06-30,nla.obj-1206933228 nla.obj-1207159215 nla.obj-1305052533
1981-05-23,hayden,opposition,42,33,25,9,4,4,0,printed,"May 16,23",1981-06-30,nla.obj-1206933228 nla.obj-1207159215 nla.obj-1304654267 nla.obj-1305052533
1981-06-06,fraser,pm,30,56,14,-26,10,10,0,printed,"May 30, June 6",1981-06-30,nla.obj-1206933228 nla.obj-1207159215 nla.obj-1224906802 nla.obj-1225687913 nla.obj-1240384507 nla.obj-1240978473 nla.obj-1248263987 nla.obj-1305052533 nla.obj-1310001358 nla.obj-1400923651
1981-06-06,hayden,opposition,41,35,24,6,12,12,0,printed,"May 30, June 6",1981-06-30,nla.obj-1206933228 nla.obj-1207159215 nla.obj-1224776684 nla.obj-1224906802 nla.obj-1225687913 nla.obj-1240384507 nla.obj-1240978473 nla.obj-1248263987 nla.obj-1304654267 nla.obj-1305052533 nla.obj-1310001358 nla.obj-1400923651
1981-06-20,fraser,pm,31,55,14,-24,9,9,0,printed,"June 13,20",1981-07-28,nla.obj-1150270646 nla.obj-1207159215 nla.obj-1224906802 nla.obj-1240384507 nla.obj-1240978473 nla.obj-1248263987 nla.obj-1305052533 nla.obj-1310001358 nla.obj-1400923651
1981-06-20,hayden,opposition,40,35,25,5,12,12,0,printed,"June 13,20",1981-07-14,nla.obj-1150270646 nla.obj-1207159215 nla.obj-1224776684 nla.obj-1224906802 nla.obj-1225687913 nla.obj-1240384507 nla.obj-1240978473 nla.obj-1248263987 nla.obj-1304654267 nla.obj-1305052533 nla.obj-1310001358 nla.obj-1400923651
1981-07-04,fraser,pm,33,53,14,-20,8,8,0,printed,"June 27, July 4",1981-07-28,nla.obj-1207159215 nla.obj-1224906802 nla.obj-1240384507 nla.obj-1240978473 nla.obj-1248263987 nla.obj-1305052533 nla.obj-1310001358 nla.obj-1400923651
1981-07-04,hayden,opposition,41,33,26,8,9,9,0,printed,"June 27, July 4",1981-07-28,nla.obj-1207159215 nla.obj-1224776684 nla.obj-1224906802 nla.obj-1225687913 nla.obj-1240978473 nla.obj-1248263987 nla.obj-1305052533 nla.obj-1310001358 nla.obj-1400923651
1981-07-18,fraser,pm,34,53,13,-19,8,8,0,printed,"July 11,18",1981-08-11,nla.obj-1150270646 nla.obj-1207159215 nla.obj-1224906802 nla.obj-1240384507 nla.obj-1240978473 nla.obj-1248263987 nla.obj-1310001358 nla.obj-1400923651
1981-07-18,hayden,opposition,42,34,24,8,9,9,0,printed,"July 11,18",1981-08-11,nla.obj-1150270646 nla.obj-1207159215 nla.obj-1224776684 nla.obj-1224906802 nla.obj-1225687913 nla.obj-1240978473 nla.obj-1248263987 nla.obj-1310001358 nla.obj-1400923651
1981-08-01,fraser,pm,35,50,15,-15,6,6,0,printed,"Jul 25, Aug 1",1981-09-08,nla.obj-1224906802 nla.obj-1240384507 nla.obj-1240978473 nla.obj-1248263987 nla.obj-1310001358 nla.obj-1400923651
1981-08-01,hayden,opposition,41,33,26,8,7,7,0,printed,"Jul 25, Aug 1",1981-08-25,nla.obj-1224776684 nla.obj-1224906802 nla.obj-1225687913 nla.obj-1240978473 nla.obj-1248263987 nla.obj-1310001358 nla.obj-1400923651
1981-08-15,fraser,pm,33,55,12,-22,5,5,0,printed,"Aug 8, 15",1981-09-08,nla.obj-1150270646 nla.obj-1224906802 nla.obj-1240384507 nla.obj-1248263987 nla.obj-1310001358
1981-08-15,hayden,opposition,43,35,22,8,7,7,0,printed,"Aug 8,15",1981-09-08,nla.obj-1150270646 nla.obj-1224906802 nla.obj-1225687913 nla.obj-1240978473 nla.obj-1248263987 nla.obj-1310001358 nla.obj-1400923651
1981-08-29,fraser,pm,35,54,11,-19,6,6,0,printed,"Aug 22,29",1981-09-29,nla.obj-1150270646 nla.obj-1240384507 nla.obj-1240978473 nla.obj-1248263987 nla.obj-1310001358 nla.obj-1400923651
1981-08-29,hayden,opposition,40,36,24,4,6,6,0,printed,"Aug 22,29",1981-09-15,nla.obj-1150270646 nla.obj-1225687913 nla.obj-1240978473 nla.obj-1248263987 nla.obj-1310001358 nla.obj-1400923651
1981-09-12,fraser,pm,32,57,11,-25,4,4,0,printed,"Sept 5,12",1981-09-29,nla.obj-1150270646 nla.obj-1240384507 nla.obj-1248263987 nla.obj-1400923651
1981-09-12,hayden,opposition,44,31,25,13,5,5,0,printed,"Sept 5,12",1981-10-13,nla.obj-1150270646 nla.obj-1240978473 nla.obj-1248263987 nla.obj-1310001358 nla.obj-1400923651
1981-09-26,fraser,pm,35,52,13,-17,3,3,0,printed,"Sept 19,26",1981-10-27,nla.obj-1240978473 nla.obj-1248263987 nla.obj-1400923651
1981-09-26,hayden,opposition,44,31,25,13,4,4,0,printed,"Sept 19,26",1981-10-13,nla.obj-1240978473 nla.obj-1248263987 nla.obj-1310001358 nla.obj-1400923651
1981-10-10,fraser,pm,36,51,13,-15,4,4,0,printed,"Oct 3,10",1981-10-27,nla.obj-1150270646 nla.obj-1240978473 nla.obj-1248263987 nla.obj-1400923651
1981-10-10,hayden,opposition,43,33,24,10,4,4,0,printed,"Oct 3,10",1981-10-27,nla.obj-1150270646 nla.obj-1240978473 nla.obj-1248263987 nla.obj-1400923651
1981-10-15,peacock,unknown,50,23,27,27,3,3,0,month,"October, 1981",1983-04-19,nla.obj-1311899419 nla.obj-1314371540 nla.obj-1923534194
1981-10-24,fraser,pm,37,49,14,-12,3,3,0,printed,"Oct 17,24",1981-11-10,nla.obj-1150270646 nla.obj-1248263987 nla.obj-1400923651
1981-10-24,hayden,opposition,43,33,24,10,3,3,0,printed,"Oct 17,24",1981-11-10,nla.obj-1150270646 nla.obj-1248263987 nla.obj-1400923651
1981-11-07,fraser,pm,40,46,14,-6,2,2,0,printed,"Oct 31, Nov 7",1981-11-24,nla.obj-1150270646 nla.obj-1248263987
1981-11-07,hayden,opposition,42,33,25,9,3,3,0,printed,"Oct 31, Nov 7",1981-11-24,nla.obj-1150270646 nla.obj-1248263987 nla.obj-1444940596
1981-11-21,fraser,pm,40,48,12,-8,2,2,0,printed,"Nov 14,21",1981-12-08,nla.obj-1150270646 nla.obj-1310753276
1981-11-21,hayden,opposition,42,34,24,8,3,3,0,printed,"Nov 14,21",1981-12-08,nla.obj-1150270646 nla.obj-1310753276 nla.obj-1444940596
1981-12-05,fraser,pm,40,46,14,-6,1,1,0,printed,"Nov 28, Dec 5",1982-04-27,nla.obj-1310753276
1981-12-05,hayden,opposition,41,36,23,5,2,2,0,printed,"Nov 28, Dec 5",1982-04-27,nla.obj-1310753276 nla.obj-1444940596
1981-12-19,fraser,pm,40,45,15,-5,1,1,0,printed,"Dec 12,19",1982-04-27,nla.obj-1310753276
1982-01-16,fraser,pm,40,44,16,-4,14,14,0,printed,"Jan 9,16",1982-03-30,nla.obj-1310753276 nla.obj-1311136186 nla.obj-1336062673 nla.obj-1336637384 nla.obj-1361087094 nla.obj-1364437436 nla.obj-1377970390 nla.obj-1378009700 nla.obj-1400927193 nla.obj-1444907440 nla.obj-1444919889 nla.obj-1444940596 nla.obj-1444984543 nla.obj-1445016463
1982-01-16,hayden,opposition,43,32,25,11,8,8,0,printed,"Jan 9,16",1982-04-27,nla.obj-1310753276 nla.obj-1311136186 nla.obj-1336062673 nla.obj-1336637384 nla.obj-1361087094 nla.obj-1377970390 nla.obj-1444940596 nla.obj-1444984543
1982-01-30,fraser,pm,38,45,17,-7,7,6,0,printed,"Jan 23,30",1982-03-30,nla.obj-1310753276 nla.obj-1311136186 nla.obj-1336062673 nla.obj-1400927193 nla.obj-1444907440 nla.obj-1444919889 nla.obj-1444940596
1982-01-30,hayden,opposition,41,31,28,10,4,4,0,printed,"Jan 23,30",1982-04-27,nla.obj-1310753276 nla.obj-1311136186 nla.obj-1336062673 nla.obj-1444940596
1982-02-13,fraser,pm,37,48,15,-11,12,12,0,printed,"Feb 6,13",1982-03-30,nla.obj-1310753276 nla.obj-1311136186 nla.obj-1336062673 nla.obj-1336637384 nla.obj-1361087094 nla.obj-1364437436 nla.obj-1400927193 nla.obj-1444907440 nla.obj-1444919889 nla.obj-1444940596 nla.obj-1444984543 nla.obj-1445016463
1982-02-13,hayden,opposition,41,32,27,9,7,7,0,printed,"Feb 6,13",1982-04-27,nla.obj-1310753276 nla.obj-1311136186 nla.obj-1336062673 nla.obj-1336637384 nla.obj-1361087094 nla.obj-1444940596 nla.obj-1444984543
1982-02-27,fraser,pm,32,51,17,-19,7,7,0,printed,"Feb 20,27",1982-03-30,nla.obj-1310753276 nla.obj-1311136186 nla.obj-1336062673 nla.obj-1400927193 nla.obj-1444907440 nla.obj-1444919889 nla.obj-1444940596
1982-02-27,hayden,opposition,40,32,28,8,4,4,0,printed,"Feb 20,27",1982-04-27,nla.obj-1310753276 nla.obj-1311136186 nla.obj-1336062673 nla.obj-1444940596
1982-03-13,fraser,pm,33,51,16,-18,5,5,0,printed,"Mar 6,13",1982-04-27,nla.obj-1310753276 nla.obj-1311136186 nla.obj-1444907440 nla.obj-1444919889 nla.obj-1444940596
1982-03-13,hayden,opposition,41,33,26,8,3,3,0,printed,"Mar 6, 13",1982-04-27,nla.obj-1310753276 nla.obj-1311136186 nla.obj-1444940596
1982-03-27,fraser,pm,32,53,15,-21,14,14,0,printed,"Mar 20,27",1982-04-27,nla.obj-1310753276 nla.obj-1336062673 nla.obj-1336637384 nla.obj-1361087094 nla.obj-1362212561 nla.obj-1364437436 nla.obj-1377970390 nla.obj-1378009700 nla.obj-1444907440 nla.obj-1444919889 nla.obj-1444940596 nla.obj-1444984543 nla.obj-1445016463 nla.obj-1453280867
1982-03-27,hayden,opposition,43,33,24,10,9,9,0,printed,"Mar 20,27",1982-04-27,nla.obj-1310753276 nla.obj-1311136186 nla.obj-1336637384 nla.obj-1361087094 nla.obj-1362212561 nla.obj-1377970390 nla.obj-1444940596 nla.obj-1444984543 nla.obj-1453280867
1982-04-10,fraser,pm,34,53,13,-19,6,6,0,printed,"April 3,10",1982-04-27,nla.obj-1310753276 nla.obj-1311136186 nla.obj-1336062673 nla.obj-1444907440 nla.obj-1444919889 nla.obj-1444940596
1982-04-10,hayden,opposition,42,35,23,7,3,3,0,printed,"April 3, 10",1982-04-27,nla.obj-1310753276 nla.obj-1311136186 nla.obj-1444940596
1982-04-15,peacock,unknown,46,30,24,16,4,4,0,month,"April, 1982",1983-04-19,nla.obj-1311899419 nla.obj-1312369871 nla.obj-1314371540 nla.obj-1923534194
1982-04-24,fraser,pm,36,47,17,-11,13,13,0,printed,"April 17, 24",1982-05-11,nla.obj-1311136186 nla.obj-1336062673 nla.obj-1336637384 nla.obj-1361087094 nla.obj-1362212561 nla.obj-1364234744 nla.obj-1364437436 nla.obj-1444907440 nla.obj-1444919889 nla.obj-1444940596 nla.obj-1444984543 nla.obj-1445016463 nla.obj-1453280867
1982-04-24,hayden,opposition,42,31,27,11,8,8,0,printed,"April 17,24",1982-06-08,nla.obj-1311136186 nla.obj-1336637384 nla.obj-1361087094 nla.obj-1362212561 nla.obj-1364234744 nla.obj-1444940596 nla.obj-1444984543 nla.obj-1453280867
1982-05-08,fraser,pm,39,48,13,-9,4,4,0,printed,"May 1,8",1982-05-25,nla.obj-1311136186 nla.obj-1336062673 nla.obj-1444919889 nla.obj-1444940596
1982-05-08,hayden,opposition,42,34,24,8,2,2,0,printed,"May 1,8",1982-06-08,nla.obj-1311136186 nla.obj-1444940596
1982-05-22,fraser,pm,38,47,15,-9,9,9,0,printed,"May 15,22",1982-06-08,nla.obj-1311136186 nla.obj-1336062673 nla.obj-1336637384 nla.obj-1361087094 nla.obj-1362212561 nla.obj-1444940596 nla.obj-1444984543 nla.obj-1445016463 nla.obj-1453280867
1982-05-22,hayden,opposition,38,35,27,3,7,7,0,printed,"May 15,22",1982-06-08,nla.obj-1311136186 nla.obj-1336637384 nla.obj-1361087094 nla.obj-1362212561 nla.obj-1444940596 nla.obj-1444984543 nla.obj-1453280867
1982-06-05,fraser,pm,41,46,13,-5,12,12,0,printed,"May 29, June 5",1982-07-06,nla.obj-1336062673 nla.obj-1336637384 nla.obj-1361087094 nla.obj-1362212561 nla.obj-1364234744 nla.obj-1364437436 nla.obj-1377970390 nla.obj-1378009700 nla.obj-1444940596 nla.obj-1444984543 nla.obj-1445016463 nla.obj-1453280867
1982-06-05,hayden,opposition,44,32,24,12,8,8,0,printed,"May 29, June 5",1982-07-20,nla.obj-1336637384 nla.obj-1361087094 nla.obj-1362212561 nla.obj-1364234744 nla.obj-1377970390 nla.obj-1444940596 nla.obj-1444984543 nla.obj-1453280867
1982-06-19,fraser,pm,41,44,15,-3,6,6,0,printed,"June 12,19",1982-08-03,nla.obj-1336637384 nla.obj-1361087094 nla.obj-1362212561 nla.obj-1444984543 nla.obj-1445016463 nla.obj-1453280867
1982-06-19,hayden,opposition,39,34,27,5,6,6,0,printed,"June 12,19",1982-07-20,nla.obj-1336637384 nla.obj-1361087094 nla.obj-1362212561 nla.obj-1444940596 nla.obj-1444984543 nla.obj-1453280867
1982-06-20,fraser,pm,41,44,15,-3,2,2,0,printed,"June 12, June 20",1982-07-06,nla.obj-1336062673 nla.obj-1444940596
1982-07-03,fraser,pm,39,46,15,-7,9,9,0,printed,"June 26, July 3",1982-07-20,nla.obj-1336637384 nla.obj-1361087094 nla.obj-1362212561 nla.obj-1364234744 nla.obj-1364437436 nla.obj-1444940596 nla.obj-1444984543 nla.obj-1445016463 nla.obj-1453280867
1982-07-03,hayden,opposition,38,36,26,2,6,6,0,printed,"June 26, July 3",1982-07-20,nla.obj-1336637384 nla.obj-1362212561 nla.obj-1364234744 nla.obj-1444940596 nla.obj-1444984543 nla.obj-1453280867
1982-07-11,hayden,opposition,44,35,21,9,6,6,0,printed,"July 10,11",1982-08-03,nla.obj-1336637384 nla.obj-1362212561 nla.obj-1364234744 nla.obj-1377970390 nla.obj-1444984543 nla.obj-1453280867
1982-07-17,fraser,pm,40,47,13,-7,6,6,0,printed,"July 10, 17",1982-08-03,nla.obj-1336637384 nla.obj-1361087094 nla.obj-1362212561 nla.obj-1444984543 nla.obj-1445016463 nla.obj-1453280867
1982-07-18,hayden,opposition,51,30,19,21,6,6,0,printed,"July 17,18",1982-08-03,nla.obj-1336637384 nla.obj-1362212561 nla.obj-1364234744 nla.obj-1377970390 nla.obj-1444984543 nla.obj-1453280867
1982-07-31,fraser,pm,42,47,11,-5,7,7,0,printed,"July 24/31",1982-08-17,nla.obj-1361087094 nla.obj-1362212561 nla.obj-1364234744 nla.obj-1364437436 nla.obj-1444984543 nla.obj-1445016463 nla.obj-1453280867
1982-07-31,hayden,opposition,54,29,17,25,4,4,0,printed,"July 24,31",1982-08-17,nla.obj-1362212561 nla.obj-1364234744 nla.obj-1444984543 nla.obj-1453280867
1982-08-14,fraser,pm,39,50,11,-11,7,7,0,printed,"Aug 7/14",1982-09-14,nla.obj-1361087094 nla.obj-1364234744 nla.obj-1364437436 nla.obj-1377970390 nla.obj-1378009700 nla.obj-1445016463 nla.obj-1453280867
1982-08-14,hayden,opposition,51,30,19,21,3,3,0,printed,"August 7,14",1982-10-12,nla.obj-1362212561 nla.obj-1364234744 nla.obj-1453280867
1982-08-28,fraser,pm,39,48,13,-9,7,7,0,printed,"Aug 21/28",1982-09-14,nla.obj-1361087094 nla.obj-1364234744 nla.obj-1364437436 nla.obj-1377970390 nla.obj-1378009700 nla.obj-1445016463 nla.obj-1453280867
1982-08-28,hayden,opposition,48,32,20,16,3,3,0,printed,"August 21,28",1982-10-12,nla.obj-1362212561 nla.obj-1364234744 nla.obj-1453280867
1982-09-11,fraser,pm,36,49,15,-13,4,4,0,printed,"September 4, 11",1982-09-28,nla.obj-1364234744 nla.obj-1364437436 nla.obj-1445016463 nla.obj-1453280867
1982-09-11,hayden,opposition,50,30,20,20,3,3,0,printed,"September 4,11",1982-10-12,nla.obj-1362212561 nla.obj-1364234744 nla.obj-1453280867
1982-09-19,fraser,pm,39,48,13,-9,5,5,0,printed,"September 18, 19",1982-10-26,nla.obj-1364234744 nla.obj-1364437436 nla.obj-1377970390 nla.obj-1378009700 nla.obj-1453280867
1982-09-19,hayden,opposition,47,34,19,13,3,3,0,printed,"September 18,19",1982-10-12,nla.obj-1362212561 nla.obj-1364234744 nla.obj-1453280867
1982-09-26,fraser,pm,33,54,13,-21,5,5,0,printed,"September 25,26",1982-10-26,nla.obj-1364234744 nla.obj-1364437436 nla.obj-1377970390 nla.obj-1378009700 nla.obj-1453280867
1982-09-26,hayden,opposition,43,37,20,6,3,3,0,printed,"September 25,26",1982-10-12,nla.obj-1362212561 nla.obj-1364234744 nla.obj-1453280867
1982-10-09,fraser,pm,41,45,14,-4,7,7,0,printed,"October 2, 9",1982-10-26,nla.obj-1364234744 nla.obj-1364437436 nla.obj-1377970390 nla.obj-1378009700 nla.obj-1453280867 nla.obj-1453316205 nla.obj-1453683391
1982-10-09,hayden,opposition,44,36,20,8,3,3,0,printed,"October 2, 9",1982-10-26,nla.obj-1364234744 nla.obj-1453280867 nla.obj-1453683391
1982-10-23,fraser,pm,36,50,14,-14,7,7,0,printed,"Oct 16/23",1982-11-09,nla.obj-1314273548 nla.obj-1364437436 nla.obj-1377970390 nla.obj-1378009700 nla.obj-1453280867 nla.obj-1453316205 nla.obj-1453683391
1982-10-23,hayden,opposition,43,35,22,8,2,2,0,printed,"October 16,23",1982-11-09,nla.obj-1453280867 nla.obj-1453683391
1982-11-06,fraser,pm,38,47,15,-9,6,6,0,printed,"Oct 30/Nov 6",1982-11-23,nla.obj-1314273548 nla.obj-1364437436 nla.obj-1377970390 nla.obj-1378009700 nla.obj-1453316205 nla.obj-1453683391
1982-11-06,hayden,opposition,42,36,22,6,1,1,0,printed,"Oct 30, Nov 6",1983-02-01,nla.obj-1453683391
1982-11-20,fraser,pm,37,49,14,-12,5,5,0,printed,"Nov 13/20",1982-12-07,nla.obj-1314273548 nla.obj-1377970390 nla.obj-1378009700 nla.obj-1453316205 nla.obj-1453683391
1982-11-20,hayden,opposition,41,36,23,5,1,1,0,printed,"Nov 13,20",1983-02-01,nla.obj-1453683391
1982-12-04,fraser,pm,33,53,14,-20,4,4,0,printed,"Nov 27/Dec 4",1982-12-21,nla.obj-1314273548 nla.obj-1378009700 nla.obj-1453316205 nla.obj-1453683391
1982-12-04,hayden,opposition,43,34,23,9,1,1,0,printed,"Nov 27, Dec 4",1983-02-01,nla.obj-1453683391
1982-12-18,fraser,pm,36,49,15,-13,3,3,0,printed,"Dec 11/18",1983-01-11,nla.obj-1314273548 nla.obj-1453316205 nla.obj-1453683391
1982-12-18,hayden,opposition,38,39,23,-1,1,1,0,printed,"Dec 11, 18",1983-02-01,nla.obj-1453683391
1983-01-15,fraser,pm,39,46,15,-7,2,2,0,printed,"Jan 8/15",1983-02-01,nla.obj-1314273548 nla.obj-1453683391
1983-01-15,hawke,other,62,19,19,43,4,4,0,month,"January",1983-05-03,nla.obj-1312369871 nla.obj-1314371540 nla.obj-1401699600 nla.obj-1923534194
1983-01-29,fraser,pm,38,46,16,-8,1,1,0,printed,"Jan 22/29",1983-02-15,nla.obj-1314273548
1983-02-06,hawke,opposition,53,24,23,29,4,4,0,printed,"February 5/6",1983-04-19,nla.obj-1311899419 nla.obj-1312369871 nla.obj-1314371540 nla.obj-1923534194
1983-02-13,hawke,opposition,50,22,28,28,5,5,0,printed,"February 12/13",1983-04-19,nla.obj-1311899419 nla.obj-1312369871 nla.obj-1314371540 nla.obj-1401699600 nla.obj-1923534194
1983-02-20,hawke,opposition,54,22,24,32,4,4,0,printed,"February 19/20",1983-04-19,nla.obj-1311899419 nla.obj-1312369871 nla.obj-1314371540 nla.obj-1923534194
1983-02-27,hawke,opposition,58,24,18,34,5,5,0,printed,"February 26/27",1983-04-19,nla.obj-1311899419 nla.obj-1312369871 nla.obj-1314371540 nla.obj-1401699600 nla.obj-1923534194
1983-03-05,hawke,opposition,55,24,21,31,3,3,0,printed,"March 5 (Elect day)",1983-04-19,nla.obj-1311899419 nla.obj-1314371540 nla.obj-1401699600
1983-03-19,hawke,pm,54,11,35,43,6,6,0,printed,"March 12/19",1983-04-19,nla.obj-1249545124 nla.obj-1311899419 nla.obj-1314371540 nla.obj-1314392584 nla.obj-1401699600 nla.obj-1453497372
1983-03-20,peacock,opposition,41,14,45,27,5,5,0,printed,"March 19/20,1983",1983-04-19,nla.obj-1311899419 nla.obj-1312369871 nla.obj-1314371540 nla.obj-1314392584 nla.obj-1923534194
1983-04-02,hawke,pm,57,9,34,48,2,2,0,printed,"March 26/April 2",1983-04-19,nla.obj-1311899419 nla.obj-1314392584
1983-04-02,peacock,opposition,41,12,47,29,4,4,0,printed,"March 26/April 2",1983-05-03,nla.obj-1312369871 nla.obj-1314371540 nla.obj-1314392584 nla.obj-1923534194
1983-04-16,hawke,pm,66,11,23,55,6,6,0,printed,"April 9/16",1983-07-05,nla.obj-1249545124 nla.obj-1314392584 nla.obj-1323772284 nla.obj-1401699600 nla.obj-1453497372 nla.obj-1453622183
1983-04-16,peacock,opposition,47,14,39,33,9,9,0,printed,"April 9/16",1983-05-03,nla.obj-1249545124 nla.obj-1312369871 nla.obj-1314371540 nla.obj-1314392584 nla.obj-1323772284 nla.obj-1401699600 nla.obj-1453497372 nla.obj-1453622183 nla.obj-1923534194
1983-04-30,hawke,pm,68,10,22,58,1,1,0,printed,"April 23/30",1983-07-05,nla.obj-1314392584
1983-04-30,peacock,opposition,45,16,39,29,3,3,0,printed,"April 23/30",1983-05-31,nla.obj-1312369871 nla.obj-1314371540 nla.obj-1314392584
1983-05-14,hawke,pm,65,12,23,53,6,6,0,printed,"May 7/14",1983-07-05,nla.obj-1249545124 nla.obj-1314392584 nla.obj-1323772284 nla.obj-1401699600 nla.obj-1453497372 nla.obj-1453622183
1983-05-14,peacock,opposition,50,16,34,34,8,8,0,printed,"May 7/14",1983-05-31,nla.obj-1249545124 nla.obj-1312369871 nla.obj-1314371540 nla.obj-1314392584 nla.obj-1323772284 nla.obj-1401699600 nla.obj-1453497372 nla.obj-1453622183
1983-05-22,hawke,pm,58,19,23,39,1,1,0,printed,"May 21/22",1983-07-05,nla.obj-1314392584
1983-05-22,peacock,opposition,47,24,29,23,2,2,0,printed,"May 21/22",1983-06-07,nla.obj-1314371540 nla.obj-1314392584
1983-06-04,hawke,pm,56,21,23,35,3,3,0,printed,"May 28/June 4",1983-07-05,nla.obj-1249545124 nla.obj-1314392584 nla.obj-1401699600
1983-06-04,peacock,opposition,45,22,33,23,3,3,0,printed,"May 28/June 4",1983-07-05,nla.obj-1249545124 nla.obj-1314392584 nla.obj-1401699600
1983-06-18,hawke,pm,59,24,17,35,6,6,0,printed,"June 11/18",1983-07-05,nla.obj-1249545124 nla.obj-1314073614 nla.obj-1314392584 nla.obj-1401699600 nla.obj-1453497372 nla.obj-1453622183
1983-06-18,peacock,opposition,47,24,29,23,6,6,0,printed,"June 11/18",1983-07-05,nla.obj-1249545124 nla.obj-1314392584 nla.obj-1323772284 nla.obj-1401699600 nla.obj-1453497372 nla.obj-1453622183
1983-07-02,hawke,pm,59,22,19,37,7,7,0,printed,"June 25/July 2",1983-08-02,nla.obj-1249545124 nla.obj-1314073614 nla.obj-1314073794 nla.obj-1323772284 nla.obj-1401699600 nla.obj-1453497372 nla.obj-1453622183
1983-07-02,peacock,opposition,45,24,31,21,6,6,0,printed,"June 25/July 2",1983-08-30,nla.obj-1249545124 nla.obj-1314073794 nla.obj-1314117751 nla.obj-1323772284 nla.obj-1453497372 nla.obj-1453622183
1983-07-16,hawke,pm,60,24,16,36,2,2,0,printed,"July 9/16",1983-08-02,nla.obj-1249545124 nla.obj-1401699600
1983-07-16,peacock,opposition,47,24,29,23,2,2,0,printed,"July 9/16",1983-08-30,nla.obj-1249545124 nla.obj-1923509119
1983-07-24,hawke,pm,56,24,20,32,5,5,0,printed,"July 23/24",1983-08-30,nla.obj-1249545124 nla.obj-1314073794 nla.obj-1323772284 nla.obj-1453497372 nla.obj-1453622183
1983-07-24,peacock,opposition,42,29,29,13,7,7,0,printed,"July 23/24",1983-08-30,nla.obj-1249545124 nla.obj-1314073794 nla.obj-1314117751 nla.obj-1323772284 nla.obj-1453497372 nla.obj-1453622183 nla.obj-1923509119
1983-07-31,hawke,pm,53,31,16,22,5,5,0,printed,"July 30/31",1983-08-30,nla.obj-1249545124 nla.obj-1314073794 nla.obj-1323772284 nla.obj-1453497372 nla.obj-1453622183
1983-07-31,peacock,opposition,43,30,27,13,7,7,0,printed,"July 30/31",1983-08-30,nla.obj-1249545124 nla.obj-1314073794 nla.obj-1314117751 nla.obj-1323772284 nla.obj-1453497372 nla.obj-1453622183 nla.obj-1923509119
1983-08-13,hawke,pm,57,25,18,32,1,1,0,printed,"August 6/13",1983-08-30,nla.obj-1249545124
1983-08-13,peacock,opposition,41,32,27,9,1,1,0,printed,"August 6/13",1983-08-30,nla.obj-1249545124
1983-08-14,peacock,opposition,41,32,27,9,1,1,0,printed,"Aug 6/7 & 13/14",1983-09-13,nla.obj-1923509119
1983-08-21,hawke,pm,57,26,17,31,5,5,0,printed,"Aug 20/21",1983-10-11,nla.obj-1314073794 nla.obj-1314940477 nla.obj-1323772284 nla.obj-1453497372 nla.obj-1453622183
1983-08-21,peacock,opposition,36,33,31,3,6,5,0,printed,"Aug 20/21",1983-09-13,nla.obj-1314073794 nla.obj-1314117751 nla.obj-1323772284 nla.obj-1453497372 nla.obj-1453622183 nla.obj-1923509119
1983-08-28,hawke,pm,57,25,18,32,7,7,0,printed,"Aug 27/28",1983-10-11,nla.obj-1314073794 nla.obj-1314940477 nla.obj-1315429824 nla.obj-1315862696 nla.obj-1323772284 nla.obj-1453497372 nla.obj-1453622183
1983-08-28,peacock,opposition,41,35,24,6,8,8,0,printed,"Aug 27/28",1983-09-13,nla.obj-1314073794 nla.obj-1314117751 nla.obj-1315429824 nla.obj-1315862696 nla.obj-1323772284 nla.obj-1453497372 nla.obj-1453622183 nla.obj-1923509119
1983-09-10,hawke,pm,64,21,15,43,8,8,0,printed,"Sep 3/10",1983-10-11,nla.obj-1314073794 nla.obj-1314940477 nla.obj-1315429824 nla.obj-1315483362 nla.obj-1315862696 nla.obj-1323772284 nla.obj-1453497372 nla.obj-1453622183
1983-09-10,peacock,opposition,44,30,26,14,8,8,0,printed,"Sep 3/10",1983-10-11,nla.obj-1314073794 nla.obj-1314117751 nla.obj-1315429824 nla.obj-1315483362 nla.obj-1315862696 nla.obj-1323772284 nla.obj-1453497372 nla.obj-1453622183
1983-09-24,hawke,pm,63,21,16,42,8,8,0,printed,"Sep 17/24",1983-10-11,nla.obj-1314073794 nla.obj-1314940477 nla.obj-1315429824 nla.obj-1315483362 nla.obj-1315862696 nla.obj-1323772284 nla.obj-1453497372 nla.obj-1453622183
1983-09-24,peacock,opposition,46,27,27,19,8,8,0,printed,"Sep 17/24",1983-10-11,nla.obj-1314073794 nla.obj-1314117751 nla.obj-1315429824 nla.obj-1315483362 nla.obj-1315862696 nla.obj-1323772284 nla.obj-1453497372 nla.obj-1453622183
1983-10-08,hawke,pm,70,18,12,52,7,7,0,printed,"Oct 1/8",1983-11-22,nla.obj-1314073794 nla.obj-1314940477 nla.obj-1315429824 nla.obj-1315483362 nla.obj-1315862696 nla.obj-1323772284 nla.obj-1453622183
1983-10-08,peacock,opposition,48,28,24,20,7,7,0,printed,"Oct 1/8",1983-11-22,nla.obj-1314073794 nla.obj-1314117751 nla.obj-1315429824 nla.obj-1315483362 nla.obj-1315862696 nla.obj-1323772284 nla.obj-1453622183
1983-10-22,hawke,pm,65,19,16,46,8,8,0,printed,"Oct 15/22",1983-11-22,nla.obj-1314073794 nla.obj-1314940477 nla.obj-1315429824 nla.obj-1315483362 nla.obj-1315810202 nla.obj-1315862696 nla.obj-1323772284 nla.obj-1453622183
1983-10-22,peacock,opposition,42,32,26,10,8,8,0,printed,"Oct 15/22",1983-11-22,nla.obj-1314073794 nla.obj-1314117751 nla.obj-1315429824 nla.obj-1315483362 nla.obj-1315810202 nla.obj-1315862696 nla.obj-1323772284 nla.obj-1453622183
1983-11-05,hawke,pm,67,21,12,46,8,8,0,printed,"Oct 29/Nov 5",1983-11-22,nla.obj-1314073794 nla.obj-1314940477 nla.obj-1315429824 nla.obj-1315483362 nla.obj-1315810202 nla.obj-1315862696 nla.obj-1323772284 nla.obj-1453622183
1983-11-05,peacock,opposition,39,36,25,3,8,8,0,printed,"Oct 29/Nov 5",1983-11-22,nla.obj-1314073794 nla.obj-1314117751 nla.obj-1315429824 nla.obj-1315483362 nla.obj-1315810202 nla.obj-1315862696 nla.obj-1323772284 nla.obj-1453622183
1983-11-19,hawke,pm,65,21,14,44,7,7,0,printed,"November 12/19",1983-12-20,nla.obj-1314940477 nla.obj-1315429824 nla.obj-1315483362 nla.obj-1315810202 nla.obj-1315862696 nla.obj-1323772284 nla.obj-1453622183
1983-11-19,peacock,opposition,40,35,25,5,7,7,0,printed,"Nov 12/19",1983-12-06,nla.obj-1314117751 nla.obj-1315429824 nla.obj-1315483362 nla.obj-1315810202 nla.obj-1315862696 nla.obj-1323772284 nla.obj-1453622183
1983-12-03,hawke,pm,63,22,15,41,7,7,0,printed,"Nov 26/Dec 3",1983-12-20,nla.obj-1314940477 nla.obj-1315429824 nla.obj-1315483362 nla.obj-1315810202 nla.obj-1315862696 nla.obj-1323772284 nla.obj-1453622183
1983-12-03,peacock,opposition,39,35,26,4,6,6,0,printed,"Nov 26/Dec 3",1983-12-20,nla.obj-1315429824 nla.obj-1315483362 nla.obj-1315810202 nla.obj-1315862696 nla.obj-1323772284 nla.obj-1453622183
1983-12-17,hawke,pm,66,20,14,46,6,6,0,printed,"December 10/17",1984-01-10,nla.obj-1314940477 nla.obj-1315429824 nla.obj-1315483362 nla.obj-1315810202 nla.obj-1315862696 nla.obj-1453622183
1983-12-17,peacock,opposition,41,36,23,5,5,5,0,printed,"Dec 10/17",1984-01-10,nla.obj-1315429824 nla.obj-1315483362 nla.obj-1315810202 nla.obj-1315862696 nla.obj-1453622183
1984-01-14,hawke,pm,73,15,12,58,9,9,0,printed,"January 7/14",1984-01-31,nla.obj-1314940477 nla.obj-1315429824 nla.obj-1315483362 nla.obj-1315810202 nla.obj-1315862696 nla.obj-1323584871 nla.obj-1323604032 nla.obj-1323663064 nla.obj-1503930672
1984-01-14,peacock,opposition,41,34,25,7,7,7,0,printed,"Jan 7/14",1984-02-14,nla.obj-1315429824 nla.obj-1315483362 nla.obj-1315810202 nla.obj-1315862696 nla.obj-1323584871 nla.obj-1323604032 nla.obj-1323663064
1984-01-28,hawke,pm,72,16,12,56,8,8,0,printed,"Jan 21/28",1984-02-14,nla.obj-1315429824 nla.obj-1315483362 nla.obj-1315810202 nla.obj-1315862696 nla.obj-1323584871 nla.obj-1323604032 nla.obj-1323663064 nla.obj-1503930672
1984-01-28,peacock,opposition,37,38,25,-1,7,7,0,printed,"Jan 21/28",1984-02-14,nla.obj-1315429824 nla.obj-1315483362 nla.obj-1315810202 nla.obj-1315862696 nla.obj-1323584871 nla.obj-1323604032 nla.obj-1323663064
1984-02-11,hawke,pm,73,15,12,58,7,7,0,printed,"Feb 4/11",1984-02-28,nla.obj-1315483362 nla.obj-1315810202 nla.obj-1315862696 nla.obj-1323604032 nla.obj-1323663064 nla.obj-1323778776 nla.obj-1503930672
1984-02-11,peacock,opposition,39,38,23,1,7,7,0,printed,"Feb 4/11",1984-02-28,nla.obj-1315483362 nla.obj-1315810202 nla.obj-1315862696 nla.obj-1323584871 nla.obj-1323604032 nla.obj-1323663064 nla.obj-1323778776
1984-02-25,hawke,pm,70,18,12,52,7,7,0,printed,"Feb 18/25",1984-03-13,nla.obj-1315810202 nla.obj-1315862696 nla.obj-1323584871 nla.obj-1323604032 nla.obj-1323663064 nla.obj-1323778776 nla.obj-1503930672
1984-02-25,peacock,opposition,36,38,26,-2,6,6,0,printed,"Feb 18/25",1984-03-13,nla.obj-1315810202 nla.obj-1315862696 nla.obj-1323584871 nla.obj-1323604032 nla.obj-1323663064 nla.obj-1323778776
1984-03-10,hawke,pm,74,16,10,58,7,7,0,printed,"March 3/10",1984-03-27,nla.obj-1315862696 nla.obj-1323584871 nla.obj-1323604032 nla.obj-1323663064 nla.obj-1323778776 nla.obj-1401756316 nla.obj-1503930672
1984-03-10,peacock,opposition,36,40,24,-4,6,6,0,printed,"March 3/10",1984-03-27,nla.obj-1315862696 nla.obj-1323584871 nla.obj-1323604032 nla.obj-1323663064 nla.obj-1323778776 nla.obj-1401756316
1984-03-24,hawke,pm,74,16,10,58,6,6,0,printed,"Mar 17/24",1984-04-24,nla.obj-1323584871 nla.obj-1323604032 nla.obj-1323663064 nla.obj-1323778776 nla.obj-1324419966 nla.obj-1503930672
1984-03-24,peacock,opposition,34,43,23,-9,4,4,0,printed,"Mar 17/24",1984-04-24,nla.obj-1323584871 nla.obj-1323604032 nla.obj-1323663064 nla.obj-1323778776
1984-04-07,hawke,pm,75,15,10,60,6,6,0,printed,"Mar 31/Apr 7",1984-04-24,nla.obj-1323584871 nla.obj-1323604032 nla.obj-1323663064 nla.obj-1323778776 nla.obj-1401756316 nla.obj-1503930672
1984-04-07,peacock,opposition,33,45,22,-12,4,4,0,printed,"Mar 31/Apr 7",1984-04-24,nla.obj-1323584871 nla.obj-1323663064 nla.obj-1323778776 nla.obj-1401756316
1984-04-17,peacock,opposition,33,45,22,-12,2,2,0,printed,"Mar 31/Apr 17",1984-05-08,nla.obj-1323604032 nla.obj-1324419966
1984-04-21,hawke,pm,75,16,9,59,5,5,0,printed,"Apr 14/21",1984-05-08,nla.obj-1323604032 nla.obj-1323663064 nla.obj-1323778776 nla.obj-1401756316 nla.obj-1503930672
1984-04-21,peacock,opposition,37,43,20,-6,5,5,0,printed,"Apr 14/21",1984-05-08,nla.obj-1323604032 nla.obj-1323663064 nla.obj-1323778776 nla.obj-1324419966 nla.obj-1401756316
1984-05-05,hawke,pm,72,18,10,54,4,4,0,printed,"April 28/May 5",1984-05-22,nla.obj-1323663064 nla.obj-1323778776 nla.obj-1401756316 nla.obj-1503930672
1984-05-05,peacock,opposition,35,45,20,-10,4,4,0,printed,"April 28/May 5",1984-05-22,nla.obj-1323663064 nla.obj-1323778776 nla.obj-1324419966 nla.obj-1401756316
1984-05-19,hawke,pm,71,17,12,54,5,5,0,printed,"May 12/19",1984-06-05,nla.obj-1323778776 nla.obj-1401756316 nla.obj-1503930672 nla.obj-1504189789 nla.obj-1504841560
1984-05-19,peacock,opposition,36,41,23,-5,5,5,0,printed,"May 12/19",1984-06-05,nla.obj-1323778776 nla.obj-1324419966 nla.obj-1401756316 nla.obj-1504189789 nla.obj-1504841560
1984-06-02,hawke,pm,68,20,12,48,4,4,0,printed,"May 26/June 2",1984-07-03,nla.obj-1401756316 nla.obj-1503930672 nla.obj-1504189789 nla.obj-1504841560
1984-06-02,peacock,opposition,37,43,20,-6,4,4,0,printed,"May 26/June 2",1984-06-19,nla.obj-1324419966 nla.obj-1401756316 nla.obj-1504189789 nla.obj-1504841560
1984-06-16,hawke,pm,69,19,12,50,7,7,0,printed,"June 9/16",1984-07-03,nla.obj-1401756316 nla.obj-1503930672 nla.obj-1504189789 nla.obj-1504352368 nla.obj-1504789973 nla.obj-1504841560 nla.obj-1505163419
1984-06-16,peacock,opposition,31,45,24,-14,5,5,0,printed,"June 9/16",1984-07-03,nla.obj-1401756316 nla.obj-1504189789 nla.obj-1504352368 nla.obj-1504841560 nla.obj-1505163419
1984-06-30,hawke,pm,67,20,13,47,6,6,0,printed,"June 23/30",1984-07-17,nla.obj-1503930672 nla.obj-1504189789 nla.obj-1504352368 nla.obj-1504789973 nla.obj-1504841560 nla.obj-1505163419
1984-06-30,peacock,opposition,34,44,22,-10,5,5,0,printed,"June 23/30",1984-08-28,nla.obj-1504189789 nla.obj-1504352368 nla.obj-1504789973 nla.obj-1504841560 nla.obj-1505163419
1984-07-14,hawke,pm,71,18,11,53,6,6,0,printed,"July 7/14",1984-08-28,nla.obj-1504189789 nla.obj-1504352368 nla.obj-1504789973 nla.obj-1504841560 nla.obj-1505163419 nla.obj-1505417297
1984-07-14,peacock,opposition,36,44,20,-8,6,6,0,printed,"July 7/14",1984-08-28,nla.obj-1504189789 nla.obj-1504352368 nla.obj-1504789973 nla.obj-1504841560 nla.obj-1505163419 nla.obj-1505417297
1984-07-28,hawke,pm,68,20,12,48,6,6,0,printed,"July 21/28",1984-08-28,nla.obj-1504189789 nla.obj-1504352368 nla.obj-1504789973 nla.obj-1504841560 nla.obj-1505163419 nla.obj-1505417297
1984-07-28,peacock,opposition,37,42,21,-5,6,6,0,printed,"July 21/28",1984-08-28,nla.obj-1504189789 nla.obj-1504352368 nla.obj-1504789973 nla.obj-1504841560 nla.obj-1505163419 nla.obj-1505417297
1984-08-11,hawke,pm,68,21,11,47,9,9,0,printed,"August 4/11",1984-08-28,nla.obj-1504189789 nla.obj-1504352368 nla.obj-1504789973 nla.obj-1504841560 nla.obj-1504940851 nla.obj-1505163419 nla.obj-1505417297 nla.obj-1505665263 nla.obj-1506350534
1984-08-11,peacock,opposition,35,43,22,-8,11,11,0,printed,"August 4/11",1984-08-28,nla.obj-1504189789 nla.obj-1504352368 nla.obj-1504789973 nla.obj-1504841560 nla.obj-1504940851 nla.obj-1505016111 nla.obj-1505163419 nla.obj-1505417297 nla.obj-1505665263 nla.obj-1505859240 nla.obj-1506350534
1984-08-25,hawke,pm,69,20,11,49,10,10,0,printed,"August 18/25",1984-09-11,nla.obj-1504352368 nla.obj-1504789973 nla.obj-1504841560 nla.obj-1504940851 nla.obj-1505163419 nla.obj-1505417297 nla.obj-1505665263 nla.obj-1505765037 nla.obj-1505859240 nla.obj-1506350534
1984-08-25,peacock,opposition,37,46,17,-9,10,10,0,printed,"August 18/25",1984-09-11,nla.obj-1504352368 nla.obj-1504789973 nla.obj-1504841560 nla.obj-1504940851 nla.obj-1505016111 nla.obj-1505163419 nla.obj-1505417297 nla.obj-1505665263 nla.obj-1505859240 nla.obj-1506350534
1984-09-08,hawke,pm,68,22,10,46,10,10,0,printed,"Sept 1/8",1984-09-25,nla.obj-1504789973 nla.obj-1504841560 nla.obj-1504940851 nla.obj-1505163419 nla.obj-1505417297 nla.obj-1505582795 nla.obj-1505665263 nla.obj-1505765037 nla.obj-1505859240 nla.obj-1506350534
1984-09-08,peacock,opposition,34,48,18,-14,11,11,0,printed,"Sept 1/8",1984-09-25,nla.obj-1504789973 nla.obj-1504841560 nla.obj-1504940851 nla.obj-1505016111 nla.obj-1505163419 nla.obj-1505417297 nla.obj-1505582795 nla.obj-1505665263 nla.obj-1505765037 nla.obj-1505859240 nla.obj-1506350534
1984-09-16,hawke,pm,66,22,12,44,9,9,0,printed,"Sept 15/16",1984-10-02,nla.obj-1504841560 nla.obj-1504940851 nla.obj-1505163419 nla.obj-1505417297 nla.obj-1505582795 nla.obj-1505665263 nla.obj-1505765037 nla.obj-1505859240 nla.obj-1506350534
1984-09-16,peacock,opposition,25,58,17,-33,10,10,0,printed,"Sept 15/16",1984-10-02,nla.obj-1504841560 nla.obj-1504940851 nla.obj-1505016111 nla.obj-1505163419 nla.obj-1505417297 nla.obj-1505582795 nla.obj-1505665263 nla.obj-1505765037 nla.obj-1505859240 nla.obj-1506350534
1984-09-23,hawke,pm,67,22,11,45,8,8,0,printed,"Sept 22/23",1984-10-09,nla.obj-1504940851 nla.obj-1505163419 nla.obj-1505417297 nla.obj-1505582795 nla.obj-1505665263 nla.obj-1505765037 nla.obj-1505859240 nla.obj-1506350534
1984-09-23,peacock,opposition,25,61,14,-36,9,9,0,printed,"Sept 22/23",1984-10-09,nla.obj-1504940851 nla.obj-1505016111 nla.obj-1505163419 nla.obj-1505417297 nla.obj-1505582795 nla.obj-1505665263 nla.obj-1505765037 nla.obj-1505859240 nla.obj-1506350534
1984-09-30,hawke,pm,69,20,11,49,7,7,0,printed,"Sep 29/30",1984-10-23,nla.obj-1505163419 nla.obj-1505417297 nla.obj-1505582795 nla.obj-1505665263 nla.obj-1505765037 nla.obj-1505859240 nla.obj-1506350534
1984-09-30,peacock,opposition,22,64,14,-42,7,7,0,printed,"Sept 29/30",1984-10-16,nla.obj-1505016111 nla.obj-1505417297 nla.obj-1505582795 nla.obj-1505665263 nla.obj-1505765037 nla.obj-1505859240 nla.obj-1506350534
1984-10-06,peacock,opposition,20,67,13,-47,1,1,0,printed,"Oct 6/6",1984-11-20,nla.obj-1505765037
1984-10-07,hawke,pm,69,23,8,46,7,7,0,printed,"Oct 6/7",1984-10-23,nla.obj-1505163419 nla.obj-1505417297 nla.obj-1505582795 nla.obj-1505665263 nla.obj-1505765037 nla.obj-1505859240 nla.obj-1506350534
1984-10-07,peacock,opposition,20,67,13,-47,5,5,0,printed,"October 6/7",1984-10-30,nla.obj-1505417297 nla.obj-1505582795 nla.obj-1505665263 nla.obj-1505859240 nla.obj-1506350534
1984-10-12,hawke,pm,67,21,12,46,1,1,0,printed,"Oct 20/12",1984-11-13,nla.obj-1505665263
1984-10-14,hawke,pm,68,20,12,48,6,6,0,printed,"October 13/14",1984-10-30,nla.obj-1505417297 nla.obj-1505582795 nla.obj-1505665263 nla.obj-1505765037 nla.obj-1505859240 nla.obj-1506350534
1984-10-14,peacock,opposition,19,66,15,-47,6,6,0,printed,"October 13/14",1984-10-30,nla.obj-1505417297 nla.obj-1505582795 nla.obj-1505665263 nla.obj-1505765037 nla.obj-1505859240 nla.obj-1506350534
1984-10-21,hawke,pm,67,21,12,46,4,4,0,printed,"Oct 20/21",1984-11-06,nla.obj-1505582795 nla.obj-1505765037 nla.obj-1505859240 nla.obj-1506350534
1984-10-21,peacock,opposition,24,63,13,-39,5,5,0,printed,"Oct 20/21",1984-11-06,nla.obj-1505582795 nla.obj-1505665263 nla.obj-1505765037 nla.obj-1505859240 nla.obj-1506350534
1984-10-28,hawke,pm,67,21,12,46,4,4,0,printed,"Oct 27/28",1984-11-13,nla.obj-1505665263 nla.obj-1505765037 nla.obj-1505859240 nla.obj-1506350534
1984-10-28,peacock,opposition,24,61,15,-37,4,4,0,printed,"Oct 27/28",1984-11-13,nla.obj-1505665263 nla.obj-1505765037 nla.obj-1505859240 nla.obj-1506350534
1984-11-04,hawke,pm,68,23,9,45,3,3,0,printed,"Nov 3/4",1984-11-20,nla.obj-1505765037 nla.obj-1505859240 nla.obj-1506350534
1984-11-04,peacock,opposition,28,61,11,-33,3,3,0,printed,"Nov 3/4",1984-11-20,nla.obj-1505765037 nla.obj-1505859240 nla.obj-1506350534
1984-11-11,hawke,pm,71,19,10,52,2,2,0,printed,"Nov 10/11",1984-11-27,nla.obj-1505859240 nla.obj-1506350534
1984-11-11,peacock,opposition,29,57,14,-28,2,2,0,printed,"Nov 10/11",1984-11-27,nla.obj-1505859240 nla.obj-1506350534
1984-11-18,hawke,pm,67,24,9,43,2,2,0,printed,"Nov 17/18",1984-11-27,nla.obj-1505859240 nla.obj-1506350534
1984-11-18,peacock,opposition,31,55,14,-24,2,2,0,printed,"Nov 17/18",1984-11-27,nla.obj-1505859240 nla.obj-1506350534
1984-11-25,hawke,pm,67,24,9,43,1,1,0,printed,"Nov 24/25",1984-12-04,nla.obj-1506350534
1984-11-25,peacock,opposition,37,50,13,-13,1,1,0,printed,"Nov 24/25",1984-12-04,nla.obj-1506350534
