slug,kind,first_capture,wayback_url
fairfax-poll-21-jan-2016,commissioned,20160131142241,https://web.archive.org/web/20160131142241id_/http://www.galaxyresearch.com.au/fairfax-poll-21-jan-2016/
1-3-february-2013,federal,20130410031703,https://web.archive.org/web/20130410031703id_/http://www.galaxyresearch.com.au/1-3-february-2013/
1011-february-2016,federal,20160229064818,https://web.archive.org/web/20160229064818id_/http://www.galaxyresearch.com.au/1011-february-2016/
11-13-june-2013,federal,20140125152809,https://web.archive.org/web/20140125152809id_/http://www.galaxyresearch.com.au/11-13-june-2013/
1112-february-2014,federal,20140303071626,https://web.archive.org/web/20140303071626id_/http://www.galaxyresearch.com.au/1112-february-2014/
1112-mar-2015,federal,20150411202534,https://web.archive.org/web/20150411202534id_/http://www.galaxyresearch.com.au/1112-mar-2015/
12-13-november-2013,federal,20140125152653,https://web.archive.org/web/20140125152653id_/http://www.galaxyresearch.com.au/12-13-november-2013/
12-16-september-2012,federal,20130410031836,https://web.archive.org/web/20130410031836id_/http://www.galaxyresearch.com.au/12-16-september-2012/
12-march-2014,federal,20150304063313,https://web.archive.org/web/20150304063313id_/http://www.galaxyresearch.com.au/12-march-2014/
12-march-2014-2,federal,20150304063305,https://web.archive.org/web/20150304063305id_/http://www.galaxyresearch.com.au/12-march-2014-2/
13-14-november-2013,federal,20140125152538,https://web.archive.org/web/20140125152538id_/http://www.galaxyresearch.com.au/13-14-november-2013/
13-15-february-2013,federal,20130410031641,https://web.archive.org/web/20130410031641id_/http://www.galaxyresearch.com.au/13-15-february-2013/
13-february-2014,federal,20140303071347,https://web.archive.org/web/20140303071347id_/http://www.galaxyresearch.com.au/13-february-2014/
13-nov-2014,federal,20150303053155,https://web.archive.org/web/20150303053155id_/http://www.galaxyresearch.com.au/13-nov-2014/
14-15-august,federal,20150228230125,https://web.archive.org/web/20150228230125id_/http://www.galaxyresearch.com.au/14-15-august/
14-15-august-2013,federal,20140125152726,https://web.archive.org/web/20140125152726id_/http://www.galaxyresearch.com.au/14-15-august-2013/
14-january-2015-2,federal,20150228225744,https://web.archive.org/web/20150228225744id_/http://www.galaxyresearch.com.au/14-january-2015-2/
15-16-may-2012-3,federal,20130410031346,https://web.archive.org/web/20130410031346id_/http://www.galaxyresearch.com.au/15-16-may-2012-3/
1516-sep-2015,federal,20160120222137,https://web.archive.org/web/20160120222137id_/http://www.galaxyresearch.com.au/1516-sep-2015/
17-march-2014,federal,20150304063247,https://web.archive.org/web/20150304063247id_/http://www.galaxyresearch.com.au/17-march-2014/
1718-nov-2015,federal,20160120000519,https://web.archive.org/web/20160120000519id_/http://www.galaxyresearch.com.au/1718-nov-2015/
1819-feb-2015,federal,20150228225710,https://web.archive.org/web/20150228225710id_/http://www.galaxyresearch.com.au/1819-feb-2015/
1819-march-2015,federal,20150411202517,https://web.archive.org/web/20150411202517id_/http://www.galaxyresearch.com.au/1819-march-2015/
1819-nov-2014,federal,20141129053819,https://web.archive.org/web/20141129053819id_/http://www.galaxyresearch.com.au/1819-nov-2014/
1819-nov-2014-2,federal,20141202140049,https://web.archive.org/web/20141202140049id_/http://www.galaxyresearch.com.au/1819-nov-2014-2/
19-march-2015,federal,20150411202525,https://web.archive.org/web/20150411202525id_/http://www.galaxyresearch.com.au/19-march-2015/
1920-august-2015,federal,20150924020441,https://web.archive.org/web/20150924020441id_/http://www.galaxyresearch.com.au/1920-august-2015/
1920-nov-2014,federal,20141206170502,https://web.archive.org/web/20141206170502id_/http://www.galaxyresearch.com.au/1920-nov-2014/
2-4-november-2012,federal,20130410031821,https://web.archive.org/web/20130410031821id_/http://www.galaxyresearch.com.au/2-4-november-2012/
2-4-september-2013,federal,20140125152704,https://web.archive.org/web/20140125152704id_/http://www.galaxyresearch.com.au/2-4-september-2013/
20-21-february,federal,20130410031617,https://web.archive.org/web/20130410031617id_/http://www.galaxyresearch.com.au/20-21-february/
2021-august,federal,20150228230140,https://web.archive.org/web/20150228230140id_/http://www.galaxyresearch.com.au/2021-august/
21-22-november-2012,federal,20130410031800,https://web.archive.org/web/20130410031800id_/http://www.galaxyresearch.com.au/21-22-november-2012/
2122-jan-2015,federal,20150208114407,https://web.archive.org/web/20150208114407id_/http://www.galaxyresearch.com.au/2122-jan-2015/
22-23-march-2013,federal,20130410031436,https://web.archive.org/web/20130410031436id_/http://www.galaxyresearch.com.au/22-23-march-2013/
22-24-october,federal,20141129020433,https://web.archive.org/web/20141129020433id_/http://www.galaxyresearch.com.au/22-24-october/
23-25-july-2013,federal,20140125152740,https://web.archive.org/web/20140125152740id_/http://www.galaxyresearch.com.au/23-25-july-2013/
2325-july,federal,20150303053552,https://web.archive.org/web/20150303053552id_/http://www.galaxyresearch.com.au/2325-july/
24-dec-2014,federal,20150228225810,https://web.archive.org/web/20150228225810id_/http://www.galaxyresearch.com.au/24-dec-2014/
2425-mar-2015,federal,20150411202501,https://web.archive.org/web/20150411202501id_/http://www.galaxyresearch.com.au/2425-mar-2015/
2526-nov-2014,federal,20150228225822,https://web.archive.org/web/20150228225822id_/http://www.galaxyresearch.com.au/2526-nov-2014/
2627-feb-2014,federal,20140303071540,https://web.archive.org/web/20140303071540id_/http://www.galaxyresearch.com.au/2627-feb-2014/
27-28-june-2013-2,federal,20140125152754,https://web.archive.org/web/20140125152754id_/http://www.galaxyresearch.com.au/27-28-june-2013-2/
27-february-2014,federal,20140303071548,https://web.archive.org/web/20140303071548id_/http://www.galaxyresearch.com.au/27-february-2014/
27-february-2014-2,federal,20140303071556,https://web.archive.org/web/20140303071556id_/http://www.galaxyresearch.com.au/27-february-2014-2/
28-29-august-2013,federal,20140125152715,https://web.archive.org/web/20140125152715id_/http://www.galaxyresearch.com.au/28-29-august-2013/
28-30-march-2014,federal,20150304063228,https://web.archive.org/web/20150304063228id_/http://www.galaxyresearch.com.au/28-30-march-2014/
2830-jan-2015,federal,20150208071256,https://web.archive.org/web/20150208071256id_/http://www.galaxyresearch.com.au/2830-jan-2015/
29-30-november-2012,federal,20130410031740,https://web.archive.org/web/20130410031740id_/http://www.galaxyresearch.com.au/29-30-november-2012/
30-april-1,federal,20150304063219,https://web.archive.org/web/20150304063219id_/http://www.galaxyresearch.com.au/30-april-1/
30-sept-2-oct-2014,federal,20150303053543,https://web.archive.org/web/20150303053543id_/http://www.galaxyresearch.com.au/30-sept-2-oct-2014/
4-march-2014,federal,20150304063330,https://web.archive.org/web/20150304063330id_/http://www.galaxyresearch.com.au/4-march-2014/
45-february-2015,federal,20150228225718,https://web.archive.org/web/20150228225718id_/http://www.galaxyresearch.com.au/45-february-2015/
46-may-2016,federal,20160619005629,https://web.archive.org/web/20160619005629id_/http://www.galaxyresearch.com.au:80/46-may-2016/
5-6-february-2014,federal,20140222153205,https://web.archive.org/web/20140222153205id_/http://www.galaxyresearch.com.au/5-6-february-2014/
5-7-march-2013,federal,20130410031557,https://web.archive.org/web/20130410031557id_/http://www.galaxyresearch.com.au/5-7-march-2013/
6-february-2014,federal,20140303071615,https://web.archive.org/web/20140303071615id_/http://www.galaxyresearch.com.au/6-february-2014/
67-jan-2015,federal,20150228225800,https://web.archive.org/web/20150228225800id_/http://www.galaxyresearch.com.au/67-jan-2015/
78-jan-2015,federal,20150228225752,https://web.archive.org/web/20150228225752id_/http://www.galaxyresearch.com.au/78-jan-2015/
9-11-april-2013,federal,20130503061538,https://web.archive.org/web/20130503061538id_/http://www.galaxyresearch.com.au/9-11-april-2013/
9-july-2014,federal,20150303053606,https://web.archive.org/web/20150303053606id_/http://www.galaxyresearch.com.au/9-july-2014/
sep-17-20,federal,20160120230605,https://web.archive.org/web/20160120230605id_/http://www.galaxyresearch.com.au/sep-17-20/
galaxy-110514-budget.pdf,ghostwhovotes,20240503055447,https://web.archive.org/web/20240503055447id_/https://ghostwhovotes.files.wordpress.com/2011/05/galaxy-110514-budget.pdf
galaxy-111120-qld.jpg,ghostwhovotes,20180501070016,https://web.archive.org/web/20180501070016id_/https://ghostwhovotes.files.wordpress.com/2011/11/galaxy-111120-qld.jpg
galaxy-120225.pdf,ghostwhovotes,20180112214917,https://web.archive.org/web/20180112214917id_/https://ghostwhovotes.files.wordpress.com/2012/02/galaxy-120225.pdf
galaxy-120430.pdf,ghostwhovotes,20181026133124,https://web.archive.org/web/20181026133124id_/https://ghostwhovotes.files.wordpress.com/2012/04/galaxy-120430.pdf
galaxy-130324.pdf,ghostwhovotes,20180112214920,https://web.archive.org/web/20180112214920id_/https://ghostwhovotes.files.wordpress.com/2013/03/galaxy-130324.pdf
galaxy-130414.pdf,ghostwhovotes,20130419002347,https://web.archive.org/web/20130419002347id_/http://ghostwhovotes.files.wordpress.com:80/2013/04/galaxy-130414.pdf
galaxy-130518.pdf,ghostwhovotes,20160312105351,https://web.archive.org/web/20160312105351id_/https://ghostwhovotes.files.wordpress.com/2013/05/galaxy-130518.pdf
galaxy-130616.pdf,ghostwhovotes,20160313061401,https://web.archive.org/web/20160313061401id_/https://ghostwhovotes.files.wordpress.com/2013/06/galaxy-130616.pdf
galaxy-130630.pdf,ghostwhovotes,20180112214900,https://web.archive.org/web/20180112214900id_/https://ghostwhovotes.files.wordpress.com/2013/06/galaxy-130630.pdf
galaxy-130728.jpg,ghostwhovotes,20160301212648,https://web.archive.org/web/20160301212648id_/https://ghostwhovotes.files.wordpress.com/2013/07/galaxy-130728.jpg
galaxy-130818.pdf,ghostwhovotes,20160313043216,https://web.archive.org/web/20160313043216id_/https://ghostwhovotes.files.wordpress.com/2013/08/galaxy-130818.pdf
galaxy-130906.jpg,ghostwhovotes,20140721072049,https://web.archive.org/web/20140721072049id_/http://ghostwhovotes.files.wordpress.com/2013/09/galaxy-130906.jpg
newspoll-14-february,newspoll,20180314143901,https://web.archive.org/web/20180314143901id_/http://www.galaxyresearch.com.au/newspoll-14-february/
newspoll-1619-july,newspoll,20160229065804,https://web.archive.org/web/20160229065804id_/http://www.galaxyresearch.com.au/newspoll-1619-july/
newspoll-2-5-february,newspoll,20170517191455,https://web.archive.org/web/20170517191455id_/http://www.galaxyresearch.com.au:80/newspoll-2-5-february/
newspoll-2-5-july-2015,newspoll,20160229065810,https://web.archive.org/web/20160229065810id_/http://www.galaxyresearch.com.au/newspoll-2-5-july-2015/
newspoll-30-march-2-april,newspoll,20170518172411,https://web.archive.org/web/20170518172411id_/http://www.galaxyresearch.com.au:80/newspoll-30-march-2-april/
newspoll-8-11-oct,newspoll,20160121045303,https://web.archive.org/web/20160121045303id_/http://www.galaxyresearch.com.au/newspoll-8-11-oct/
newspoll-912-november,newspoll,20180314145058,https://web.archive.org/web/20180314145058id_/http://www.galaxyresearch.com.au/newspoll-912-november/
newspoll-april-1417,newspoll,20160619005650,https://web.archive.org/web/20160619005650id_/http://www.galaxyresearch.com.au:80/newspoll-april-1417/
newspoll-april-20-23,newspoll,20180314154139,https://web.archive.org/web/20180314154139id_/http://www.galaxyresearch.com.au/newspoll-april-20-23/
newspoll-august-17-20,newspoll,20180314153007,https://web.archive.org/web/20180314153007id_/http://www.galaxyresearch.com.au/newspoll-august-17-20/
newspoll-august-20-23,newspoll,20160119203345,https://web.archive.org/web/20160119203345id_/http://www.galaxyresearch.com.au/newspoll-august-20-23/
newspoll-august-25-28,newspoll,20170218104534,https://web.archive.org/web/20170218104534id_/http://www.galaxyresearch.com.au/newspoll-august-25-28/
newspoll-august-3-6,newspoll,20180314153020,https://web.archive.org/web/20180314153020id_/http://www.galaxyresearch.com.au/newspoll-august-3-6/
newspoll-august-31-september-3,newspoll,20180314152948,https://web.archive.org/web/20180314152948id_/http://www.galaxyresearch.com.au/newspoll-august-31-september-3/
newspoll-august-6-9,newspoll,20160201124332,https://web.archive.org/web/20160201124332id_/http://www.galaxyresearch.com.au/newspoll-august-6-9/
newspoll-december-1-4,newspoll,20170218104436,https://web.archive.org/web/20170218104436id_/http://www.galaxyresearch.com.au/newspoll-december-1-4/
newspoll-february-2017,newspoll,20170518172605,https://web.archive.org/web/20170518172605id_/http://www.galaxyresearch.com.au:80/newspoll-february-2017/
newspoll-july-20-23,newspoll,20170914011301,https://web.archive.org/web/20170914011301id_/http://www.galaxyresearch.com.au:80/newspoll-july-20-23/
newspoll-july-6-9,newspoll,20180314153052,https://web.archive.org/web/20180314153052id_/http://www.galaxyresearch.com.au/newspoll-july-6-9/
newspoll-june-15-18,newspoll,20171125115712,https://web.archive.org/web/20171125115712id_/http://www.galaxyresearch.com.au/newspoll-june-15-18/
newspoll-june-2-5,newspoll,20160630102126,https://web.archive.org/web/20160630102126id_/http://www.galaxyresearch.com.au:80/newspoll-june-2-5/
newspoll-march-16-19,newspoll,20170517191552,https://web.archive.org/web/20170517191552id_/http://www.galaxyresearch.com.au:80/newspoll-march-16-19/
newspoll-march-31-april-3,newspoll,20160619005656,https://web.archive.org/web/20160619005656id_/http://www.galaxyresearch.com.au:80/newspoll-march-31-april-3/
newspoll-may-11-14,newspoll,20180314154127,https://web.archive.org/web/20180314154127id_/http://www.galaxyresearch.com.au/newspoll-may-11-14/
newspoll-nov-30-dec-3,newspoll,20180314144501,https://web.archive.org/web/20180314144501id_/http://www.galaxyresearch.com.au/newspoll-nov-30-dec-3/
newspoll-november-17-20,newspoll,20170218104441,https://web.archive.org/web/20170218104441id_/http://www.galaxyresearch.com.au/newspoll-november-17-20/
newspoll-november-19-22,newspoll,20160120234728,https://web.archive.org/web/20160120234728id_/http://www.galaxyresearch.com.au/newspoll-november-19-22/
newspoll-november-3-6,newspoll,20170218104453,https://web.archive.org/web/20170218104453id_/http://www.galaxyresearch.com.au/newspoll-november-3-6/
newspoll-november-5-8,newspoll,20160120225402,https://web.archive.org/web/20160120225402id_/http://www.galaxyresearch.com.au/newspoll-november-5-8/
newspoll-oct-22-25,newspoll,20160119225923,https://web.archive.org/web/20160119225923id_/http://www.galaxyresearch.com.au/newspoll-oct-22-25/
newspoll-october-12-15,newspoll,20180314150140,https://web.archive.org/web/20180314150140id_/http://www.galaxyresearch.com.au/newspoll-october-12-15/
newspoll-october-20-23,newspoll,20170218104501,https://web.archive.org/web/20170218104501id_/http://www.galaxyresearch.com.au/newspoll-october-20-23/
newspoll-october-26-29,newspoll,20180314150119,https://web.archive.org/web/20180314150119id_/http://www.galaxyresearch.com.au/newspoll-october-26-29/
newspoll-october-6-9,newspoll,20170218104510,https://web.archive.org/web/20170218104510id_/http://www.galaxyresearch.com.au/newspoll-october-6-9/
newspoll-sep-3-6,newspoll,20160120222510,https://web.archive.org/web/20160120222510id_/http://www.galaxyresearch.com.au/newspoll-sep-3-6/
newspoll-september-21-24,newspoll,20180314150153,https://web.archive.org/web/20180314150153id_/http://www.galaxyresearch.com.au/newspoll-september-21-24/
newspoll-september-22-25,newspoll,20170218104517,https://web.archive.org/web/20170218104517id_/http://www.galaxyresearch.com.au/newspoll-september-22-25/
newspoll-september-8-11,newspoll,20170218104526,https://web.archive.org/web/20170218104526id_/http://www.galaxyresearch.com.au/newspoll-september-8-11/
smart-company-5,not-a-poll,20130411051519,https://web.archive.org/web/20130411051519id_/http://www.galaxyresearch.com.au/smart-company-5/
smart-company-6,not-a-poll,20150324092333,https://web.archive.org/web/20150324092333id_/http://www.galaxyresearch.com.au/smart-company-6/
start-up-smart-5,not-a-poll,20150321185401,https://web.archive.org/web/20150321185401id_/http://www.galaxyresearch.com.au/start-up-smart-5/
start-up-smart-6,not-a-poll,20150324092034,https://web.archive.org/web/20150324092034id_/http://www.galaxyresearch.com.au/start-up-smart-6/
startupsmart-5,not-a-poll,20130410170529,https://web.archive.org/web/20130410170529id_/http://www.galaxyresearch.com.au/startupsmart-5/
startupsmart-6,not-a-poll,20150323171944,https://web.archive.org/web/20150323171944id_/http://www.galaxyresearch.com.au/startupsmart-6/
pubpolls.html,pubpolls,20070501012940,https://web.archive.org/web/20070501012940id_/http://www.galaxyresearch.com.au:80/pubpolls.html
pubpolls.html,pubpolls,20070606212234,https://web.archive.org/web/20070606212234id_/http://www.galaxyresearch.com.au:80/pubpolls.html
pubpolls.html,pubpolls,20070830090556,https://web.archive.org/web/20070830090556id_/http://galaxyresearch.com.au/pubpolls.html
pubpolls.html,pubpolls,20080516210613,https://web.archive.org/web/20080516210613id_/http://www.galaxyresearch.com.au/pubpolls.html
pubpolls.html,pubpolls,20080718211841,https://web.archive.org/web/20080718211841id_/http://www.galaxyresearch.com.au/pubpolls.html
qld-poll-12-november-2017,state,20171110012014,https://web.archive.org/web/20171110012014id_/http://www.galaxyresearch.com.au:80/qld-poll-12-november-2017/
qld-poll-23-august-2017,state,20170911212312,https://web.archive.org/web/20170911212312id_/http://www.galaxyresearch.com.au:80/qld-poll-23-august-2017/
queensland-poll-89-february-2017-2,state,20170218104105,https://web.archive.org/web/20170218104105id_/http://www.galaxyresearch.com.au/queensland-poll-89-february-2017-2/
sa-poll-2829-june-2017,state,20171028074514,https://web.archive.org/web/20171028074514id_/http://www.galaxyresearch.com.au:80/sa-poll-2829-june-2017/
victoria-poll-1617-february-2017,state,20170225113639,https://web.archive.org/web/20170225113639id_/http://www.galaxyresearch.com.au/victoria-poll-1617-february-2017/
wa-federal-poll-26-27-july-2017,state,20180314152736,https://web.archive.org/web/20180314152736id_/http://www.galaxyresearch.com.au/wa-federal-poll-26-27-july-2017/
wa-poll-13-march-2017,state,20170310101045,https://web.archive.org/web/20170310101045id_/http://www.galaxyresearch.com.au:80/wa-poll-13-march-2017/
wa-poll-2627-july-2017,state,20180314153039,https://web.archive.org/web/20180314153039id_/http://www.galaxyresearch.com.au/wa-poll-2627-july-2017/
