date,coalition,alp,greens,others,democrats,one_nation
1985-11-17,42,49,,2,7,
1985-12-01,42,49,,1,8,
1985-12-15,45,48,,,7,
1986-01-26,43,50,,2,5,
1986-02-23,42,50,,2,6,
1986-03-23,41,49,,2,8,
1986-04-20,41,51,,2,6,
1986-05-18,45,45,,2,8,
1986-06-22,43,49,,1,7,
1986-07-20,45,45,,2,8,
1986-08-24,43,46,,2,9,
1986-09-21,50,40,,1,9,
1986-10-19,47,43,,1,9,
1986-11-16,45,45,,3,7,
1986-12-14,47,46,,2,5,
1987-02-08,46,45,,3,6,
1987-03-01,46,45,,3,6,
1987-03-15,46,47,,3,4,
1987-03-29,43,51,,2,4,
1987-04-12,43,49,,2,6,
1987-05-03,48,46,,2,4,
1987-05-17,44,49,,2,5,
1987-06-07,41,53,,2,4,
1987-06-14,39,54,,3,4,
1987-06-21,45,50,,2,3,
1987-06-28,44,49,,3,4,
1987-07-05,43,49,,2,6,
1987-07-08,41,52,,1,6,
1987-07-09,43,48.5,,2,6.5,
1987-08-23,41,49,,2,8,
1987-09-20,41,47,,3,9,
1987-10-18,43,45,,3,9,
1987-11-08,43,45.5,,3.5,8,
1987-11-29,44,45,,3,8,
1987-12-13,43,45,,3,9,
1988-02-28,45,44,,3,8,
1988-03-27,48,38,,5,9,
1988-05-01,46,42,,4,8,
1988-05-29,46,42,,3,9,
1988-06-26,44,44,,3,9,
1988-07-24,43,43,,4,10,
1988-08-21,45,45,,3,7,
1988-09-25,44,44,,4,8,
1988-10-23,44,46,,4,6,
1988-11-20,44,44,,4,8,
1988-12-11,44,45,,4,7,
1989-02-19,42,45,,4,9,
1989-03-19,44,43,,4,9,
1989-04-24,43,42,,5,10,
1989-05-07,41,49,,4,6,
1989-05-21,45,40,,7,8,
1989-06-18,45,39,,7,9,
1989-06-25,44,40,,6,10,
1989-07-23,41,42,,7,10,
1989-08-27,45,42,,5,8,
1989-09-24,42.5,42.5,,6,9,
1989-10-22,43.5,41.5,,5.5,9.5,
1989-11-26,43,42,,6,9,
1989-12-10,40,44.5,,6,9.5,
1990-02-18,41,42,,5,12,
1990-03-04,39,42,,6,13,
1990-03-18,40,39,,4,17,
1990-03-22,39.5,41.5,,5,14,
1990-04-22,42,41,,4,13,
1990-05-20,45,39,,4,12,
1990-06-17,46,37,,5,12,
1990-07-29,45,38,,5,12,
1990-08-26,47,38,,5,10,
1990-09-23,46,37,,6,11,
1990-10-28,49,34,,6,11,
1990-11-25,50,34,,6,10,
1990-12-09,50,33,,5,12,
1991-02-24,49,35,,6,10,
1991-03-17,50,35,,6,9,
1991-04-21,48,35,,6,11,
1991-05-19,49,35,,7,9,
1991-06-30,48,38,,5,9,
1991-07-28,47,38,,6,9,
1991-08-25,47,39,,5,9,
1991-09-29,47,40,,5,8,
1991-10-20,47,37,,7,9,
1991-11-17,45,37,,8,10,
1991-11-24,53,35,,4,8,
1991-12-08,51,36,,6,7,
1992-01-19,48,38,,7,7,
1992-02-02,52,34,,6,8,
1992-02-16,52,35,,7,6,
1992-03-01,48,41,,5,6,
1992-03-15,48,39,,5,8,
1992-03-29,44,43,,4,9,
1992-04-12,45,40,,8,7,
1992-05-03,46,37,,9,8,
1992-05-17,48,36,,8,8,
1992-05-31,48,35,,9,8,
1992-06-14,47,37,,9,7,
1992-06-28,44,38,,9,9,
1992-07-12,45,38,,10,7,
1992-07-26,45,39,,9,7,
1992-08-09,48,36,,9,7,
1992-08-23,45,37,,11,7,
1992-09-06,43,40,,10,7,
1992-09-20,47,38,,8,7,
1992-10-11,48,39,,8,5,
1992-10-25,49,37,,8,6,
1992-11-08,41,45,,9,5,
1992-11-22,43,44,,7,6,
1992-12-06,40,47,,7,6,
1992-12-13,39,49,,7,5,
1992-12-20,42,47,,6,5,
1993-01-24,47,42,,5,6,
1993-02-07,45,40,,8,7,
1993-02-14,48,39.5,,5,7.5,
1993-02-21,49,42,,4,5,
1993-02-28,46,42.5,,5.5,6,
1993-03-07,47,42,,5,6,
1993-03-10,46.5,41,,6,6.5,
1993-03-11,45,44,,5,6,
1993-03-21,41,47,,5,7,
1993-04-04,42,48,,5,5,
1993-04-18,40,49,,5,6,
1993-05-02,41,50,,4,5,
1993-05-16,46,45,,5,4,
1993-05-30,44,45,,5,6,
1993-06-13,45,45,,4,6,
1993-06-27,45,44,,4,7,
1993-07-11,50,41,,4,5,
1993-07-25,45,43,,6,6,
1993-08-08,46,41,,7,6,
1993-08-22,54,31,,6,9,
1993-09-05,50,33,,5,12,
1993-09-19,49,36,,6,9,
1993-09-26,52,36,,4,8,
1993-10-10,48,37,,5,10,
1993-10-24,50,37,,4,9,
1993-11-07,51,37,,5,7,
1993-11-21,48,39,,5,8,
1993-12-05,47,39,,7,7,
1993-12-19,47,39,,6,8,
1994-01-16,50,38,,4,8,
1994-01-30,47,41,,6,6,
1994-02-13,48,42,,4,6,
1994-02-27,46,42,,5,7,
1994-03-13,42,45,,5,8,
1994-03-27,47,43,,4,6,
1994-04-17,47,41,,5,7,
1994-05-01,44,43,,6,7,
1994-05-15,44,46,,3,7,
1994-05-29,51,42,,3,4,
1994-06-12,49,41,,5,5,
1994-06-26,51,38,,4,7,
1994-07-10,49,40,,5,6,
1994-07-24,50,39,,5,6,
1994-08-07,45,44,,6,5,
1994-08-21,48,41,,4,7,
1994-09-04,42,46,,6,6,
1994-09-18,38,50,,5,7,
1994-09-25,46,42,,6,6,
1994-10-09,44,44,,6,6,
1994-10-23,41,46,,7,6,
1994-11-06,44,45,,6,5,
1994-11-20,45,44,,5,6,
1994-12-04,43,45,,5,7,
1994-12-18,45,40,,6,9,
1995-01-15,45,43,,6,6,
1995-01-29,40,46,,7,7,
1995-02-12,47,38,,7,8,
1995-02-26,46,41,,6,7,
1995-03-12,52,38,,4,6,
1995-03-26,53,34,,7,6,
1995-04-09,50,39,,5,6,
1995-04-23,44,40,,7,9,
1995-05-07,47,41,,5,7,
1995-05-21,48,39,,7,6,
1995-06-04,47,40,,6,7,
1995-06-18,48,40,,5,7,
1995-07-02,47,40,,5,8,
1995-07-16,47,40,,6,7,
1995-07-30,49,38,,6,7,
1995-08-13,43,43,,8,6,
1995-08-27,49,39,,7,5,
1995-09-10,46,39,,8,7,
1995-09-24,47,37,,10,6,
1995-10-08,46,39,,7,8,
1995-10-22,47,41,,5,7,
1995-11-12,48,39,,8,5,
1995-11-26,47,40,,5,8,
1995-12-10,46,40,,7,7,
1995-12-17,47,41,,7,5,
1996-01-21,50,40,,8,2,
1996-02-04,48,41,2,4,5,
1996-02-11,50,41,1,4,4,
1996-02-18,47,43,2,4,4,
1996-02-25,49.5,39,2,4.5,5,
1996-02-29,48,40.5,2,3,6.5,
1996-03-17,52,34,,14,,
1996-03-31,54,35,,11,,
1996-04-14,55,33,,12,,
1996-04-28,53,35,,12,,
1996-05-12,55,36,,9,,
1996-05-26,55,36,,9,,
1996-06-16,48,40,,12,,
1996-06-30,47,40,,13,,
1996-07-14,51,37,,12,,
1996-07-28,49,38,,13,,
1996-08-11,47,38,,15,,
1996-08-25,50,38,,12,,
1996-09-08,49,39,,12,,
1996-09-22,50,39,,11,,
1996-10-13,50,37,,13,,
1996-10-27,51,34,,15,,
1996-11-10,51,34,,15,,
1996-11-24,49,36,,15,,
1996-12-08,48,39,,13,,
1996-12-15,48,36,,16,,
1997-01-19,49,38,,13,,
1997-02-02,45,40,,15,,
1997-02-16,45,38,3,9,5,
1997-03-02,49,36,2,7,6,
1997-03-16,49,37,3,7,4,
1997-04-06,47,37,2,8,5,1
1997-04-20,45,37,2,8,4,4
1997-05-04,41,39,2,6,5,7
1997-05-11,40,39,2,6,4,9
1997-05-18,41,37,2,7,4,9
1997-06-01,43,37,1,7,5,7
1997-06-15,44,36,2,8,3,7
1997-06-29,42,37,2,7,6,6
1997-07-13,42,40,2,6,4,6
1997-07-27,42,36,3,7,5,7
1997-08-10,43,37,2,8,4,6
1997-08-24,42,39,2,7,5,5
1997-09-07,41,40,3,7,5,4
1997-09-21,43,37,2,8,6,4
1997-09-28,42,37,1,10,5,5
1997-10-12,43,39,2,8,5,3
1997-10-19,39,45,1,7,5,3
1997-10-26,39,45,1,9,4,2
1997-11-09,39,43,2,9,4,3
1997-11-23,37,45,2,9,3,4
1997-12-07,40,44,2,7,5,2
1997-12-14,41,41,3,7,5,3
1998-01-18,42,43,1,7,4,3
1998-02-01,44,40,1,7,4,4
1998-02-15,40,43,4,7,3,3
1998-03-01,40,45,2,7,3,3
1998-03-15,40,44,2,9,3,2
1998-03-29,41,41,2,10,2,4
1998-04-19,41,41,2,8,4,4
1998-05-03,43,41,2,7,3,4
1998-05-17,46,39,2,6,3,4
1998-05-31,43,40,1,6,3,7
1998-06-14,37,40,2,7,3,11
1998-06-28,34,45,1,5,2,13
1998-07-12,37,40,2,8,2,11
1998-07-26,35,41,2,7,3,12
1998-08-09,39,39,2,6,3,11
1998-08-16,44,39,1,5,4,7
1998-08-30,40,40,2,5,3,10
1998-09-06,41.5,41.5,2,2.5,5,7.5
1998-09-13,42,44,2,2,3,7
1998-09-20,42,43,2,3,4,6
1998-09-27,43,42,2,2,4,7
1998-10-01,40,44,2,2,5,7
1998-10-18,47,39,2,1,7,4
1998-11-01,40,43,3,3,7,4
1998-11-15,45,40,2,2,6,5
1998-11-29,45,41,2,3,4,5
1998-12-13,46,38,3,3,6,4
1999-01-17,47,38,3,4,4,4
1999-01-31,46,40,2,1,6,5
1999-02-14,46,42,2,3,5,2
1999-02-28,47,41,2,3,5,2
1999-03-14,43,43,3,3,5,3
1999-03-28,43,43,2,2,6,4
1999-04-11,44,42,3,4,4,3
1999-05-02,41,43,3,4,6,3
1999-05-16,44,44,2,3,5,2
1999-05-30,41,44,2,3,7,3
1999-06-20,42,43,3,4,6,2
1999-07-04,47,39,2,3,6,3
1999-07-18,42,44,2,4,6,2
1999-08-01,44,42,2,4,5,3
1999-08-15,44,42,2,3,7,2
1999-08-29,47,37,3,4,7,2
1999-09-12,46,40,3,3,6,2
1999-09-26,45,41,3,4,5,2
1999-10-10,45,41,3,5,5,1
1999-10-24,42,44,3,5,5,1
1999-11-07,46,42,3,4,4,1
1999-11-21,45,42,2,5,5,1
1999-12-05,47,43,2,2,5,1
1999-12-19,46,44,2,2,4,2
2000-01-23,43,45,2,4,4,2
2000-02-06,41,45,2,5,5,2
2000-02-20,44,44,2,4,4,2
2000-03-05,47,42,3,3,4,1
2000-03-19,42,43,3,5,5,2
2000-04-02,42,45,2,4,5,2
2000-04-16,44,43,3,4,4,2
2000-04-30,40,44,3,6,6,1
2000-05-14,45,43,2,4,4,2
2000-05-28,40,43,3,7,6,1
2000-06-18,39,47,3,5,4,2
2000-07-02,42,46,2,4,5,1
2000-07-16,44,44,3,5,3,1
2000-07-30,44,44,3,5,3,1
2000-08-13,44,42,3,4,5,2
2000-08-27,44,44,2,4,4,2
2000-09-10,41,46,2,5,4,2
2000-09-24,44,44,2,4,4,2
2000-10-08,41,44,3,5,6,1
2000-10-22,43,42,3,5,5,2
2000-11-05,40,45,3,5,5,2
2000-11-19,45,40,3,5,5,2
2000-12-03,43,40,3,5,7,2
2000-12-17,42,44,2,5,5,2
2001-01-21,44,42,3,5,4,2
2001-02-11,39,47,3,5,3,3
2001-02-25,37,43,5,5,3,7
2001-03-11,35,48,3,4,4,6
2001-03-25,37,46,3,4,5,5
2001-04-08,37,42,4,4,7,6
2001-04-22,38,42,4,4,9,3
2001-05-06,35,45,4,3,8,5
2001-05-20,40,41,3,5,7,4
2001-05-27,41,40,3,4,6,6
2001-06-03,37,44,2,4,9,4
2001-06-17,43,40,3,3,7,4
2001-07-01,39,45,3,3,6,4
2001-07-15,38,41,5,5,7,4
2001-07-29,43,39,3,3,8,4
2001-08-12,40,42,4,4,7,3
2001-08-26,40,40,5,4,6,5
2001-09-02,45,39,3,3,6,4
2001-09-09,44,40,3,4,5,4
2001-09-23,50,35,3,4,5,3
2001-10-07,50,35,3,3,6,3
2001-10-14,51,38,3,2,4,2
2001-10-21,47,39,3,3,5,3
2001-10-28,48,37,4,3,6,2
2001-11-04,45,39.5,2.5,4,6,3
2001-11-08,46,38.5,4,3,5.5,3
2001-11-25,45,33,7,7,5,3
2001-12-16,44,35,6,9,4,2
2002-01-20,45,34,4,10,5,2
2002-02-10,46,35,6,8,4,1
2002-02-24,42,40,5,9,3,1
2002-03-10,43,37,4,11,4,1
2002-03-24,44,37,6,8,4,1
2002-04-07,41,40,4,10,4,1
2002-04-21,41,41,4,10,3,1
2002-05-05,42,38,4,11,4,1
2002-05-19,41,40,4,10,4,1
2002-06-02,40,37,6,12,4,1
2002-06-23,43,38,4,9,5,1
2002-07-07,43,38,5,10,3,1
2002-07-21,41,40,6,9,3,1
2002-08-04,41,37,6,12,3,1
2002-08-18,44,38,4,9,4,1
2002-09-01,41,41,5,10,2,1
2002-09-15,42,36,8,10,3,1
2002-09-29,41,39,7,11,2,
2002-10-20,47,34,8,9,2,
2002-11-03,46,34,7,11,2,
2002-11-17,45,37,7,8,2,1
2002-12-01,42,38,6,11,2,1
2002-12-15,44,37,8,9,1,1
2003-01-19,44,36,8,9,3,
2003-02-02,43,37,7,11,2,
2003-02-16,42,36,7,13,2,
2003-03-02,42,38,8,9,2,1
2003-03-16,42,37,8,11,1,1
2003-03-23,45,34,9,9,3,
2003-03-30,46,34,9,8,2,1
2003-04-13,46,33,8,10,2,1
2003-05-04,46,36,8,9,1,
2003-05-18,47,37,6,8,2,
2003-06-01,43,37,7,10,2,1
2003-06-22,46,35,7,9,2,1
2003-07-06,45,37,6,10,2,
2003-07-20,45,35,8,9,2,1
2003-08-03,44,36,6,11,2,1
2003-08-17,43,36,6,13,2,
2003-08-31,43,37,6,11,1,2
2003-09-14,42,36,6,11,3,2
2003-09-28,42,38,7,10,2,1
2003-10-19,39,37,8,12,3,1
2003-11-02,46,36,6,9,2,1
2003-11-16,40,36,7,13,2,2
2003-11-30,44,35,6,11,2,2
2003-12-07,45,39,5,8,1,2
2003-12-14,44,41,5,7,2,1
2004-01-18,41,39,6,11,2,1
2004-02-08,41,41,6,10,1,1
2004-02-22,44,41,5,8,1,1
2004-03-07,41,44,5,9,1,
2004-03-21,41,46,6,6,1,
2004-04-04,40,44,5,9,2,
2004-04-18,43,42,6,7,1,1
2004-05-02,42,42,5,8,2,1
2004-05-16,41,44,5,9,1,
2004-05-30,47,37,6,8,1,1
2004-06-20,43,43,5,7,1,1
2004-07-04,43,41,6,9,1,
2004-07-18,43,40,7,9,1,
2004-08-01,45,40,6,8,1,
2004-08-15,39,42,6,11,1,1
2004-08-29,43,40,6,10,1,
2004-09-05,45,40,8,6,1,
2004-09-12,46,40,6,7,1,
2004-09-19,43,41,7,8,1,
2004-09-26,43,40,7,9,1,
2004-10-03,46,39,7,7,1,
2004-10-07,45,39,7,7,1,1
2004-11-21,46,38,6,10,,
2004-12-05,47,33,8,12,,
2004-12-19,46,39,6,9,,
2005-01-23,46,37,7,10,,
2005-02-06,48,37,6,9,,
2005-02-20,47,38,6,9,,
2005-03-06,45,37,5,13,,
2005-03-20,47,36,6,11,,
2005-04-03,43,41,5,11,,
2005-04-17,45,39,5,11,,
2005-05-01,46,38,6,10,,
2005-05-15,45,40,6,9,,
2005-05-29,47,37,5,11,,
2005-06-19,44,37,7,12,,
2005-07-03,44,39,6,11,,
2005-07-17,45,39,5,11,,
2005-07-31,42,41,7,10,,
2005-08-14,45,37,7,11,,
2005-08-28,42,40,6,12,,
2005-09-11,41,39,7,13,,
2005-09-25,44,34,8,14,,
2005-10-09,43,37,7,13,,
2005-10-23,37,40,9,14,,
2005-11-06,41,39,8,12,,
2005-11-20,39,42,7,12,,
2005-12-04,38,42,6,14,,
2005-12-18,41,39,7,13,,
2006-01-15,45,37,7,11,,
2006-01-29,44,36,7,13,,
2006-02-12,41,39,5,15,,
2006-02-26,41,39,7,13,,
2006-03-12,45,35,6,14,,
2006-03-26,41,42,4,13,,
2006-04-09,41,39,7,13,,
2006-04-30,42,37,7,14,,
2006-05-14,43,39,6,12,,
2006-05-28,40,39,7,14,,
2006-06-18,44,38,7,11,,
2006-07-02,40,41,5,14,,
2006-07-16,42,42,5,11,,
2006-07-30,43,40,5,12,,
2006-08-06,42,41,7,10,,
2006-08-13,44,37,7,12,,
2006-08-27,44,42,5,9,,
2006-09-10,39,41,6,14,,
2006-09-24,41,42,6,11,,
2006-10-15,41,41,6,12,,
2006-10-29,42,41,7,10,,
2006-11-12,41,37,9,13,,
2006-11-26,41,39,7,13,,
2006-12-10,39,46,5,10,,
2007-01-21,39,44,7,10,,
2007-02-04,38,47,5,10,,
2007-02-18,41,46,5,8,,
2007-03-04,37,47,5,11,,
2007-03-18,34,52,5,9,,
2007-04-01,38,49,4,9,,
2007-04-15,35,50,6,9,,
2007-04-29,37,48,5,10,,
2007-05-13,36,50,4,10,,
2007-05-20,39,49,3,9,,
2007-05-24,39,47,5,9,,
2007-05-27,35,52,3,10,,
2007-06-17,39,46,5,10,,
2007-07-08,39,48,4,9,,
2007-07-22,40,47,4,9,,
2007-08-05,39,48,4,9,,
2007-08-19,39,46,5,10,,
2007-09-02,37,51,3,9,,
2007-09-16,41,47,4,8,,
2007-09-30,39,48,5,8,,
2007-10-14,39,48,4,9,,
2007-10-21,38,51,5,6,,
2007-10-28,42,48,4,6,,
2007-11-04,42,47,5,6,,
2007-11-11,40,48,6,6,,
2007-11-18,41,46,7,6,,
2007-11-22,43,44,7,6,,
2008-01-20,35,46,12,7,,
2008-02-17,36,46,10,8,,
2008-03-02,31,51,10,8,,
2008-03-16,35,47,11,7,,
2008-04-06,35,48,10,7,,
2008-04-20,34,51,9,6,,
2008-05-04,37,47,9,7,,
2008-05-18,37,47,9,7,,
2008-06-01,37,46,10,7,,
2008-06-15,33,46,12,9,,
2008-06-29,39,44,10,7,,
2008-07-13,38,43,11,8,,
2008-07-27,37,47,10,6,,
2008-08-10,38,47,9,6,,
2008-08-24,38,45,8,9,,
2008-09-07,37,44,11,8,,
2008-09-21,38,42,10,10,,
2008-10-12,38,41,13,8,,
2008-10-26,39,44,9,8,,
2008-11-09,38,44,9,9,,
2008-11-23,38,42,11,9,,
2008-12-07,35,48,10,7,,
2009-01-18,39,43,10,8,,
2009-02-08,36,48,8,8,,
2009-02-22,36,47,9,8,,
2009-03-08,36,44,10,10,,
2009-03-22,37,45,8,10,,
2009-04-05,36,47,9,8,,
2009-04-19,37,47,9,7,,
2009-05-03,38,42,11,9,,
2009-05-17,37,46,9,8,,
2009-05-31,38,43,10,9,,
2009-06-14,40,41,11,8,,
2009-06-28,37,44,10,9,,
2009-07-12,39,43,11,7,,
2009-07-26,38,46,9,7,,
2009-08-09,37,45,10,8,,
2009-08-23,38,44,9,9,,
2009-09-06,39,44,10,7,,
2009-09-20,38,43,11,8,,
2009-10-01,35,46,10,9,,
2009-10-11,36,47,10,7,,
2009-10-18,34,48,10,8,,
2009-11-01,41,41,10,8,,
2009-11-15,37,43,11,9,,
2009-11-29,35,43,12,10,,
2009-12-06,38,43,11,8,,
2010-01-17,38,40,12,10,,
2010-01-31,41,40,12,7,,
2010-02-14,40,39,12,9,,
2010-02-28,41,40,9,10,,
2010-03-14,41,39,11,9,,
2010-03-28,38,43,12,7,,
2010-04-18,40,43,10,7,,
2010-05-02,43,35,10,12,,
2010-05-16,43,37,12,8,,
2010-05-30,41,35,16,8,,
2010-06-20,40,35,15,10,,
2010-06-27,40,42,10,8,,
2010-07-18,38,42,12,8,,
2010-07-25,42,40,12,6,,
2010-08-01,44,37,12,7,,
2010-08-08,42,38,13,7,,
2010-08-15,41,38,14,7,,
2010-08-19,43.4,36.2,13.9,6.5,,
2010-09-12,41,34,14,11,,
2010-10-10,42,35,14,9,,
2010-10-24,43,33,14,10,,
2010-11-07,43,34,13,10,,
2010-11-21,39,36,14,11,,
2010-12-05,41,34,14,11,,
2011-02-06,44,32,14,10,,
2011-02-20,41,36,13,10,,
2011-03-06,45,30,15,10,,
2011-03-20,40,36,12,12,,
2011-04-03,45,32,12,12,,
2011-05-01,44,33,12,11,,
2011-05-15,46,33,10,11,,
2011-05-29,44,34,14,8,,
2011-06-12,46,31,11,12,,
2011-06-26,46,30,11,13,,
2011-07-10,49,27,12,12,,
2011-07-24,47,29,13,11,,
2011-08-07,47,29,12,12,,
2011-08-21,47,27,14,12,,
2011-09-04,50,27,12,11,,
2011-09-18,48,26,13,13,,
2011-10-09,49,29,12,10,,
2011-10-23,45,29,15,11,,
2011-11-06,44,32,12,12,,
2011-11-20,48,30,10,12,,
2011-12-04,44,31,13,12,,
2012-01-29,45,30,12,13,,
2012-02-12,46,32,11,11,,
2012-02-26,45,35,11,9,,
2012-03-11,43,31,12,14,,
2012-03-25,47,28,11,14,,
2012-04-15,48,29,12,11,,
2012-04-29,51,27,11,11,,
2012-05-13,45,30,12,13,,
2012-05-27,46,32,12,10,,
2012-06-10,44,31,14,11,,
2012-06-24,46,30,12,12,,
2012-07-08,48,31,11,10,,
2012-07-22,46,28,11,15,,
2012-08-05,45,33,10,12,,
2012-08-19,45,35,11,9,,
2012-09-02,46,33,8,13,,
2012-09-16,41,36,12,11,,
2012-10-07,45,33,10,12,,
2012-10-28,41,36,10,13,,
2012-11-11,43,36,10,11,,
2012-11-25,43,36,11,10,,
2012-12-09,46,32,11,11,,
2013-01-13,44,38,9,9,,
2013-02-03,48,32,9,11,,
2013-02-04,47,31,11,11,,
2013-03-10,44,34,11,11,,
2013-03-24,50,30,10,10,,
2013-04-07,48,32,11,9,,
2013-04-21,46,32,10,12,,
2013-05-05,47,31,10,12,,
2013-05-19,46,31,9,14,,
2013-06-02,49,30,9,12,,
2013-06-23,48,29,9,14,,
2013-06-30,43,35,11,11,,
2013-07-07,42,38,9,11,,
2013-07-21,45,37,10,8,,
2013-08-04,44,37,9,10,,
2013-08-11,46,35,11,8,,
2013-08-18,47,34,9,10,,
2013-08-23,47,37,9,7,,
2013-09-01,46,33,10,11,,
2013-09-05,46,33,9,12,,
2013-10-27,47,31,10,12,,
2013-11-10,45,32,12,11,,
2013-11-24,43,35,10,12,,
2013-12-08,40,38,9,13,,
2014-02-09,41,35,12,12,,
2014-02-23,39,39,10,12,,
2014-03-09,41,35,11,13,,
2014-03-23,40,36,13,11,,
2014-04-06,43,34,11,12,,
2014-05-04,38,34,14,14,,
2014-05-18,36,38,11,15,,
2014-06-01,36,37,12,15,,
2014-06-15,37,36,10,17,,
2014-06-29,35,37,13,15,,
2014-07-01,36,37,12,15,,
2014-07-13,36,37,11,16,,
2014-07-27,36,36,12,16,,
2014-08-10,40,34,13,13,,
2014-08-24,40,34,11,15,,
2014-09-07,39,35,14,12,,
2014-09-21,41,34,11,14,,
2014-10-19,38,34,14,14,,
2014-11-02,38,36,13,13,,
2014-11-16,36,39,11,14,,
2014-11-30,37,37,13,13,,
2014-12-14,38,39,12,11,,
2015-02-09,35,41,12,12,,
2015-02-24,38,38,12,12,,
2015-03-10,38,39,12,11,,
2015-03-24,41,37,11,11,,
2015-04-13,41,36,11,12,,
2015-05-05,39,35,12,14,,
2015-05-18,40,37,12,11,,
2015-06-02,41,37,13,9,,
2015-06-16,40,34,14,12,,
2015-07-06,40,37,13,10,,
2015-07-20,40,39,12,9,,
2015-08-09,39,39,13,9,,
2015-08-25,38,39,13,10,,
2015-09-07,39,39,12,10,,
2015-09-21,44,35,11,10,,
2015-10-12,43,35,12,10,,
2015-10-26,45,35,11,9,,
2015-11-09,46,34,10,10,,
2015-11-23,46,33,11,10,,
2015-12-07,45,33,12,10,,
2016-03-07,43,35,12,10,,
2016-03-21,43,34,12,11,,
2016-04-05,41,36,11,12,,
2016-04-18,41,36,11,12,,
2016-05-09,41,37,11,11,,
2016-05-23,41,36,11,12,,
2016-06-06,40,35,10,15,,
2016-06-20,41,36,10,13,,
2016-06-27,43,36,9,12,,
2016-07-02,42,35,10,13,,
2016-08-30,41,36,9,14,,
2016-09-12,41,36,9,14,,
2016-09-27,38,37,10,15,,
2016-10-10,39,36,10,9,,6
2016-10-25,39,37,10,9,,5
2016-11-08,39,38,10,13,,
2016-11-20,38,38,10,10,,4
2016-12-06,39,36,10,10,,5
2017-02-06,35,36,10,11,,8
2017-02-27,34,37,10,9,,10
2017-03-19,37,35,9,9,,10
2017-04-03,36,36,10,8,,10
2017-04-24,36,35,9,10,,10
2017-05-15,36,36,10,9,,9
2017-05-29,36,36,10,9,,9
2017-06-19,36,37,9,7,,11
2017-07-10,35,36,10,8,,11
2017-07-24,36,37,9,9,,9
2017-08-07,36,36,11,9,,8
2017-08-21,35,38,9,9,,9
2017-09-04,37,38,9,8,,8
2017-09-25,36,38,9,9,,8
2017-10-09,36,37,10,,,8
2017-10-16,36,37,10,8,,9
2017-10-30,35,37,10,9,,9
2017-11-13,34,38,9,9,,10
2017-12-03,36,37,10,9,,8
2017-12-17,36,37,10,10,,7
2018-02-04,38,37,10,10,,5
2018-02-18,36,37,10,9,,8
2018-03-04,37,38,9,9,,7
2018-03-25,37,39,9,8,,7
2018-04-08,38,37,10,8,,7
2018-04-22,38,37,9,9,,7
2018-05-13,39,38,9,8,,6
2018-05-28,38,38,9,7,,8
2018-06-18,38,38,10,8,,6
2018-07-01,39,37,9,9,,6
2018-07-15,38,36,10,9,,7
2018-07-29,39,36,10,8,,7
2018-08-12,37,35,10,9,,9
2018-08-26,33,41,10,9,,7
2018-09-09,34,42,10,8,,6
2018-09-23,36,39,10,9,,6
2018-10-14,37,38,11,8,,6
2018-10-28,36,39,9,10,,6
2018-11-11,35,40,9,10,,6
2018-11-25,34,40,9,9,,8
2018-12-09,35,41,9,8,,7
2019-01-28,37,38,9,10,,6
2019-02-10,37,39,9,10,,5
2019-02-24,37,39,9,10,,5
2019-03-10,36,39,9,9,,7
2019-04-07,38,37,9,10,,6
2019-04-14,39,39,9,9,,4
2019-04-28,38,37,9,12,,4
2019-05-05,38,36,9,12,,5
2019-05-12,39,37,9,11,,4
2019-05-17,38,37,9,13,,3
2019-07-28,44,33,11,9,,3
2019-08-18,42,34,11,9,,4
2019-09-08,43,35,12,5,,5
2019-09-29,42,33,13,6,,6
2019-10-20,42,33,13,6,,6
2019-11-10,40,35,12,6,,7
2019-11-24,41,33,12,9,,5
2019-12-08,42,33,11,9,,5
2020-01-12,40,36,12,8,,4
2020-02-02,38,35,13,10,,4
2020-02-23,38,34,13,11,,4
2020-03-15,40,36,12,8,,4
2020-04-05,42,34,13,6,,5
2020-04-26,41,36,12,7,,4
2020-05-17,43,35,10,9,,3
2020-06-07,42,34,12,,,4
2020-06-28,42,35,11,9,,3
2020-07-19,44,34,10,8,,4
2020-08-09,43,33,11,9,,4
2020-08-30,41,36,11,9,,3
2020-09-20,43,34,12,8,,3
2020-10-11,44,34,11,8,,3
2020-11-08,43,35,11,8,,3
2020-11-29,43,36,11,8,,2
2021-01-31,42,36,10,9,,3
2021-02-21,42,37,10,8,,3
2021-03-14,39,39,10,9,,3
2021-03-28,40,38,11,9,,2
2021-04-25,41,38,10,8,,3
2021-05-16,41,36,12,9,,2
2021-06-06,41,36,11,9,,3
2021-06-27,41,37,11,8,,3
2021-07-18,39,39,10,9,,3
2021-08-08,39,39,11,8,,3
2021-08-29,36,40,10,11,,3
2021-09-19,37,38,10,12,,3
2021-10-03,37,37,11,13,,2
2021-10-24,35,38,11,13,,3
2021-11-14,37,38,11,12,,2
2021-12-05,36,38,10,13,,3
2022-01-30,34,41,11,11,,3
2022-02-13,34,41,8,14,,3
2022-02-27,35,41,9,8,,3
2022-03-13,35,41,8,10,,3
2022-04-03,36,38,10,10,,3
