date,john_howard,bob_hawke,paul_keating,andrew_peacock,john_hewson,alexander_downer,kim_beazley,simon_crean,mark_latham,kevin_rudd,malcolm_turnbull,brendan_nelson,tony_abbott,julia_gillard,bill_shorten,scott_morrison,anthony_albanese,uncommitted
1987-06-07,22,62,,,,,,,,,,,,,,,,16
1987-06-21,22,62,,,,,,,,,,,,,,,,16
1987-06-28,25,57,,,,,,,,,,,,,,,,18
1987-07-05,26,59,,,,,,,,,,,,,,,,15
1987-07-08,27,59,,,,,,,,,,,,,,,,14
1987-07-09,29,57,,,,,,,,,,,,,,,,14
1990-03-04,,52,,22,,,,,,,,,,,,,,26
1990-03-18,,54,,20,,,,,,,,,,,,,,26
1990-03-22,,55,,24,,,,,,,,,,,,,,21
1991-07-28,,38,,,35,,,,,,,,,,,,,27
1991-08-25,,40,,,35,,,,,,,,,,,,,25
1991-09-29,,41,,,33,,,,,,,,,,,,,26
1991-10-20,,39,,,32,,,,,,,,,,,,,29
1991-11-17,,38,,,33,,,,,,,,,,,,,29
1991-11-24,,32,,,40,,,,,,,,,,,,,28
1991-12-08,,32,,,43,,,,,,,,,,,,,25
1992-01-19,,,28,,43,,,,,,,,,,,,,29
1992-02-02,,,30,,45,,,,,,,,,,,,,25
1992-02-16,,,31,,44,,,,,,,,,,,,,25
1992-03-01,,,36,,40,,,,,,,,,,,,,24
1992-03-15,,,36,,42,,,,,,,,,,,,,22
1992-03-29,,,38,,37,,,,,,,,,,,,,25
1992-04-12,,,37,,35,,,,,,,,,,,,,28
1992-05-03,,,35,,39,,,,,,,,,,,,,26
1992-05-17,,,35,,39,,,,,,,,,,,,,26
1992-05-31,,,32,,40,,,,,,,,,,,,,28
1992-06-14,,,32,,38,,,,,,,,,,,,,30
1992-06-28,,,35,,37,,,,,,,,,,,,,28
1992-07-12,,,32,,38,,,,,,,,,,,,,30
1992-07-26,,,35,,39,,,,,,,,,,,,,26
1992-08-09,,,32,,40,,,,,,,,,,,,,28
1992-08-23,,,31,,40,,,,,,,,,,,,,29
1992-09-06,,,35,,34,,,,,,,,,,,,,31
1992-09-20,,,32,,37,,,,,,,,,,,,,31
1992-10-11,,,34,,38,,,,,,,,,,,,,28
1992-10-25,,,37,,36,,,,,,,,,,,,,27
1992-11-08,,,39,,35,,,,,,,,,,,,,26
1992-11-22,,,39,,32,,,,,,,,,,,,,29
1992-12-06,,,43,,30,,,,,,,,,,,,,27
1992-12-13,,,43,,34,,,,,,,,,,,,,23
1992-12-20,,,38,,35,,,,,,,,,,,,,27
1993-01-24,,,39,,38,,,,,,,,,,,,,23
1993-02-07,,,36,,38,,,,,,,,,,,,,26
1993-02-14,,,37,,42,,,,,,,,,,,,,21
1993-02-21,,,36,,41,,,,,,,,,,,,,23
1993-02-28,,,37,,38,,,,,,,,,,,,,25
1993-03-07,,,36,,42,,,,,,,,,,,,,22
1993-03-11,,,40,,41,,,,,,,,,,,,,19
1993-03-21,,,46,,32,,,,,,,,,,,,,22
1993-04-04,,,48,,32,,,,,,,,,,,,,20
1993-04-18,,,47,,30,,,,,,,,,,,,,23
1993-05-02,,,47,,30,,,,,,,,,,,,,23
1993-05-16,,,44,,31,,,,,,,,,,,,,25
1993-05-30,,,41,,31,,,,,,,,,,,,,28
1993-06-13,,,40,,32,,,,,,,,,,,,,28
1993-06-27,,,41,,30,,,,,,,,,,,,,29
1993-07-11,,,38,,36,,,,,,,,,,,,,26
1993-07-25,,,38,,34,,,,,,,,,,,,,28
1993-08-08,,,38,,31,,,,,,,,,,,,,31
1993-08-22,,,27,,43,,,,,,,,,,,,,30
1993-09-05,,,29,,41,,,,,,,,,,,,,30
1993-09-19,,,31,,41,,,,,,,,,,,,,28
1993-09-26,,,32,,43,,,,,,,,,,,,,25
1993-10-10,,,32,,39,,,,,,,,,,,,,29
1993-10-24,,,34,,37,,,,,,,,,,,,,29
1993-11-07,,,35,,36,,,,,,,,,,,,,29
1993-11-21,,,36,,34,,,,,,,,,,,,,30
1993-12-05,,,33,,40,,,,,,,,,,,,,27
1993-12-19,,,33,,34,,,,,,,,,,,,,33
1994-01-16,,,37,,32,,,,,,,,,,,,,31
1994-01-30,,,43,,33,,,,,,,,,,,,,24
1994-02-13,,,40,,32,,,,,,,,,,,,,28
1994-02-27,,,44,,30,,,,,,,,,,,,,26
1994-03-13,,,46,,25,,,,,,,,,,,,,29
1994-03-27,,,42,,30,,,,,,,,,,,,,28
1994-04-17,,,44,,29,,,,,,,,,,,,,27
1994-05-01,,,42,,28,,,,,,,,,,,,,30
1994-05-15,,,46,,28,,,,,,,,,,,,,26
1994-05-29,,,32,,,38,,,,,,,,,,,,30
1994-06-12,,,34,,,39,,,,,,,,,,,,27
1994-06-26,,,29,,,44,,,,,,,,,,,,27
1994-07-10,,,28,,,48,,,,,,,,,,,,24
1994-09-04,,,44,,,28,,,,,,,,,,,,28
1994-09-18,,,52,,,25,,,,,,,,,,,,23
1994-09-25,,,48,,,25,,,,,,,,,,,,27
1994-10-09,,,51,,,23,,,,,,,,,,,,26
1994-10-23,,,51,,,25,,,,,,,,,,,,24
1994-11-06,,,49,,,23,,,,,,,,,,,,28
1994-11-20,,,51,,,21,,,,,,,,,,,,28
1994-12-04,,,53,,,24,,,,,,,,,,,,23
1994-12-18,,,48,,,24,,,,,,,,,,,,28
1995-01-15,,,47,,,21,,,,,,,,,,,,32
1995-01-29,37,,42,,,,,,,,,,,,,,,21
1995-02-12,41,,35,,,,,,,,,,,,,,,24
1995-02-26,41,,35,,,,,,,,,,,,,,,24
1995-03-12,47,,35,,,,,,,,,,,,,,,18
1995-03-26,44,,34,,,,,,,,,,,,,,,22
1995-04-09,44,,38,,,,,,,,,,,,,,,18
1995-04-23,39,,41,,,,,,,,,,,,,,,20
1995-05-07,39,,41,,,,,,,,,,,,,,,20
1995-05-21,44,,39,,,,,,,,,,,,,,,17
1995-06-04,41,,40,,,,,,,,,,,,,,,19
1995-06-18,41,,34,,,,,,,,,,,,,,,25
1995-07-02,44,,38,,,,,,,,,,,,,,,18
1995-07-16,39,,38,,,,,,,,,,,,,,,23
1995-07-30,44,,37,,,,,,,,,,,,,,,19
1995-08-13,40,,40,,,,,,,,,,,,,,,20
1995-08-27,43,,38,,,,,,,,,,,,,,,19
1995-09-10,43,,37,,,,,,,,,,,,,,,20
1995-09-24,38,,36,,,,,,,,,,,,,,,26
1995-10-08,39,,38,,,,,,,,,,,,,,,23
1995-10-22,40,,38,,,,,,,,,,,,,,,22
1995-11-12,37,,40,,,,,,,,,,,,,,,23
1995-11-26,35,,40,,,,,,,,,,,,,,,25
1995-12-10,38,,37,,,,,,,,,,,,,,,25
1995-12-17,34,,42,,,,,,,,,,,,,,,24
1996-01-21,39,,39,,,,,,,,,,,,,,,22
1996-02-04,38,,42,,,,,,,,,,,,,,,20
1996-02-11,38,,42,,,,,,,,,,,,,,,20
1996-02-18,38,,42,,,,,,,,,,,,,,,20
1996-02-25,37,,43,,,,,,,,,,,,,,,20
1996-02-29,40,,45,,,,,,,,,,,,,,,15
1996-03-17,54,,,,,,22,,,,,,,,,,,24
1996-03-31,56,,,,,,20,,,,,,,,,,,24
1996-04-14,57,,,,,,19,,,,,,,,,,,24
1996-04-28,54,,,,,,20,,,,,,,,,,,26
1996-05-12,60,,,,,,18,,,,,,,,,,,22
1996-05-26,54,,,,,,20,,,,,,,,,,,26
1996-06-16,52,,,,,,22,,,,,,,,,,,26
1996-06-30,52,,,,,,24,,,,,,,,,,,24
1996-07-14,54,,,,,,24,,,,,,,,,,,22
1996-07-28,51,,,,,,25,,,,,,,,,,,24
1996-08-11,51,,,,,,26,,,,,,,,,,,23
1996-08-25,53,,,,,,24,,,,,,,,,,,23
1996-09-08,50,,,,,,25,,,,,,,,,,,25
1996-09-22,55,,,,,,25,,,,,,,,,,,20
1996-10-13,54,,,,,,23,,,,,,,,,,,23
1996-10-27,55,,,,,,21,,,,,,,,,,,24
1996-11-10,54,,,,,,22,,,,,,,,,,,24
1996-11-24,51,,,,,,22,,,,,,,,,,,27
1996-12-08,52,,,,,,24,,,,,,,,,,,24
1996-12-15,53,,,,,,24,,,,,,,,,,,23
1997-01-19,54,,,,,,22,,,,,,,,,,,24
1997-02-02,53,,,,,,23,,,,,,,,,,,24
1997-02-16,49,,,,,,24,,,,,,,,,,,27
1997-03-02,53,,,,,,23,,,,,,,,,,,24
1997-03-16,52,,,,,,24,,,,,,,,,,,24
1997-04-06,53,,,,,,24,,,,,,,,,,,23
1997-04-20,50,,,,,,24,,,,,,,,,,,26
1997-05-04,47,,,,,,25,,,,,,,,,,,28
1997-05-11,45,,,,,,22,,,,,,,,,,,33
1997-05-18,45,,,,,,27,,,,,,,,,,,28
1997-06-01,45,,,,,,26,,,,,,,,,,,29
1997-06-15,47,,,,,,25,,,,,,,,,,,28
1997-06-29,42,,,,,,30,,,,,,,,,,,28
1997-07-13,44,,,,,,31,,,,,,,,,,,25
1997-07-27,43,,,,,,29,,,,,,,,,,,28
1997-08-10,42,,,,,,29,,,,,,,,,,,29
1997-08-24,43,,,,,,29,,,,,,,,,,,28
1997-09-07,43,,,,,,31,,,,,,,,,,,26
1997-09-21,43,,,,,,29,,,,,,,,,,,28
1997-09-28,38,,,,,,33,,,,,,,,,,,29
1997-10-12,43,,,,,,30,,,,,,,,,,,27
1997-10-19,34,,,,,,35,,,,,,,,,,,31
1997-10-26,37,,,,,,38,,,,,,,,,,,25
1997-11-09,35,,,,,,38,,,,,,,,,,,27
1997-11-23,36,,,,,,40,,,,,,,,,,,24
1997-12-07,36,,,,,,38,,,,,,,,,,,26
1998-01-18,36,,,,,,37,,,,,,,,,,,27
1998-02-01,38,,,,,,37,,,,,,,,,,,25
1998-02-15,37,,,,,,37,,,,,,,,,,,26
1998-03-01,37,,,,,,36,,,,,,,,,,,27
1998-03-15,36,,,,,,36,,,,,,,,,,,28
1998-03-29,36,,,,,,35,,,,,,,,,,,29
1998-04-19,38,,,,,,35,,,,,,,,,,,27
1998-05-03,41,,,,,,34,,,,,,,,,,,25
1998-05-17,45,,,,,,36,,,,,,,,,,,19
1998-05-31,40,,,,,,36,,,,,,,,,,,24
1998-06-14,35,,,,,,36,,,,,,,,,,,29
1998-06-28,32,,,,,,38,,,,,,,,,,,30
1998-07-12,37,,,,,,36,,,,,,,,,,,27
1998-07-26,31,,,,,,39,,,,,,,,,,,30
1998-08-09,37,,,,,,38,,,,,,,,,,,25
1998-08-16,41,,,,,,36,,,,,,,,,,,23
1998-08-30,39,,,,,,37,,,,,,,,,,,24
1998-09-06,39,,,,,,36,,,,,,,,,,,25
1998-09-13,39,,,,,,39,,,,,,,,,,,22
1998-09-20,42,,,,,,37,,,,,,,,,,,21
1998-09-27,41,,,,,,39,,,,,,,,,,,20
1998-10-01,40,,,,,,41,,,,,,,,,,,19
1998-10-18,48,,,,,,34,,,,,,,,,,,18
1998-11-01,42,,,,,,38,,,,,,,,,,,20
1998-11-15,44,,,,,,38,,,,,,,,,,,18
1998-11-29,44,,,,,,35,,,,,,,,,,,21
1998-12-13,45,,,,,,34,,,,,,,,,,,21
1999-01-17,45,,,,,,34,,,,,,,,,,,21
1999-01-31,44,,,,,,36,,,,,,,,,,,20
1999-02-14,43,,,,,,34,,,,,,,,,,,23
1999-02-28,43,,,,,,34,,,,,,,,,,,23
1999-03-14,43,,,,,,36,,,,,,,,,,,21
1999-03-28,46,,,,,,33,,,,,,,,,,,21
1999-04-11,46,,,,,,34,,,,,,,,,,,20
1999-05-02,39,,,,,,39,,,,,,,,,,,22
1999-05-16,44,,,,,,34,,,,,,,,,,,22
1999-05-30,42,,,,,,33,,,,,,,,,,,25
1999-06-20,42,,,,,,33,,,,,,,,,,,25
1999-07-04,47,,,,,,31,,,,,,,,,,,22
1999-07-18,42,,,,,,34,,,,,,,,,,,24
1999-08-01,45,,,,,,34,,,,,,,,,,,21
1999-08-15,45,,,,,,34,,,,,,,,,,,21
1999-08-29,44,,,,,,35,,,,,,,,,,,21
1999-09-12,43,,,,,,33,,,,,,,,,,,24
1999-09-26,46,,,,,,33,,,,,,,,,,,21
1999-10-10,47,,,,,,30,,,,,,,,,,,23
1999-10-24,45,,,,,,33,,,,,,,,,,,22
1999-11-07,50,,,,,,31,,,,,,,,,,,19
1999-11-21,47,,,,,,34,,,,,,,,,,,19
1999-12-05,48,,,,,,30,,,,,,,,,,,22
1999-12-19,46,,,,,,32,,,,,,,,,,,22
2000-01-23,46,,,,,,33,,,,,,,,,,,21
2000-02-06,42,,,,,,34,,,,,,,,,,,24
2000-02-20,41,,,,,,31,,,,,,,,,,,28
2000-03-05,43,,,,,,33,,,,,,,,,,,24
2000-03-19,43,,,,,,35,,,,,,,,,,,22
2000-04-02,43,,,,,,33,,,,,,,,,,,24
2000-04-16,43,,,,,,34,,,,,,,,,,,23
2000-04-30,41,,,,,,34,,,,,,,,,,,25
2000-05-14,43,,,,,,35,,,,,,,,,,,22
2000-05-28,41,,,,,,34,,,,,,,,,,,25
2000-06-18,38,,,,,,40,,,,,,,,,,,22
2000-07-02,41,,,,,,36,,,,,,,,,,,23
2000-07-16,44,,,,,,32,,,,,,,,,,,24
2000-07-30,44,,,,,,31,,,,,,,,,,,25
2000-08-13,42,,,,,,37,,,,,,,,,,,21
2000-08-27,42,,,,,,36,,,,,,,,,,,22
2000-09-10,40,,,,,,36,,,,,,,,,,,24
2000-09-24,44,,,,,,36,,,,,,,,,,,20
2000-10-08,41,,,,,,33,,,,,,,,,,,26
2000-10-22,43,,,,,,33,,,,,,,,,,,24
2000-11-05,39,,,,,,35,,,,,,,,,,,26
2000-11-19,43,,,,,,33,,,,,,,,,,,24
2000-12-03,42,,,,,,33,,,,,,,,,,,25
2000-12-17,41,,,,,,34,,,,,,,,,,,25
2001-01-21,44,,,,,,30,,,,,,,,,,,26
2001-02-11,40,,,,,,36,,,,,,,,,,,24
2001-02-25,38,,,,,,36,,,,,,,,,,,26
2001-03-11,34,,,,,,40,,,,,,,,,,,26
2001-03-25,35,,,,,,41,,,,,,,,,,,24
2001-04-08,38,,,,,,39,,,,,,,,,,,23
2001-04-22,40,,,,,,38,,,,,,,,,,,22
2001-05-06,35,,,,,,39,,,,,,,,,,,26
2001-05-20,37,,,,,,39,,,,,,,,,,,24
2001-05-27,39,,,,,,39,,,,,,,,,,,22
2001-06-03,40,,,,,,38,,,,,,,,,,,22
2001-06-17,43,,,,,,34,,,,,,,,,,,23
2001-07-01,39,,,,,,36,,,,,,,,,,,25
2001-07-15,40,,,,,,37,,,,,,,,,,,23
2001-07-29,42,,,,,,35,,,,,,,,,,,23
2001-08-12,41,,,,,,36,,,,,,,,,,,23
2001-08-26,42,,,,,,32,,,,,,,,,,,26
2001-09-02,47,,,,,,32,,,,,,,,,,,21
2001-09-09,48,,,,,,30,,,,,,,,,,,22
2001-09-23,57,,,,,,25,,,,,,,,,,,18
2001-10-07,56,,,,,,27,,,,,,,,,,,17
2001-10-14,56,,,,,,27,,,,,,,,,,,17
2001-10-21,48,,,,,,33,,,,,,,,,,,19
2001-10-28,50,,,,,,33,,,,,,,,,,,17
2001-11-04,46,,,,,,37,,,,,,,,,,,17
2001-11-08,52,,,,,,34,,,,,,,,,,,14
2001-11-25,55,,,,,,,19,,,,,,,,,,26
2001-12-16,55,,,,,,,20,,,,,,,,,,25
2002-01-20,57,,,,,,,19,,,,,,,,,,24
2002-02-10,59,,,,,,,18,,,,,,,,,,23
2002-02-24,49,,,,,,,26,,,,,,,,,,25
2002-03-10,50,,,,,,,23,,,,,,,,,,27
2002-03-24,52,,,,,,,24,,,,,,,,,,24
2002-04-07,51,,,,,,,24,,,,,,,,,,25
2002-04-21,49,,,,,,,24,,,,,,,,,,27
2002-05-05,50,,,,,,,24,,,,,,,,,,26
2002-05-19,53,,,,,,,24,,,,,,,,,,23
2002-06-02,50,,,,,,,23,,,,,,,,,,27
2002-06-23,53,,,,,,,22,,,,,,,,,,25
2002-07-07,54,,,,,,,21,,,,,,,,,,25
2002-07-21,51,,,,,,,24,,,,,,,,,,25
2002-08-04,55,,,,,,,20,,,,,,,,,,25
2002-08-18,57,,,,,,,22,,,,,,,,,,21
2002-09-01,55,,,,,,,22,,,,,,,,,,23
2002-09-15,56,,,,,,,20,,,,,,,,,,24
2002-09-29,54,,,,,,,23,,,,,,,,,,23
2002-10-20,61,,,,,,,18,,,,,,,,,,21
2002-11-03,63,,,,,,,18,,,,,,,,,,19
2002-11-17,59,,,,,,,19,,,,,,,,,,22
2002-12-01,57,,,,,,,18,,,,,,,,,,25
2002-12-15,58,,,,,,,19,,,,,,,,,,23
2003-01-19,58,,,,,,,19,,,,,,,,,,23
2003-02-02,56,,,,,,,23,,,,,,,,,,21
2003-02-16,56,,,,,,,21,,,,,,,,,,23
2003-03-02,54,,,,,,,22,,,,,,,,,,24
2003-03-16,51,,,,,,,22,,,,,,,,,,27
2003-03-23,60,,,,,,,19,,,,,,,,,,21
2003-03-30,62,,,,,,,17,,,,,,,,,,21
2003-04-13,62,,,,,,,16,,,,,,,,,,22
2003-05-04,63,,,,,,,16,,,,,,,,,,21
2003-05-18,64,,,,,,,17,,,,,,,,,,19
2003-06-01,65,,,,,,,17,,,,,,,,,,18
2003-06-22,67,,,,,,,17,,,,,,,,,,16
2003-07-06,61,,,,,,,20,,,,,,,,,,19
2003-07-20,59,,,,,,,19,,,,,,,,,,22
2003-08-03,60,,,,,,,18,,,,,,,,,,22
2003-08-17,62,,,,,,,18,,,,,,,,,,20
2003-08-31,60,,,,,,,18,,,,,,,,,,22
2003-09-14,61,,,,,,,16,,,,,,,,,,23
2003-09-28,61,,,,,,,17,,,,,,,,,,22
2003-10-19,58,,,,,,,18,,,,,,,,,,24
2003-11-02,59,,,,,,,18,,,,,,,,,,23
2003-11-16,58,,,,,,,17,,,,,,,,,,25
2003-11-30,65,,,,,,,14,,,,,,,,,,21
2003-12-07,52,,,,,,,,26,,,,,,,,,22
2003-12-14,46,,,,,,,,31,,,,,,,,,23
2004-01-18,50,,,,,,,,30,,,,,,,,,20
2004-02-08,47,,,,,,,,34,,,,,,,,,19
2004-02-22,48,,,,,,,,32,,,,,,,,,20
2004-03-07,44,,,,,,,,39,,,,,,,,,17
2004-03-21,43,,,,,,,,42,,,,,,,,,15
2004-04-04,48,,,,,,,,37,,,,,,,,,15
2004-04-18,48,,,,,,,,37,,,,,,,,,15
2004-05-02,49,,,,,,,,36,,,,,,,,,15
2004-05-16,50,,,,,,,,33,,,,,,,,,17
2004-05-30,54,,,,,,,,32,,,,,,,,,14
2004-06-20,48,,,,,,,,36,,,,,,,,,16
2004-07-04,50,,,,,,,,33,,,,,,,,,17
2004-07-18,48,,,,,,,,33,,,,,,,,,19
2004-08-01,51,,,,,,,,34,,,,,,,,,15
2004-08-15,47,,,,,,,,36,,,,,,,,,17
2004-08-29,48,,,,,,,,34,,,,,,,,,18
2004-09-05,49,,,,,,,,37,,,,,,,,,14
2004-09-12,50,,,,,,,,33,,,,,,,,,17
2004-09-19,47,,,,,,,,37,,,,,,,,,16
2004-09-26,48,,,,,,,,35,,,,,,,,,17
2004-10-03,49,,,,,,,,32,,,,,,,,,19
2004-10-07,51,,,,,,,,36,,,,,,,,,13
2004-11-21,57,,,,,,,,27,,,,,,,,,16
2004-12-05,60,,,,,,,,25,,,,,,,,,15
2004-12-19,60,,,,,,,,24,,,,,,,,,16
2005-01-23,58,,,,,,31,,,,,,,,,,,11
2005-02-06,56,,,,,,27,,,,,,,,,,,17
2005-02-20,54,,,,,,29,,,,,,,,,,,17
2005-03-06,54,,,,,,31,,,,,,,,,,,15
2005-03-20,54,,,,,,30,,,,,,,,,,,16
2005-04-03,52,,,,,,31,,,,,,,,,,,17
2005-04-17,52,,,,,,31,,,,,,,,,,,17
2005-05-01,52,,,,,,31,,,,,,,,,,,17
2005-05-15,52,,,,,,31,,,,,,,,,,,17
2005-05-29,54,,,,,,29,,,,,,,,,,,17
2005-06-19,54,,,,,,28,,,,,,,,,,,18
2005-07-03,51,,,,,,29,,,,,,,,,,,20
2005-07-17,55,,,,,,25,,,,,,,,,,,20
2005-07-31,54,,,,,,26,,,,,,,,,,,20
2005-08-14,57,,,,,,25,,,,,,,,,,,18
2005-08-28,56,,,,,,27,,,,,,,,,,,17
2005-09-11,51,,,,,,27,,,,,,,,,,,22
2005-09-25,53,,,,,,26,,,,,,,,,,,21
2005-10-09,57,,,,,,23,,,,,,,,,,,20
2005-10-23,50,,,,,,26,,,,,,,,,,,24
2005-11-06,50,,,,,,28,,,,,,,,,,,22
2005-11-20,51,,,,,,29,,,,,,,,,,,20
2005-12-04,50,,,,,,29,,,,,,,,,,,21
2005-12-18,51,,,,,,27,,,,,,,,,,,22
2006-01-15,56,,,,,,25,,,,,,,,,,,19
2006-01-29,54,,,,,,26,,,,,,,,,,,20
2006-02-12,51,,,,,,28,,,,,,,,,,,21
2006-02-26,53,,,,,,27,,,,,,,,,,,20
2006-03-12,61,,,,,,18,,,,,,,,,,,21
2006-03-26,58,,,,,,23,,,,,,,,,,,19
2006-04-09,56,,,,,,23,,,,,,,,,,,21
2006-04-30,56,,,,,,25,,,,,,,,,,,19
2006-05-14,53,,,,,,25,,,,,,,,,,,22
2006-05-28,55,,,,,,23,,,,,,,,,,,22
2006-06-18,55,,,,,,25,,,,,,,,,,,20
2006-07-02,49,,,,,,29,,,,,,,,,,,22
2006-07-16,53,,,,,,27,,,,,,,,,,,20
2006-07-30,53,,,,,,26,,,,,,,,,,,21
2006-08-06,52,,,,,,25,,,,,,,,,,,23
2006-08-13,54,,,,,,27,,,,,,,,,,,19
2006-08-27,54,,,,,,26,,,,,,,,,,,20
2006-09-10,54,,,,,,25,,,,,,,,,,,21
2006-09-24,52,,,,,,26,,,,,,,,,,,22
2006-10-15,54,,,,,,26,,,,,,,,,,,20
2006-10-29,54,,,,,,26,,,,,,,,,,,20
2006-11-12,54,,,,,,25,,,,,,,,,,,21
2006-11-26,55,,,,,,25,,,,,,,,,,,20
2006-12-10,39,,,,,,,,,36,,,,,,,,25
2007-01-21,41,,,,,,,,,39,,,,,,,,20
2007-02-04,40,,,,,,,,,39,,,,,,,,21
2007-02-18,37,,,,,,,,,47,,,,,,,,16
2007-03-04,38,,,,,,,,,45,,,,,,,,17
2007-03-18,36,,,,,,,,,49,,,,,,,,15
2007-04-01,38,,,,,,,,,48,,,,,,,,14
2007-04-15,36,,,,,,,,,48,,,,,,,,16
2007-04-29,39,,,,,,,,,46,,,,,,,,15
2007-05-13,37,,,,,,,,,49,,,,,,,,14
2007-05-27,38,,,,,,,,,47,,,,,,,,15
2007-06-17,40,,,,,,,,,46,,,,,,,,14
2007-07-08,42,,,,,,,,,43,,,,,,,,15
2007-07-22,40,,,,,,,,,43,,,,,,,,17
2007-08-05,39,,,,,,,,,44,,,,,,,,17
2007-08-19,39,,,,,,,,,46,,,,,,,,15
2007-09-02,37,,,,,,,,,48,,,,,,,,15
2007-09-16,38,,,,,,,,,48,,,,,,,,14
2007-09-30,38,,,,,,,,,47,,,,,,,,15
2007-10-14,39,,,,,,,,,48,,,,,,,,13
2007-10-21,37,,,,,,,,,50,,,,,,,,13
2007-10-28,41,,,,,,,,,48,,,,,,,,11
2007-11-04,43,,,,,,,,,47,,,,,,,,10
2007-11-11,40,,,,,,,,,48,,,,,,,,12
2007-11-18,42,,,,,,,,,46,,,,,,,,12
2007-11-22,44,,,,,,,,,47,,,,,,,,9
2007-12-02,,,,,,,,,,61,,14,,,,,,25
2008-01-20,,,,,,,,,,68,,11,,,,,,21
2008-02-17,,,,,,,,,,70,,9,,,,,,21
2008-03-02,,,,,,,,,,73,,7,,,,,,20
2008-03-16,,,,,,,,,,70,,10,,,,,,20
2008-04-06,,,,,,,,,,73,,9,,,,,,18
2008-04-20,,,,,,,,,,71,,10,,,,,,19
2008-05-04,,,,,,,,,,72,,9,,,,,,19
2008-05-18,,,,,,,,,,70,,12,,,,,,18
2008-06-01,,,,,,,,,,66,,17,,,,,,17
2008-06-15,,,,,,,,,,68,,13,,,,,,19
2008-06-29,,,,,,,,,,64,,15,,,,,,21
2008-07-13,,,,,,,,,,65,,14,,,,,,21
2008-07-27,,,,,,,,,,66,,14,,,,,,20
2008-08-10,,,,,,,,,,68,,12,,,,,,20
2008-08-24,,,,,,,,,,65,,14,,,,,,21
2008-09-07,,,,,,,,,,62,,16,,,,,,22
2008-09-21,,,,,,,,,,54,24,,,,,,,22
2008-10-12,,,,,,,,,,54,26,,,,,,,20
2008-10-26,,,,,,,,,,59,25,,,,,,,16
2008-11-09,,,,,,,,,,62,22,,,,,,,16
2008-11-23,,,,,,,,,,63,21,,,,,,,16
2008-12-07,,,,,,,,,,66,19,,,,,,,15
2009-01-18,,,,,,,,,,60,22,,,,,,,18
2009-02-08,,,,,,,,,,62,20,,,,,,,18
2009-02-22,,,,,,,,,,64,20,,,,,,,16
2009-03-08,,,,,,,,,,61,21,,,,,,,18
2009-03-22,,,,,,,,,,65,20,,,,,,,15
2009-04-05,,,,,,,,,,67,18,,,,,,,15
2009-04-19,,,,,,,,,,67,19,,,,,,,14
2009-05-03,,,,,,,,,,64,19,,,,,,,17
2009-05-17,,,,,,,,,,58,24,,,,,,,18
2009-05-31,,,,,,,,,,57,24,,,,,,,19
2009-06-14,,,,,,,,,,57,25,,,,,,,18
2009-06-28,,,,,,,,,,65,18,,,,,,,17
2009-07-12,,,,,,,,,,64,19,,,,,,,17
2009-07-26,,,,,,,,,,66,16,,,,,,,18
2009-08-09,,,,,,,,,,65,17,,,,,,,18
2009-08-23,,,,,,,,,,66,19,,,,,,,15
2009-09-06,,,,,,,,,,67,19,,,,,,,14
2009-09-20,,,,,,,,,,65,17,,,,,,,18
2009-10-01,,,,,,,,,,67,18,,,,,,,15
2009-10-18,,,,,,,,,,65,19,,,,,,,16
2009-11-01,,,,,,,,,,63,19,,,,,,,18
2009-11-15,,,,,,,,,,63,22,,,,,,,15
2009-11-29,,,,,,,,,,65,14,,,,,,,21
2009-12-06,,,,,,,,,,60,,,23,,,,,17
2010-01-17,,,,,,,,,,57,,,25,,,,,18
2010-01-31,,,,,,,,,,58,,,26,,,,,16
2010-02-14,,,,,,,,,,55,,,27,,,,,18
2010-02-28,,,,,,,,,,55,,,30,,,,,15
2010-03-14,,,,,,,,,,55,,,30,,,,,15
2010-03-28,,,,,,,,,,59,,,27,,,,,14
2010-04-18,,,,,,,,,,56,,,29,,,,,15
2010-05-02,,,,,,,,,,50,,,32,,,,,18
2010-05-16,,,,,,,,,,49,,,33,,,,,18
2010-05-30,,,,,,,,,,49,,,33,,,,,18
2010-06-20,,,,,,,,,,46,,,37,,,,,17
2010-06-27,,,,,,,,,,,,,29,53,,,,18
2010-07-18,,,,,,,,,,,,,27,57,,,,16
2010-07-25,,,,,,,,,,,,,34,50,,,,16
2010-08-01,,,,,,,,,,,,,35,50,,,,15
2010-08-08,,,,,,,,,,,,,34,49,,,,17
2010-08-15,,,,,,,,,,,,,35,50,,,,15
2010-08-19,,,,,,,,,,,,,37,50,,,,13
2010-09-12,,,,,,,,,,,,,34,50,,,,16
2010-10-10,,,,,,,,,,,,,31,52,,,,17
2010-10-24,,,,,,,,,,,,,32,53,,,,15
2010-11-07,,,,,,,,,,,,,34,49,,,,17
2010-11-21,,,,,,,,,,,,,31,54,,,,15
2010-12-05,,,,,,,,,,,,,32,52,,,,16
2011-02-06,,,,,,,,,,,,,35,48,,,,17
2011-02-20,,,,,,,,,,,,,31,53,,,,16
2011-03-06,,,,,,,,,,,,,36,45,,,,19
2011-03-20,,,,,,,,,,,,,31,50,,,,19
2011-04-03,,,,,,,,,,,,,37,46,,,,17
2011-05-01,,,,,,,,,,,,,36,45,,,,19
2011-05-15,,,,,,,,,,,,,38,42,,,,20
2011-05-29,,,,,,,,,,,,,37,44,,,,19
2011-06-12,,,,,,,,,,,,,38,41,,,,21
2011-06-26,,,,,,,,,,,,,40,39,,,,21
2011-07-10,,,,,,,,,,,,,43,38,,,,19
2011-07-24,,,,,,,,,,,,,41,40,,,,19
2011-08-07,,,,,,,,,,,,,40,39,,,,21
2011-08-21,,,,,,,,,,,,,39,38,,,,23
2011-09-04,,,,,,,,,,,,,43,34,,,,23
2011-09-18,,,,,,,,,,,,,40,35,,,,25
2011-10-09,,,,,,,,,,,,,40,35,,,,25
2011-10-23,,,,,,,,,,,,,39,36,,,,25
2011-11-06,,,,,,,,,,,,,40,39,,,,21
2011-11-20,,,,,,,,,,,,,35,40,,,,25
2011-12-04,,,,,,,,,,,,,36,43,,,,21
2012-01-29,,,,,,,,,,,,,37,40,,,,23
2012-02-12,,,,,,,,,,,,,40,37,,,,23
2012-02-26,,,,,,,,,,,,,38,36,,,,26
2012-03-11,,,,,,,,,,,,,37,39,,,,24
2012-03-25,,,,,,,,,,,,,37,40,,,,23
2012-04-15,,,,,,,,,,,,,41,39,,,,20
2012-04-29,,,,,,,,,,,,,41,36,,,,23
2012-05-13,,,,,,,,,,,,,40,36,,,,24
2012-05-27,,,,,,,,,,,,,37,40,,,,23
2012-06-10,,,,,,,,,,,,,38,42,,,,20
2012-06-24,,,,,,,,,,,,,38,39,,,,23
2012-07-08,,,,,,,,,,,,,39,36,,,,25
2012-07-22,,,,,,,,,,,,,40,36,,,,24
2012-08-05,,,,,,,,,,,,,38,36,,,,26
2012-08-19,,,,,,,,,,,,,38,38,,,,24
2012-09-02,,,,,,,,,,,,,38,39,,,,23
2012-09-16,,,,,,,,,,,,,32,46,,,,22
2012-10-07,,,,,,,,,,,,,33,43,,,,24
2012-10-28,,,,,,,,,,,,,34,45,,,,21
2012-11-11,,,,,,,,,,,,,32,46,,,,22
2012-11-25,,,,,,,,,,,,,33,46,,,,21
2012-12-09,,,,,,,,,,,,,34,43,,,,23
2013-01-13,,,,,,,,,,,,,33,45,,,,22
2013-02-03,,,,,,,,,,,,,39,41,,,,20
2013-02-24,,,,,,,,,,,,,40,36,,,,24
2013-03-10,,,,,,,,,,,,,38,42,,,,20
2013-03-24,,,,,,,,,,,,,43,35,,,,22
2013-04-07,,,,,,,,,,,,,40,37,,,,23
2013-04-21,,,,,,,,,,,,,40,35,,,,25
2013-05-05,,,,,,,,,,,,,42,37,,,,21
2013-05-19,,,,,,,,,,,,,40,39,,,,21
2013-06-02,,,,,,,,,,,,,43,35,,,,22
2013-06-23,,,,,,,,,,,,,45,33,,,,22
2013-06-30,,,,,,,,,,49,,,35,,,,,16
2013-07-07,,,,,,,,,,53,,,31,,,,,16
2013-07-21,,,,,,,,,,50,,,34,,,,,16
2013-08-04,,,,,,,,,,47,,,33,,,,,20
2013-08-11,,,,,,,,,,46,,,37,,,,,17
2013-08-18,,,,,,,,,,43,,,41,,,,,16
2013-08-23,,,,,,,,,,44,,,40,,,,,16
2013-09-01,,,,,,,,,,41,,,43,,,,,16
2013-09-05,,,,,,,,,,43,,,45,,,,,12
2013-10-27,,,,,,,,,,,,,47,,28,,,25
2013-11-10,,,,,,,,,,,,,46,,30,,,24
2013-11-24,,,,,,,,,,,,,44,,33,,,23
2013-12-08,,,,,,,,,,,,,41,,34,,,25
2014-02-09,,,,,,,,,,,,,41,,33,,,26
2014-02-23,,,,,,,,,,,,,38,,37,,,25
2014-03-09,,,,,,,,,,,,,42,,36,,,22
2014-03-23,,,,,,,,,,,,,43,,36,,,21
2014-04-06,,,,,,,,,,,,,41,,33,,,26
2014-05-04,,,,,,,,,,,,,40,,38,,,22
2014-05-18,,,,,,,,,,,,,34,,44,,,22
2014-06-15,,,,,,,,,,,,,37,,40,,,23
2014-06-29,,,,,,,,,,,,,34,,44,,,22
2014-07-01,,,,,,,,,,,,,35,,45,,,20
2014-07-13,,,,,,,,,,,,,36,,41,,,23
2014-07-27,,,,,,,,,,,,,38,,38,,,24
2014-08-10,,,,,,,,,,,,,41,,37,,,22
2014-08-24,,,,,,,,,,,,,39,,40,,,21
2014-09-07,,,,,,,,,,,,,37,,37,,,26
2014-09-21,,,,,,,,,,,,,41,,37,,,22
2014-10-19,,,,,,,,,,,,,39,,38,,,23
2014-11-02,,,,,,,,,,,,,39,,38,,,23
2014-11-16,,,,,,,,,,,,,37,,43,,,20
2014-11-30,,,,,,,,,,,,,36,,43,,,21
2014-12-14,,,,,,,,,,,,,37,,44,,,19
2015-02-09,,,,,,,,,,,,,30,,48,,,22
2015-02-24,,,,,,,,,,,,,35,,43,,,22
2015-03-10,,,,,,,,,,,,,33,,44,,,23
2015-03-24,,,,,,,,,,,,,36,,41,,,23
2015-04-13,,,,,,,,,,,,,40,,41,,,19
2015-05-05,,,,,,,,,,,,,38,,38,,,24
2015-05-07,,,,,,,,,,,60,,,,14,,,26
2015-05-18,,,,,,,,,,,,,41,,40,,,19
2015-06-02,,,,,,,,,,,,,41,,37,,,22
2015-06-16,,,,,,,,,,,,,41,,38,,,21
2015-07-06,,,,,,,,,,,,,39,,39,,,22
2015-07-20,,,,,,,,,,,,,39,,36,,,25
2015-08-09,,,,,,,,,,,,,38,,38,,,24
2015-08-25,,,,,,,,,,,,,35,,40,,,25
2015-09-07,,,,,,,,,,,,,37,,41,,,22
2015-09-21,,,,,,,,,,,55,,,,21,,,24
2015-10-12,,,,,,,,,,,57,,,,19,,,24
2015-10-26,,,,,,,,,,,63,,,,17,,,20
2015-11-09,,,,,,,,,,,61,,,,18,,,21
2015-11-23,,,,,,,,,,,64,,,,15,,,21
2016-02-01,,,,,,,,,,,59,,,,20,,,21
2016-02-22,,,,,,,,,,,55,,,,21,,,24
2016-03-07,,,,,,,,,,,55,,,,21,,,24
2016-03-21,,,,,,,,,,,52,,,,21,,,27
2016-04-05,,,,,,,,,,,48,,,,27,,,25
2016-04-18,,,,,,,,,,,47,,,,28,,,25
2016-05-06,,,,,,,,,,,41,,,,32,,,27
2016-05-09,,,,,,,,,,,49,,,,27,,,24
2016-05-23,,,,,,,,,,,46,,,,31,,,23
2016-06-06,,,,,,,,,,,45,,,,30,,,25
2016-06-20,,,,,,,,,,,46,,,,31,,,23
2016-06-27,,,,,,,,,,,45,,,,30,,,25
2016-07-02,,,,,,,,,,,48,,,,31,,,21
2016-08-30,,,,,,,,,,,43,,,,32,,,25
2016-09-12,,,,,,,,,,,43,,,,31,,,26
2016-09-27,,,,,,,,,,,44,,,,33,,,23
2016-10-10,,,,,,,,,,,45,,,,30,,,25
2016-10-25,,,,,,,,,,,42,,,,32,,,26
2016-11-08,,,,,,,,,,,42,,,,32,,,26
2016-11-20,,,,,,,,,,,43,,,,33,,,24
2017-02-06,,,,,,,,,,,42,,,,30,,,28
2017-02-27,,,,,,,,,,,40,,,,33,,,27
2017-03-20,,,,,,,,,,,43,,,,29,,,28
2017-04-03,,,,,,,,,,,41,,,,32,,,27
2017-04-24,,,,,,,,,,,42,,,,33,,,25
2017-05-15,,,,,,,,,,,44,,,,31,,,25
2017-05-29,,,,,,,,,,,45,,,,33,,,22
2017-06-19,,,,,,,,,,,44,,,,31,,,25
2017-07-10,,,,,,,,,,,41,,,,33,,,26
2017-07-24,,,,,,,,,,,43,,,,32,,,25
2017-08-07,,,,,,,,,,,46,,,,31,,,23
2017-08-21,,,,,,,,,,,43,,,,33,,,24
2017-09-04,,,,,,,,,,,46,,,,29,,,25
2017-09-25,,,,,,,,,,,42,,,,31,,,27
2017-10-08,,,,,,,,,,,43,,,,32,,,25
2017-10-16,,,,,,,,,,,41,,,,33,,,26
2017-10-30,,,,,,,,,,,41,,,,33,,,26
2017-11-13,,,,,,,,,,,36,,,,34,,,30
2017-12-03,,,,,,,,,,,39,,,,33,,,28
2017-12-17,,,,,,,,,,,41,,,,34,,,25
2018-02-04,,,,,,,,,,,45,,,,31,,,24
2018-02-18,,,,,,,,,,,40,,,,33,,,27
2018-03-04,,,,,,,,,,,37,,,,35,,,28
2018-03-25,,,,,,,,,,,39,,,,36,,,25
2018-04-08,,,,,,,,,,,38,,,,36,,,26
2018-04-22,,,,,,,,,,,38,,,,35,,,27
2018-05-13,,,,,,,,,,,46,,,,32,,,22
2018-05-28,,,,,,,,,,,47,,,,30,,,23
2018-06-18,,,,,,,,,,,46,,,,31,,,23
2018-07-01,,,,,,,,,,,46,,,,31,,,23
2018-07-15,,,,,,,,,,,48,,,,29,,,23
2018-07-29,,,,,,,,,,,48,,,,29,,,23
2018-08-12,,,,,,,,,,,44,,,,32,,,24
2018-08-26,,,,,,,,,,,,,,,39,33,,28
2018-09-09,,,,,,,,,,,,,,,36,42,,22
2018-09-23,,,,,,,,,,,,,,,32,45,,23
2018-10-14,,,,,,,,,,,,,,,34,45,,21
2018-10-28,,,,,,,,,,,,,,,35,43,,22
2018-11-11,,,,,,,,,,,,,,,36,42,,22
2018-11-25,,,,,,,,,,,,,,,34,46,,20
2018-12-08,,,,,,,,,,,,,,,36,44,,20
2019-01-28,,,,,,,,,,,,,,,36,43,,21
2019-02-10,,,,,,,,,,,,,,,35,44,,21
2019-02-24,,,,,,,,,,,,,,,35,44,,21
2019-03-10,,,,,,,,,,,,,,,36,43,,21
2019-04-07,,,,,,,,,,,,,,,35,46,,19
2019-04-14,,,,,,,,,,,,,,,35,46,,19
2019-04-28,,,,,,,,,,,,,,,37,45,,18
2019-05-05,,,,,,,,,,,,,,,35,46,,19
2019-05-12,,,,,,,,,,,,,,,38,45,,17
2019-05-17,,,,,,,,,,,,,,,38,45,,15
2019-07-28,,,,,,,,,,,,,,,,48,31,21
2019-08-18,,,,,,,,,,,,,,,,48,30,22
2019-09-08,,,,,,,,,,,,,,,,48,28,24
2019-09-29,,,,,,,,,,,,,,,,50,31,19
2019-10-20,,,,,,,,,,,,,,,,47,32,21
2019-11-10,,,,,,,,,,,,,,,,46,32,22
2019-11-24,,,,,,,,,,,,,,,,46,35,19
2019-12-08,,,,,,,,,,,,,,,,48,34,18
2020-01-12,,,,,,,,,,,,,,,,39,43,18
2020-02-02,,,,,,,,,,,,,,,,38,43,19
2020-02-23,,,,,,,,,,,,,,,,40,41,19
2020-03-15,,,,,,,,,,,,,,,,42,38,20
2020-04-05,,,,,,,,,,,,,,,,53,29,18
2020-04-26,,,,,,,,,,,,,,,,56,28,16
2020-05-17,,,,,,,,,,,,,,,,56,29,15
2020-06-07,,,,,,,,,,,,,,,,56,26,18
2020-06-28,,,,,,,,,,,,,,,,58,26,18
2020-07-19,,,,,,,,,,,,,,,,59,26,15
2020-08-09,,,,,,,,,,,,,,,,60,25,15
2020-08-30,,,,,,,,,,,,,,,,58,29,13
2020-09-20,,,,,,,,,,,,,,,,59,27,14
2020-10-11,,,,,,,,,,,,,,,,57,28,15
2020-11-08,,,,,,,,,,,,,,,,58,29,13
2020-11-29,,,,,,,,,,,,,,,,60,28,12
2021-01-31,,,,,,,,,,,,,,,,57,29,14
2021-02-21,,,,,,,,,,,,,,,,61,26,13
2021-03-14,,,,,,,,,,,,,,,,56,30,14
2021-03-28,,,,,,,,,,,,,,,,52,32,16
2021-04-25,,,,,,,,,,,,,,,,56,30,14
2021-05-16,,,,,,,,,,,,,,,,55,30,15
2021-06-06,,,,,,,,,,,,,,,,53,32,15
2021-06-27,,,,,,,,,,,,,,,,53,33,14
2021-07-18,,,,,,,,,,,,,,,,51,33,16
2021-08-08,,,,,,,,,,,,,,,,49,36,15
2021-08-29,,,,,,,,,,,,,,,,50,34,16
2021-09-19,,,,,,,,,,,,,,,,47,35,18
2021-10-03,,,,,,,,,,,,,,,,47,34,19
2021-10-24,,,,,,,,,,,,,,,,48,34,18
2021-11-14,,,,,,,,,,,,,,,,46,38,16
2021-12-05,,,,,,,,,,,,,,,,45,36,19
2022-01-30,,,,,,,,,,,,,,,,43,41,16
2022-02-13,,,,,,,,,,,,,,,,43,38,19
2022-02-27,,,,,,,,,,,,,,,,42,40,18
2022-03-13,,,,,,,,,,,,,,,,42,42,16
2022-04-03,,,,,,,,,,,,,,,,43,42,15
