date,election,alp,coalition,flow_alp,flow_coalition,mode
1901-03-30,1,##,##,,,
1903-12-16,1,##,##,,,
1906-12-12,1,##,##,,,
1910-04-13,1,##,##,,,
1913-05-31,1,##,##,,,
1914-09-05,1,##,##,,,
1917-05-05,1,##,##,,,
1919-12-13,1,44.1,55.9,,,
1922-12-16,1,44.9,55.1,,,
1925-11-14,1,45.9,54.1,,,
1928-11-17,1,46.7,53.3,,,
1929-10-12,1,51.9,48.1,,,
1931-12-19,1,41.9,58.1,,,
1934-09-15,1,45.8,54.2,,,
1937-10-23,1,46.6,53.4,,,
1940-09-21,1,50.3,49.7,,,
1943-08-21,1,58.2,41.8,,,
1946-09-28,1,52.2,47.8,,,
1949-12-10,1,49,51,,,
1951-04-28,1,49.3,50.7,,,
1954-05-29,1,50.7,49.3,,,
1955-12-10,1,45.8,54.2,,,
1958-11-22,1,45.9,54.1,,,
1961-12-09,1,50.5,49.5,,,
1963-11-30,1,47.4,52.6,,,
1966-11-26,1,43.1,56.9,,,
1969-10-25,1,50.2,49.8,,,
1972-12-02,1,52.7,47.3,,,
1974-05-18,1,51.7,48.3,,,
1975-12-13,1,44.3,55.7,,,
1977-12-10,1,45.4,54.6,,,
1980-10-18,1,49.6,50.4,,,
1983-03-05,1,53.2,46.8,,,
1984-12-01,1,51.8,48.2,,,
1987-07-11,1,50.8,49.2,,,
1990-03-24,1,49.9,50.1,,,
1993-03-13,1,51.4,48.6,,,
1996-03-02,1,46.4,53.6,,,
1996-03-23,,44,56,,,
1996-04-06,,43.5,56.5,,,
1996-04-20,,45.5,54.5,,,
1996-05-05,,41.5,58.5,,,
1996-05-18,,42.5,57.5,,,
1996-06-01,,43,57,,,
1996-06-22,,45.5,55.5,,,
1996-07-04,,42,58,,,
1996-07-18,,42.5,57.5,,,
1996-08-01,,41.5,58.5,,,
1996-08-15,,43.5,56.5,,,
1996-08-29,,43.5,56.5,,,
1996-09-12,,46.5,53.5,,,
1996-09-26,,44,56,,,
1996-10-10,,45.5,55.5,,,
1996-10-24,,42,58,,,
1996-11-07,,43.5,56.5,,,
1996-11-21,,44,56,,,
1996-12-05,,44.5,55.5,,,
1996-12-19,,45.5,54.5,,,
1997-01-16,,43,57,,,
1997-01-30,,43.5,56.5,,,
1997-02-13,,46.5,53.5,,,
1997-02-27,,45.5,54.5,,,
1997-03-13,,42.5,57.5,,,
1997-03-20,,44.5,55.5,,,
1997-03-26,,47,53,,,
1997-04-10,,44.5,55.5,,,
1997-04-23,,48,52,,,
1997-05-08,,44.5,55.5,,,
1997-05-15,,48.5,51.5,,,
1997-05-22,,45,55,,,
1997-06-05,,45,55,,,
1997-06-19,,45.5,54.5,,,
1997-07-03,,48,52,,,
1997-07-17,,48,52,,,
1997-07-31,,49,51,,,
1997-08-07,,54.5,45.5,,,
1997-08-16,,46.5,53.5,,,
1997-08-28,,49,51,,,
1997-09-11,,48.5,51.5,,,
1997-09-18,,48,52,,,
1997-09-25,,50,50,,,
1997-10-09,,42.5,57.5,,,
1997-10-16,,53,47,,,
1997-10-30,,53.5,46.5,,,
1997-11-13,,53.5,46.5,,,
1997-11-27,,54.5,45.5,,,
1997-12-11,,48.5,51.5,,,
1998-01-15,,52,48,,,
1998-01-29,,52.5,47.5,,,
1998-02-12,,52.5,47.5,,,
1998-02-26,,51,49,,,
1998-03-12,,50,50,,,
1998-03-26,,50.5,49.5,,,
1998-04-09,,50,50,,,
1998-04-16,,47,53,,,
1998-04-23,,53.5,46.5,,,
1998-04-30,,50.5,49.5,,,
1998-05-14,,51.5,48.5,,,
1998-05-28,,53,47,,,
1998-06-11,,51.5,48.5,,,
1998-06-18,,53,47,,,
1998-07-02,,53.5,46.5,,,
1998-07-12,,57.5,42.5,,,
1998-07-26,,56,44,,,
1998-08-09,,58,42,,,
1998-08-16,,54.5,45.5,,,
1998-08-23,,54.5,45.5,,,
1998-08-30,,55.5,44.5,,,
1998-09-06,,54.5,46.5,,,
1998-09-13,,55,45,,,
1998-09-20,,55.5,44.5,,,
1998-09-24,,50.5,49.5,,,
1998-10-01,1,51,49,,,
1998-10-03,1,51,49,,,
1998-10-18,,51,49,,,
1998-11-01,,54.5,45.5,,,
1998-11-15,,52.5,47.5,,,
1998-11-29,,55,45,,,
1998-12-13,,52,48,,,
1999-01-17,,54,46,,,
1999-01-31,,53.5,46.5,,,
1999-02-14,,52,48,,,
1999-02-28,,51,49,,,
1999-03-14,,55.5,44.5,,,
1999-03-28,,54,46,,,
1999-04-11,,55,45,,,
1999-04-25,,55,45,,,
1999-05-09,,56.5,43.5,,,
1999-05-23,,54,46,,,
1999-06-06,,52,48,,,
1999-06-20,,54.5,45.5,,,
1999-07-04,,53.5,46.5,,,
1999-07-18,,51.5,48.5,,,
1999-08-01,,53.5,46.5,,,
1999-08-15,,50.5,49.5,,,
1999-08-22,,50,50,,,
1999-08-29,,54.5,45.5,,,
1999-09-12,,51.5,48.5,,,
1999-09-26,,52.5,47.5,,,
1999-10-10,,51.5,48.5,,,
1999-10-24,,53,47,,,
1999-11-07,,51,49,,,
1999-11-21,,53.5,46.5,,,
1999-12-05,,52.5,47.5,,,
1999-12-19,,55.5,44.5,,,
2000-01-16,,56,44,,,
2000-01-30,,56.5,43.5,,,
2000-02-13,,57.5,42.5,,,
2000-02-20,,56.5,43.5,,,
2000-02-27,,55,45,,,
2000-03-12,,56.5,43.5,,,
2000-03-26,,54.5,45.5,,,
2000-04-09,,57,43,,,
2000-04-23,,56.5,43.5,,,
2000-05-07,,57.5,42.5,,,
2000-05-21,,57.5,42.5,,,
2000-06-04,,58.5,41.5,,,
2000-06-18,,60,40,,,
2000-07-02,,58.5,41.5,,,
2000-07-09,,55.5,44.5,,,
2000-07-16,,54,46,,,
2000-07-30,,55.5,44.5,,,
2000-08-13,,52,48,,,
2000-08-27,,55,45,,,
2000-09-10,,56.5,43.5,,,
2000-09-24,,56,44,,,
2000-10-08,,56.5,43.5,,,
2000-10-22,,57,43,,,
2000-11-05,,57.5,42.5,,,
2000-11-19,,55.5,44.5,,,
2000-12-03,,55,45,,,
2000-12-17,,56,44,,,
2001-01-14,,57.5,42.5,,,
2001-01-28,,54,46,,,
2001-02-11,,57,43,,,
2001-02-25,,63,37,,,
2001-03-11,,61.5,38.5,,,
2001-03-25,,60,40,,,
2001-04-08,,59.5,40.5,,,
2001-04-22,,59.5,40.5,,,
2001-05-06,,59.5,40.5,,,
2001-05-20,,61,39,,,
2001-05-27,,57,43,,,
2001-06-03,,60,40,,,
2001-06-17,,57,43,,,
2001-07-01,,56.5,43.5,,,
2001-07-15,,55,45,,,
2001-07-29,,56.5,43.5,,,
2001-08-12,,55.5,44.5,,,
2001-08-26,,57,43,,,
2001-09-02,,52,48,,,
2001-09-09,,55,45,,,
2001-09-16,,51,49,,,
2001-09-23,,51,49,,,
2001-10-07,,50,50,,,
2001-10-14,,45,55,,,
2001-10-21,,51.5,48.5,,,
2001-10-28,,52.5,47.5,,,
2001-11-04,,54.5,45.5,,,
2001-11-10,1,49,51,,,
2002-01-13,,50,50,,,
2002-01-27,,52.5,47.5,,,
2002-02-10,,49,51,,,
2002-02-24,,51,49,,,
2002-03-10,,51.5,48.5,,,
2002-03-24,,54,46,,,
2002-04-07,,53.5,46.5,,,
2002-04-21,,50,50,,,
2002-05-05,,52.5,47.5,,,
2002-05-19,,54,46,,,
2002-06-02,,53.5,46.5,,,
2002-06-16,,51.5,48.5,,,
2002-06-24,,51,49,,,
2002-07-14,,54,46,,,
2002-07-28,,50,50,,,
2002-08-11,,52.5,47.5,,,
2002-08-25,,54,46,,,
2002-09-08,,53,47,,,
2002-09-22,,51.5,48.5,,,
2002-10-06,,51,49,,,
2002-10-20,,51,49,,,
2002-11-03,,47.5,52.5,,,
2002-11-17,,47,53,,,
2002-12-01,,51,49,,,
2002-12-15,,49.5,50.5,,,
2003-01-12,,50,50,,,
2003-01-26,,52,48,,,
2003-02-09,,52.5,47.5,,,
2003-02-23,,49,51,,,
2003-03-09,,53.5,46.5,,,
2003-03-16,,53.5,46.5,,,
2003-03-23,,47.5,52.5,,,
2003-04-06,,54,46,,,
2003-04-13,,51,49,,,
2003-04-20,,49,51,,,
2003-05-04,,50,50,,,
2003-05-18,,50,50,,,
2003-06-01,,53,47,,,
2003-06-15,,49,51,,,
2003-06-29,,49,51,,,
2003-07-27,,50,50,,,
2003-08-10,,49.5,50.5,,,
2003-08-17,,48.5,51.5,,,
2003-08-24,,52,48,,,
2003-09-07,,52,48,,,
2003-09-21,,52,48,,,
2003-10-05,,49.5,50.5,,,
2003-10-19,,50,50,,,
2003-11-02,,53,47,,,
2003-11-16,,49.5,50.5,,,
2003-11-23,,52,48,,,
2003-11-30,,52,48,,,
2003-12-07,,52.5,47.5,,,
2003-12-21,,54,46,,,
2004-01-11,,55.5,44.5,,,
2004-01-25,,55,45,,,
2004-02-08,,56.5,43.5,,,
2004-02-22,,55.5,44.5,,,
2004-03-07,,55.5,44.5,,,
2004-03-21,,55.5,44.5,,,
2004-04-04,,55,45,,,
2004-04-18,,54.5,45.5,,,
2004-05-02,,53.5,46.5,,,
2004-05-16,,52.5,47.5,,,
2004-05-30,,55,45,,,
2004-06-13,,53,47,,,
2004-06-27,,54,46,,,
2004-07-04,,51.5,48.5,,,
2004-07-11,,54,46,,,
2004-07-25,,53,47,,,
2004-08-08,,53.5,46.5,,,
2004-08-22,,55.5,44.5,,,
2004-09-05,,56,44,,,
2004-09-12,,54.5,45.5,,,
2004-09-19,,53,47,,,
2004-09-26,,50,50,,,
2004-10-03,,51.5,48.5,,,
2004-10-08,,51,49,,,
2004-10-09,1,47.3,52.7,,,
2004-10-17,,47.5,52.5,,,
2004-11-07,,49.5,50.5,,,
2004-11-21,,49.5,50.5,,,
2004-12-05,,47,53,,,
2004-12-19,,47.5,52.5,,,
2005-01-16,,47,53,,,
2005-01-30,,48.5,51.5,,,
2005-02-13,,48,52,,,
2005-02-27,,48,52,,,
2005-03-06,,52,48,,,
2005-03-13,,48,52,,,
2005-03-27,,49.5,50.5,,,
2005-04-10,,53,47,,,
2005-04-24,,51,49,,,
2005-05-08,,52,48,,,
2005-05-15,,50.5,49.5,,,
2005-05-29,,48.5,51.5,,,
2005-06-12,,50,50,,,
2005-06-26,,50.5,49.5,,,
2005-07-10,,51,49,,,
2005-07-24,,50.5,49.5,,,
2005-08-07,,52,48,,,
2005-08-21,,53.5,46.5,,,
2005-09-04,,48.5,51.5,,,
2005-09-11,,53,47,,,
2005-09-18,,47.5,52.5,,,
2005-10-02,,50.5,49.5,,,
2005-10-16,,53,47,,,
2005-10-30,,53,47,,,
2005-11-06,,54,46,,,
2005-11-12,,49,51,,,
2005-11-27,,57,43,,,
2005-12-11,,54,46,,,
2005-12-18,,52,48,,,
2006-01-15,,54,46,,,
2006-01-29,,50,50,,,
2006-02-05,,52.5,47.5,,,
2006-02-19,,52.5,47.5,,,
2006-03-05,,50,50,,,
2006-03-19,,49,51,,,
2006-04-02,,54,46,,,
2006-04-16,,54,46,,,
2006-04-30,,51.5,48.5,,,
2006-05-07,,53.5,46.5,,,
2006-05-14,,51,49,,,
2006-05-28,,51.5,48.5,,,
2006-06-11,,53,47,,,
2006-06-25,,51,49,,,
2006-07-09,,53.5,46.5,,,
2006-07-16,,48,52,,,
2006-07-30,,53.5,46.5,,,
2006-08-13,,53,47,,,
2006-08-27,,54,46,,,
2006-09-10,,55,45,,,
2006-09-24,,53,47,,,
2006-10-08,,54.5,45.5,,,
2006-10-22,,53,47,,,
2006-11-05,,52.5,47.5,,,
2006-11-19,,53,47,,,
2006-12-03,,52.5,47.5,,,
2006-12-10,,59,41,,,
2006-12-17,,59,41,,,
2007-01-14,,57.5,42.5,,,
2007-01-28,,54.5,45.5,,,
2007-02-04,,57.5,42.5,,,
2007-02-18,,57,43,,,
2007-02-25,,61.5,38.5,,,
2007-03-04,,61.5,38.5,,,
2007-03-11,,61,39,,,
2007-03-18,,58.5,41.5,,,
2007-04-01,,60,40,,,
2007-04-15,,59.5,40.5,,,
2007-04-29,,61,39,,,
2007-05-06,,60,40,,,
2007-05-13,,59.5,40.5,,,
2007-05-20,,60,40,,,
2007-05-27,,57.5,42.5,,,
2007-06-03,,58,42,,,
2007-06-17,,57.5,42.5,,,
2007-07-01,,59,41,,,
2007-07-15,,55,45,,,
2007-07-29,,55,45,,,
2007-08-12,,58.5,41.5,,,
2007-08-26,,54.5,45.5,,,
2007-09-02,,60,40,,,
2007-09-09,,59,41,,,
2007-09-16,,56.5,43.5,,,
2007-09-23,,60.5,39.5,,,
2007-09-30,,61,39,,,
2007-10-07,,57.5,42.5,,,
2007-10-14,,57,43,,,
2007-10-18,,55.5,44.5,,,phone
2007-10-21,,56,44,,,
2007-10-25,,54.5,45.5,,,phone
2007-10-28,,57.5,42.5,,,
2007-11-04,,62,38,,,
2007-11-08,,56,44,,,phone
2007-11-11,,56.5,43.5,,,
2007-11-17,,55.5,44.5,,,phone
2007-11-18,,56.5,43.5,,,face
2007-11-22,,54.5,45.5,,,phone
2007-11-23,,53.5,46.5,,,phone
2007-11-24,1,52.7,47.3,,,
2007-12-06,,58.5,41.5,,,phone
2007-12-09,,60.5,39.5,,,face
2008-01-13,,61.5,38.5,,,face
2008-01-24,,63,37,,,phone
2008-01-27,,59,41,,,face
2008-01-31,,60,40,,,phone
2008-02-10,,62.5,37.5,,,face
2008-02-24,,64.5,35.5,,,face
2008-03-09,,65,35,,,face
2008-03-12,,61,39,,,phone
2008-03-23,,63.5,36.5,,,face
2008-04-03,,60.5,39.5,,,phone
2008-04-06,,62,38,,,face
2008-04-10,,63.5,36.5,,,phone
2008-04-13,,62,38,,,face
2008-04-17,,62.5,37.5,,,phone
2008-04-27,,61.5,38.5,,,face
2008-05-04,,62,38,,,face
2008-05-11,,58,42,,,phone
2008-05-18,,60.5,39.5,,,face
2008-05-25,,61,39,,,face
2008-05-31,,63,37,,,face
2008-06-08,,58.5,41.5,,,face
2008-06-09,,56,44,,,phone
2008-06-22,,61,39,,,face
2008-07-06,,59,41,,,face
2008-07-13,,60,40,,,face
2008-07-20,,55,45,,,face
2008-08-03,,55,45,,,face
2008-08-17,,57,43,,,face
2008-08-31,,58,42,,,face
2008-09-14,,55.5,44.5,,,face
2008-09-25,,57,43,,,phone
2008-09-28,,57.5,42.5,,,face
2008-10-09,,57.5,42.5,,,phone
2008-10-12,,57.5,42.5,,,face
2008-10-16,,57.5,42.5,,,phone
2008-10-26,,56.5,43.5,,,face
2008-11-09,,58.5,41.5,,,face
2008-11-23,,59.5,40.5,,,face
2008-12-07,,59.5,40.5,,,face
2008-12-21,,60,40,,,face
2009-01-11,,60,40,,,face
2009-01-25,,59.5,40.5,,,face
2009-02-01,,56,44,,,face
2009-02-08,,60,40,,,face
2009-02-15,,59.5,40.5,,,face
2009-03-01,,61.5,38.5,,,face
2009-03-08,,60.5,39.5,,,face
2009-03-15,,57,43,,,face
2009-03-29,,61,39,,,face
2009-04-12,,61,39,,,face
2009-04-26,,59,41,,,face
2009-05-10,,60,40,,,face
2009-05-17,,58,42,,,face
2009-05-21,,54.5,45.5,,,phone
2009-05-31,,58,42,,,face
2009-06-04,,54.5,45.5,,,phone
2009-06-11,,57.5,42.5,,,phone
2009-06-14,,57,43,,,face
2009-06-21,,55,45,,,face
2009-07-02,,56,44,,,phone
2009-07-05,,58,42,,,face
2009-07-19,,57.5,42.5,,,face
2009-08-02,,60.5,39.5,,,face
2009-08-06,,57,43,,,phone
2009-08-16,,58,42,,,face
2009-08-30,,61,39,,,face
2009-09-13,,62,38,,,face
2009-09-27,,59.5,40.5,,,face
2009-10-08,,58,42,,,phone
2009-10-11,,60,40,,,face
2009-10-25,,60.5,39.5,,,face
2009-11-01,,61,39,,,face
2009-11-08,,56,44,,,face
2009-11-12,,52,48,,,phone
2009-11-15,,56.5,43.5,,,face
2009-11-22,,58.5,41.5,,,face
2009-11-29,,58.5,41.5,,,face
2009-12-03,,53,47,,,phone
2009-12-09,,53,47,,,phone
2009-12-13,,59,41,,,face
2010-01-03,,57,43,,,face
2010-01-14,,54.5,45.5,,,phone
2010-01-17,,58.5,41.5,,,face
2010-01-31,,56.5,43.5,,,face
2010-02-11,,53.5,46.5,,,phone
2010-02-14,,57.5,42.5,,,face
2010-02-21,,56.5,43.5,,,face
2010-03-07,,55.5,44.5,,,face
2010-03-21,,56.5,43.5,,,face
2010-04-04,,58,42,,,face
2010-04-18,,56,44,,,face
2010-04-25,,54.5,45.5,,,face
2010-05-05,,50,50,,,phone
2010-05-09,,51.5,48.5,,,face
2010-05-13,,48,52,,,phone
2010-05-16,,50.5,49.5,,,face
2010-05-23,,54.5,45.5,,,face
2010-05-27,,50,50,,,phone
2010-05-30,,52.5,47.5,,,face
2010-06-06,,52,48,,,face
2010-06-13,,51.5,48.5,,,face
2010-06-20,,53,47,,,face
2010-06-28,,48.5,51.5,,,phone
2010-07-04,,55,45,,,face
2010-07-11,,54.5,45.5,,,face
2010-07-18,,56,44,,,face
2010-07-21,,55.5,44.5,,,phone
2010-07-25,,55.5,44.5,,,face
2010-07-28,,53,47,,,phone
2010-08-01,,53,47,,,face
2010-08-03,,50,50,,,phone
2010-08-08,,57.5,42.5,,,face
2010-08-14,,51,49,,,phone
2010-08-15,,52,48,,,face
2010-08-19,,51,49,,,phone
2010-08-20,,51,49,,,phone
2010-08-21,,51,49,,,
2010-08-21,,51.5,48.5,,,phone
2010-08-21,1,50.1,49.9,,,
2010-08-23,,50.5,49.5,,,
2010-08-26,,51.5,48.5,,,phone
2010-09-05,,54.5,45.5,,,
2010-09-09,,50,50,,,
2010-09-16,,52,48,,,phone
2010-09-19,,54,46,,,face
2010-10-03,,55.5,44.5,,,face
2010-10-17,,54,46,,,face
2010-10-31,,54,46,,,face
2010-11-14,,54,46,,,face
2010-11-28,,52.5,47.5,,,face
2010-12-05,,52.5,47.5,,,face
2010-12-12,,48.5,51.5,,,face
2010-12-12,,45.5,54.5,,,phone
2011-01-09,,50,50,,,face
2011-01-23,,52,48,,,face
2011-02-03,,49.5,50.5,,,phone
2011-02-06,,50,50,,,face
2011-02-20,,49.5,50.5,,,face
2011-02-23,,48.5,51.5,,,phone
2011-02-27,,51.5,48.5,,,face
2011-03-06,,48.5,51.5,,,face
2011-03-10,,44.5,55.5,,,phone
2011-03-13,,48.5,51.5,,,face
2011-03-17,,49.5,50.5,,,phone
2011-03-20,,52,48,,,face
2011-03-24,,45.5,54.5,,,phone
2011-03-27,,49,51,,,face
2011-04-03,,44.5,55.5,,,face
2011-04-17,,45,55,,,face
2011-05-01,,46.5,53.5,,,face
2011-05-05,,46,54,,,phone
2011-05-08,,45.5,54.5,,,face
2011-05-15,,46.5,53.5,,,face
2011-05-29,,46,54,,,face
2011-05-31,,41,59,,,phone
2011-06-05,,43.5,56.5,,,face
2011-06-19,,45.5,54.5,,,face
2011-07-03,,41.5,58.5,,,face
2011-07-10,,44,56,,,face
2011-07-14,,39.5,60.5,,,phone
2011-07-24,,43.5,56.5,,,face
2011-08-07,,43.5,56.5,,,face
2011-08-10,,43,57,,,phone
2011-08-21,,41.5,58.5,,,face
2011-09-04,,42,58,,,face
2011-09-18,,42,58,,,face
2011-10-02,,43,57,,,face
2011-10-09,,47.5,52.5,,,face
2011-10-16,,46.5,53.5,,,face
2011-10-23,,43.5,56.5,,,face
2011-10-26,,44.5,55.5,,,phone
2011-10-30,,44,56,,,face
2011-11-03,,48.5,51.5,,,phone
2011-11-13,,43.5,56.5,,,face
2011-11-20,,45.5,54.5,,,face
2011-12-04,,44.5,55.5,,,face
2011-12-18,,46.5,53.5,,,face
2012-01-08,,46,54,,,face
2012-01-18,,45.5,54.5,,,phone
2012-01-22,,48,52,,,face
2012-01-29,,50.5,49.5,,,face
2012-02-05,,46.5,53.5,,,face
2012-02-08,,45,55,,,phone
2012-02-19,,48,52,,,face
2012-02-26,,48,52,,,face
2012-03-04,,48,52,,,face
2012-03-18,,46,54,,,face
2012-03-25,,45,55,,,face
2012-04-01,,42.5,57.5,,,face
2012-04-15,,40.5,59.5,,,face
2012-04-19,,43,57,,,phone
2012-04-22,,41.5,58.5,,,face
2012-05-06,,39.5,60.5,,,face
2012-05-10,,42,58,,,phone
2012-05-13,,41,59,,,face
2012-05-20,,42,58,,,face
2012-05-27,,38.5,61.5,,,face
2012-06-03,,42,58,,,face
2012-06-10,,45,55,,,face
2012-06-24,,43.5,56.5,,,face
2012-07-08,,42.5,57.5,,,face
2012-07-22,,43,57,,,face
2012-08-05,,44,56,,,face
2012-08-19,,46,54,,,face
2012-09-02,,46.5,53.5,,,face
2012-09-16,,46.5,53.5,,,face
2012-09-20,,49.5,50.5,,,phone
2012-09-23,,48,52,,,face
2012-10-07,,48,52,,,face
2012-10-21,,50.5,49.5,,,face
2012-11-04,,46.5,53.5,,,face
2012-11-18,,50.5,49.5,,,face
2012-11-29,,49,51,,,phone
2012-12-02,,47.5,52.5,,,face
2012-12-16,,52.5,47.5,,,face
2013-01-13,,48,52,,,face
2013-01-27,,49.5,50.5,,,face
2013-02-03,,48.5,51.5,,,face
2013-02-10,,44,56,,,face
2013-02-24,,45.5,54.5,,,face
2013-02-28,,45.5,54.5,,,multi-mode
2013-03-10,,42.5,57.5,,,multi-mode
2013-03-17,,45.5,54.5,,,multi-mode
2013-03-24,,43,57,,,multi-mode
2013-03-31,,41,59,,,multi-mode
2013-04-07,,43.5,56.5,,,multi-mode
2013-04-14,,44.5,55.5,,,multi-mode
2013-04-21,,45.5,54.5,,,multi-mode
2013-04-28,,42,58,,,multi-mode
2013-05-05,,44,56,,,multi-mode
2013-05-12,,44,56,,,multi-mode
2013-05-19,,45,55,,,multi-mode
2013-05-26,,45.5,54.5,,,multi-mode
2013-06-02,,45,55,,,multi-mode
2013-06-10,,44,56,,,multi-mode
2013-06-16,,46.5,53.5,,,multi-mode
2013-06-23,,44.5,55.5,,,multi-mode
2013-06-26,,49.5,50.5,,,sms
2013-06-30,,51.5,48.5,,,multi-mode
2013-07-07,,54.5,45.5,,,multi-mode
2013-07-14,,52.5,47.5,,,multi-mode
2013-07-21,,52.5,47.5,,,multi-mode
2013-07-28,,52,48,,,multi-mode
2013-08-04,,50,50,,,multi-mode
2013-08-11,,50,50,,,multi-mode
2013-08-18,,49,51,,,multi-mode
2013-08-25,,48.5,51.5,,,multi-mode
2013-08-29,,47,53,,,multi-mode
2013-08-31,,48,52,,,multi-mode
2013-09-06,,46.5,53.5,,,multi-mode
2013-09-07,,47,53,,,sms
2013-09-07,1,46.5,53.5,,,
2013-09-22,,49.5,50.5,,,multi-mode
2013-10-06,,50.5,49.5,,,multi-mode
2013-10-20,,48.5,51.5,,,multi-mode
2013-11-03,,50,50,,,multi-mode
2013-11-17,,49,51,,,multi-mode
2013-12-01,,51.5,48.5,,,multi-mode
2013-12-15,,52.5,47.5,,,multi-mode
2014-01-12,,52.5,47.5,,,multi-mode
2014-01-26,,53,47,,,multi-mode
2014-02-09,,52,48,,,multi-mode
2014-02-23,,50.5,49.5,,,multi-mode
2014-03-09,,53.5,46.5,,,multi-mode
2014-03-23,,54.5,45.5,,,multi-mode
2014-04-06,,51.5,48.5,,,multi-mode
2014-04-20,,52,48,,,multi-mode
2014-05-04,,55,45,,,multi-mode
2014-05-18,,57.5,42.5,,,multi-mode
2014-06-01,,56.5,43.5,,,multi-mode
2014-06-08,,60.5,39.5,,,multi-mode
2014-06-15,,55.5,44.5,,,multi-mode
2014-06-29,,57.5,42.5,,,multi-mode
2014-07-13,,56.5,43.5,,,multi-mode
2014-07-27,,54.5,45.5,,,multi-mode
2014-08-10,,56,44,,,multi-mode
2014-08-24,,55.5,44.5,,,multi-mode
2014-09-07,,54,46,,,multi-mode
2014-09-21,,54.5,45.5,,,multi-mode
2014-10-05,,53,47,,,multi-mode
2014-10-19,,52,48,,,multi-mode
2014-11-02,,54.5,45.5,,,multi-mode
2014-11-16,,55.5,44.5,,,multi-mode
2014-11-30,,53.5,46.5,,,multi-mode
2014-12-14,,57.5,42.5,,,multi-mode
2015-01-11,,54.5,45.5,,,multi-mode
2015-01-27,,56.5,43.5,,,multi-mode
2015-02-08,,57.5,42.5,,,multi-mode
2015-02-22,,56,44,,,multi-mode
2015-03-08,,53.5,46.5,,,multi-mode
2015-03-22,,56,44,,,multi-mode
2015-04-06,,53,47,,,multi-mode
2015-04-19,,53,47,,,multi-mode
2015-05-03,,53.5,46.5,,,multi-mode
2015-05-17,,51,49,,,multi-mode
2015-05-31,,53,47,,,multi-mode
2015-06-14,,54.5,45.5,,,multi-mode
2015-06-28,,53.5,46.5,,,multi-mode
2015-07-12,,51,49,,,multi-mode
2015-07-26,,54,46,,,multi-mode
2015-08-09,,57,43,,,multi-mode
2015-08-23,,54.5,45.5,,,multi-mode
2015-09-06,,55,45,,,multi-mode
2015-09-13,,57,43,,,face
2015-09-20,,45,55,,,multi-mode
2015-10-05,,44,56,,,multi-mode
2015-10-18,,44,56,,,multi-mode
2015-11-01,,43.5,56.5,,,multi-mode
2015-11-15,,44,56,,,multi-mode
2015-11-29,,44,56,,,multi-mode
2015-12-13,,42.5,57.5,,,multi-mode
2016-01-10,,44,56,,,multi-mode
2016-01-24,,45,55,,,multi-mode
2016-02-07,,47.5,52.5,,,multi-mode
2016-02-21,,47.5,52.5,,,multi-mode
2016-03-06,,47,53,,,multi-mode
2016-03-20,,50.5,49.5,,,multi-mode
2016-04-03,,47.5,52.5,,,multi-mode
2016-04-17,,50,50,,,multi-mode
2016-05-01,,51,49,,,multi-mode
2016-05-15,,52.5,47.5,,,multi-mode
2016-05-29,,51,49,,,multi-mode
2016-07-02,1,49.7,50.3,,,
2018-03-11,,54,46,53.5,46.5,
2018-03-25,,51,49,51.5,48.5,
2018-08-19,,50.5,49.5,51,49,
2018-08-26,,54,46,53.5,46.5,
2019-02-10,,55.5,44.5,55,45,
2019-02-17,,52.5,47.5,52,48,
2019-03-24,,55,45,54.5,45.5,
2019-04-07,,52.5,47.5,52,48,
2019-04-21,,51,49,51,49,
2019-04-28,,51,49,51,49,
2019-05-05,,51,49,51,49,
2019-05-18,1,48.5,51.5,,,
2020-03-08,,53,47,51,49,
2020-04-26,,48.5,51.5,47,53,
2020-05-24,,47.5,52.5,45.5,54.5,
2020-06-21,,49.5,50.5,48,52,
2020-07-19,,48.5,51.5,47.5,52.5,
2020-08-16,,46,54,44.5,55.5,
2020-10-25,,49.5,50.5,48,52,
2020-11-22,,49.5,50.5,48,52,
2021-02-14,,50.5,49.5,49,51,
2021-03-14,,50.5,49.5,49,51,
2021-06-06,,51,49,49.5,50.5,
2021-06-20,,50.5,49.5,49,51,
2021-07-18,,52.5,47.5,51,49,
2021-08-01,,53.5,46.5,52,48,
2021-08-15,,54,46,52.5,47.5,
2021-08-29,,54.5,45.5,53,47,
2021-09-12,,52.5,47.5,51,49,
2021-09-26,,54,46,52.5,47.5,
2021-10-10,,53,47,51.5,48.5,
2021-10-24,,54,46,52.5,47.5,
2021-11-07,,53.5,46.5,52,48,
2021-11-21,,55.5,44.5,54,46,
2021-12-05,,56.5,43.5,55,45,
2021-12-19,,55.5,44.5,54,46,
2022-01-16,,56,44,54.5,45.5,
2022-01-30,,56.5,43.5,55,45,
2022-02-13,,57,43,55.5,44.5,
2022-02-23,,56.5,43.5,55,45,
2022-03-02,,56.5,43.5,55,45,
2022-03-13,,56,44,54.5,45.5,
2022-03-20,,58,42,56.5,43.5,
2022-03-27,,55.5,44.5,54,46,
2022-04-03,,57,43,55.5,44.5,
2022-04-10,,57,43,55.5,44.5,
2022-04-17,,55,45,53.5,46.5,
2022-04-24,,54.5,45.5,53,47,
2022-05-01,,55.5,44.5,54,46,
2022-05-08,,56,44,54.5,45.5,
2022-05-15,,56.5,43.5,53,47,
2022-05-21,1,52.1,47.9,,,
2022-08-14,,53,47,,,
2022-08-21,,52.7,47.3,,,
2022-08-28,,52,48,,,
2022-09-04,,53.5,46.5,,,
2022-09-11,,53.6,46.4,,,
2022-09-18,,54.7,45.3,,,
2022-09-25,,54.5,45.5,,,
2022-10-02,,55,45,,,
2022-10-09,,54.9,45.1,,,
2022-10-16,,54.8,45.2,,,
2022-10-23,,54.5,45.5,,,
2022-10-30,,55.6,44.4,,,
2022-11-06,,53.3,46.7,,,
2022-11-13,,53.4,46.6,,,
2022-11-20,,53.4,46.6,,,
2022-11-27,,52.3,47.7,,,
2022-12-04,,54.6,45.4,,,
2022-12-11,,56.6,43.4,,,
2022-12-16,,58.7,41.3,,,
2023-01-08,,58.6,41.4,,,
2023-01-15,,59.4,40.6,,,
2023-01-22,,58.9,41.1,,,
2023-01-29,,56.9,58.9,,,
2023-02-05,,58.4,41.6,,,
2023-02-12,,56.4,43.6,,,
2023-02-19,,58.3,41.7,,,
2023-02-26,,56.5,43.5,,,
2023-03-05,,54.6,45.4,,,
2023-03-12,,56.3,43.7,,,
2023-03-19,,58.1,41.9,,,
2023-03-26,,56.8,43.2,,,
2023-04-02,,54.5,45.5,,,
2023-04-09,,56.2,43.8,,,
2023-04-16,,56.2,43.8,,,
2023-04-23,,56.5,43.5,,,
2023-04-30,,53.6,46.4,,,
2023-05-07,,54.7,45.3,,,
2023-05-14,,57,43,,,
2023-05-21,,55.3,44.7,,,
2023-05-28,,55.5,44.5,,,
2023-06-04,,55.4,44.6,,,
2023-06-11,,55.8,44.2,,,
2023-06-18,,57,43,,,
2023-06-25,,57,43,,,
2023-07-02,,56,44,,,
2023-07-09,,54.5,45.5,,,
2023-07-16,,52.5,47.5,,,
2023-07-23,,52,48,,,
2023-07-30,,53,47,,,
2023-08-06,,53.5,46.5,,,
2023-08-13,,54.5,45.5,,,
2023-08-20,,53,47,,,
2023-08-27,,53.5,46.5,,,
2023-09-03,,53,47,,,
2023-09-10,,52.5,47.5,,,
2023-09-17,,54,46,,,
2023-09-24,,54,46,,,
2023-10-01,,52,48,,,
2023-10-08,,53,47,,,
2023-10-15,,54,46.2,,,
2023-10-22,,49.5,50.5,,,
2023-10-29,,53,47,,,
2023-11-05,,52,48,,,
2023-11-12,,50,50,,,
2023-11-19,,49.5,50.5,,,
2023-11-26,,53,47,,,
2023-12-03,,51,49,,,
2023-12-10,,51,49,,,
2023-12-17,,50,50,,,
2024-01-07,,49,51,,,
2024-01-14,,51.5,48.5,,,
2024-01-21,,52.5,47.5,,,
2024-01-28,,50.5,49.5,,,
2024-02-04,,53,47,,,
2024-02-11,,52,48,,,
2024-02-18,,53,47,,,
2024-02-25,,50,50,,,
2024-03-03,,54,46,,,
2024-03-10,,51.5,48.5,,,
2024-03-17,,51.5,48.5,52,48,
2024-03-24,,50,50,52,48,
2024-03-31,,51,49,52,48,
2024-04-07,,49.5,50.5,50.5,49.5,
2024-04-14,,51,51,50.5,49.5,
2024-04-21,,52,48,52,48,
2024-04-28,,52,48,52.5,47.5,
2024-05-05,,52,48,51,49,
2024-05-12,,52,48,52.5,47.5,
2024-05-19,,50.5,49.5,52.5,47.5,
2024-05-26,,48.5,51.5,51,49,
2024-06-02,,52,48,52.5,47.5,
2024-06-09,,53.5,46.5,53.5,46.5,
2024-06-16,,50,50,51,49,
2024-06-23,,51,49,52.5,47.5,
2024-06-30,,51,49,52.5,47.5,
2024-07-07,,48,52,50,51,
2024-07-14,,49.5,50.5,51.5,48.5,
2024-07-21,,49,51,50.5,49.5,
2024-07-28,,50.5,49.5,51,49,
2024-08-04,,51.5,48.5,51.5,48.5,
2024-08-11,,50,50,51,49,
2024-08-18,,50.5,49.5,51,49,
2024-08-25,,49.5,50.5,50,50,
2024-09-01,,50.5,49.5,52,48,
2024-09-08,,51,49,52,48,
2024-09-15,,50.5,49.5,52,48,
2024-09-22,,50.5,49.5,52,48,
2024-09-29,,49,51,51.5,48.5,
2024-10-06,,50,50,52,48,
2024-10-13,,50,50,51,49,
2024-10-20,,52,48,53,47,
2024-10-27,,50.5,49.5,51.5,48.5,
2024-11-03,,49,51,51,49,
2024-11-10,,49.5,50.5,51,49,
2024-11-17,,49,51,50,50,
2024-11-24,,51,49,51.5,48.5,
2024-12-01,,49,51,50,50,
2024-12-08,,48,52,50,50,
2024-12-15,,48,52,48.5,51.5,
2025-01-05,,47,53,50,50,
2025-01-12,,48.5,51.5,49.5,50.5,
2025-01-19,,48,52,48,52,
2025-01-26,,48,52,49,51,
2025-02-02,,50,50,50.5,49.5,
2025-02-09,,48.5,51.5,48.5,51.5,
2025-02-16,,48.5,51.5,49,51,
2025-02-23,,51,49,53,47,
2025-03-03,,49.5,50,50,50,
2025-03-11,,51.5,48.5,52,48,
2025-03-17,,54.5,45.5,54.5,45.5,
2025-03-24,,53,47,54,46,
2025-03-31,,53,47,53.5,46.5,
2025-04-07,,53.5,46.5,54.5,45.5,
2025-04-14,,54.5,45.5,54.5,45.5,
2025-04-21,,55.5,44.5,55.5,44.5,
2025-04-28,,53,47,54,46,
2025-05-03,1,55.3,44.7,,,
