date,election,alp,coalition,lib,nat,greens,one_nation,nxt,family_first,democrats,independents,other_parties,other,undecided,mode
1901-03-30,1,15.8,30,30,,,,,,,,,54.2,,
1903-12-16,1,31,34.9,34.9,,,,,,,,,34.1,,
1906-12-12,1,36.6,38.2,38.2,,,,,,,,,25.2,,
1910-04-13,1,50,45.1,45.1,,,,,,,,,4.9,,
1913-05-31,1,48.5,48.9,48.9,,,,,,,,,2.6,,
1914-09-05,1,50.9,47.2,47.2,,,,,,,,,1.9,,
1917-05-05,1,43.9,54.2,54.2,,,,,,,,,1.9,,
1919-12-13,1,42.5,54.4,45.1,9.3,,,,,,,,3.1,,
1922-12-16,1,42.3,52.5,39.9,12.6,,,,,,,,5.2,,
1925-11-14,1,45,53.2,42.5,10.7,,,,,,,,1.8,,
1928-11-17,1,44.6,51.2,39.1,12.1,,,,,,,,4.2,,
1929-10-12,1,48.8,45.1,33.9,11.2,,,,,,,,2.2,,
1931-12-19,1,37.7,48.4,36.1,12.3,,,,,,,,13.9,,
1934-09-15,1,41.2,49.6,37,12.6,,,,,,,,9.2,,
1937-10-23,1,43.2,50,34.4,15.6,,,,,,,,6.8,,
1940-09-21,1,40.2,43.9,30.2,13.7,,,,,,,,15.9,,
1943-08-21,1,49.9,32.1,19.6,12.5,,,,,,,,18,,
1946-09-28,1,49.7,43.7,32.3,11.4,,,,,,,,6.6,,
1949-12-10,1,46,50.3,39.4,10.9,,,,,,,,3.7,,
1951-04-28,1,47.6,50.3,40.6,9.7,,,,,,,,2.1,,
1954-05-29,1,50,46.8,38.3,8.5,,,,,,,,3.2,,
1955-12-10,1,44.6,47.6,39.7,7.9,,,,,,,,7.8,,
1958-11-22,1,42.8,46.5,37.2,9.3,,,,,,,,10.7,,
1961-12-09,1,47.9,42.1,33.6,8.5,,,,,,,,10,,
1963-11-30,1,45.5,46,37.1,8.9,,,,,,,,8.5,,
1966-11-26,1,40,49.9,40.1,9.8,,,,,,,,10.1,,
1969-10-25,1,47,43.4,34.8,8.6,,,,,0.9,,,8.7,,
1972-12-02,1,49.6,41.4,32,9.4,,,,,2.4,,,6.6,,
1974-05-18,1,49.3,45,35,10,,,,,2.3,,,3.4,,
1975-12-13,1,42.8,53.1,41.8,11.3,,,,,< 0.5,,,4.1,,
1977-12-10,1,39.7,48.1,38.1,10,,,,,9.4,,,2.8,,
1980-10-18,1,45.2,46.4,37.4,9,,,,,6.6,,,1.8,,
1983-03-05,1,49.5,43.6,34.4,9.2,,,,,5,,,1.9,,
1984-12-01,1,47.6,44.7,34.1,10.6,,,,,5.5,,,2.2,,
1987-07-11,1,45.8,45.9,34.4,11.5,,,,,6,,,2.3,,
1990-03-24,1,39.4,43.4,35,8.4,< 0.5,,,,11.3,,,5.9,,
1993-03-13,1,44.9,44.3,37.1,7.2,1.9,,,,3.8,,,5.1,,
1996-03-02,1,38.8,47.3,38.7,8.6,1.7,0.3,,,,,,11.9,,
1996-03-23,,36.5,49.5,49.5,,3,,,0,7.5,,,3.5,,
1996-04-06,,37,49.5,49.5,,3.5,,,,7.5,,,2.5,,
1996-04-20,,38,48,48,,3.5,,,,7.5,,,3,,
1996-05-05,,33.5,51.5,51.5,,3.5,,,,8.5,,,3,,
1996-05-18,,35.5,49.5,49.5,,3.5,,,,7.5,,,4,,
1996-06-01,,34.5,50,50,,2.5,,,,9.5,,,3.5,,
1996-06-22,,38,50.5,50.5,,1.5,,,,6.5,,,3.5,,
1996-07-04,,34,50.5,50.5,,3,,,,7.5,,,5,,
1996-07-18,,34,51,51,,2.5,,,,7.5,,,5,,
1996-08-01,,33.5,51,51,,3.5,,,,7.5,,,4.5,,
1996-08-15,,34,50,50,,3.5,,,,8,,,4.5,,
1996-08-29,,33.5,49.5,49.5,,3.5,,,,9,,,4.5,,
1996-09-12,,37.5,46,46,,3,,,,9.5,,,4,,
1996-09-26,,35,50,50,,2.5,,,,7.5,,,5,,
1996-10-10,,34,49,49,,3.5,,,,9,,,4.5,,
1996-10-24,,33,49.5,49.5,,2.5,,,,7,,,8,,
1996-11-07,,34,49,49,,3,,,,8,,,6,,
1996-11-21,,35,48,48,,2.5,,,,8.5,,,6,,
1996-12-05,,35,48,48,,2.5,,,,8,,,6.5,,
1996-12-19,,36.5,48,48,,2,,,,7.5,,,6,,
1997-01-16,,34.5,49.5,49.5,,2,,,,6.5,,,7.5,,
1997-01-30,,32.5,49,49,,3,,,,10.5,,,5,,
1997-02-13,,36,46,46,,4,,,,7,,,7,,
1997-02-27,,36,47,47,,2.5,,,,7.5,,,7,,
1997-03-13,,34.5,50,50,,2,,,,7.5,,,6,,
1997-03-20,,35.5,49.5,49.5,,1.5,,,,6.5,,,7,,
1997-03-26,,35,43.5,43.5,,4,,,,10,,,7.5,,
1997-04-10,,35.5,48,48,,3,,,,7,,,6.5,,
1997-04-23,,34.5,40,40,,3,10,,,7.5,,,5,,
1997-05-08,,30,42,42,,2.5,13.5,,,6,,,6,,
1997-05-15,,35.5,38.5,38.5,,2.5,12.5,,,6,,,5,,
1997-05-22,,32.5,41.5,41.5,,2.5,12,,,6,,,5.5,,
1997-06-05,,34,41.5,41.5,,3,9,,,8.5,,,4,,
1997-06-19,,34,42,42,,2.5,11,,,6.5,,,4,,
1997-07-03,,34,40.5,40.5,,3,10,,,7.5,,,5,,
1997-07-17,,35.5,42,42,,3.5,8,,,6.5,,,4.5,,
1997-07-31,,36,40.5,40.5,,3.5,8,,,8,,,4,,
1997-08-07,,40.5,35,35,,1.5,10,,,9,,,4,,
1997-08-16,,33,43,43,,3,8,,,7.5,,,5.5,,
1997-08-28,,36.5,40.5,40.5,,3,8,,,7,,,5,,
1997-09-11,,36,41.5,41.5,,2,8.5,,,7.5,,,4.5,,
1997-09-18,,37,41,41,,3.5,8,,,6.5,,,4,,
1997-09-25,,40,41.5,41.5,,2,8,,,6,,,2.5,,
1997-10-09,,32,46.5,46.5,,2,7.5,,,8.5,,,3.5,,
1997-10-16,,42.5,38,38,,1.5,6,,,6.5,,,5.5,,
1997-10-30,,43.5,38.5,38.5,,2,6,,,6,,,4,,
1997-11-13,,43.5,38.5,38.5,,2.5,4.5,,,6,,,5,,
1997-11-27,,46,37.5,37.5,,2.5,4.5,,,6,,,3.5,,
1997-12-11,,41,43,43,,2.5,5,,,5.5,,,3,,
1998-01-15,,41.5,41.5,41.5,,3,5.5,,,5,,,3.5,,
1998-01-29,,44.5,39.5,39.5,,2.5,5.5,,,5,,,3,,
1998-02-12,,43,39.5,39.5,,2,5.5,,,6,,,4,,
1998-02-26,,44.5,40.5,40.5,,2,4.5,,,4.5,,,4,,
1998-03-12,,41.5,41.5,41.5,,2,4.5,,,5,,,5.5,,
1998-03-26,,40,42,42,,3,5,,,4.5,,,5.5,,
1998-04-09,,40,41.5,41.5,,2.5,6,,,5.5,,,4.5,,
1998-04-16,,36,43,43,,3.5,4.5,,,7.5,,,5.5,,
1998-04-23,,42,38.5,38.5,,3.5,6.5,,,5.5,,,4,,
1998-04-30,,41.5,41,41,,3,6,,,5,,,3.5,,
1998-05-14,,42,42,42,,2.5,4,,,5.5,,,4,,
1998-05-28,,43.5,39.5,39.5,,3,6,,,4.5,,,3.5,,
1998-06-11,,40.5,39.5,39.5,,2.5,9.5,,,5,,,3,,
1998-06-18,,39.5,35,35,,2.5,14.5,,,5,,,3.5,,
1998-07-02,,42,35,35,,2,12,,,4,,,5,,
1998-07-12,,42.5,32,32,,2.5,14.5,,,4.5,,,4,,
1998-07-26,,41,33,33,,2.5,14,,,4.5,,,5,,
1998-08-09,,44,33,30.5,2.5,2,13.5,,,5,,,5,,
1998-08-16,,43.5,41,37,4,2,10,,,4,,,3.5,,
1998-08-23,,43,40,35.5,4.5,2.5,11,,,4.5,,,3.5,,
1998-08-30,,42,39,37,2,3,9,,,4.5,,,4.5,,
1998-09-06,,43,40.5,37.5,3,3,9.5,,,3.5,,,3.5,,
1998-09-13,,44.5,41.5,38.5,3,1.5,8.5,,,4,,,3,,
1998-09-20,,46.5,42,37.5,4.5,2.5,7,,,4.5,,,2,,
1998-09-24,,39,47,43,4,3,6,,,6,,,3,,
1998-10-01,1,40.1,44.8,39.5,5.3,2.2,8.4,,,5.1,,,4.7,,
1998-10-03,1,40.1,39.5,34.2,5.3,2.1,8.4,,,,,,9.9,,
1998-10-18,,41,45.5,40.5,5,2.5,5.5,,,9,,,1.5,,
1998-11-01,,43.5,42,38,4,2.5,6,,,7.5,,,2.5,,
1998-11-15,,42.5,45,41,4,2.5,5,,,6.5,,,2.5,,
1998-11-29,,44.5,42,38,4,2,5.5,,,7,,,3,,
1998-12-13,,41.5,45.5,41,4.5,3.5,6,,,6.5,,,1.5,,
1999-01-17,,43.5,44,39.5,4.5,2,5,,,7.5,,,2.5,,
1999-01-31,,43.5,44.5,40,4.5,2.5,5.5,,,6,,,2.5,,
1999-02-14,,42,46,42,4,3,3,,,7.5,,,2.5,,
1999-02-28,,41,46.5,42,4.5,3,4.5,,,7,,,2.5,,
1999-03-14,,43.5,42.5,37.5,5,3.5,5,,,6.5,,,4,,
1999-03-28,,43.5,44,39.5,4.5,2,4.5,,,7.5,,,3,,
1999-04-11,,43,42.5,38,4.5,3,6,,,7.5,,,2.5,,
1999-04-25,,45,42.5,38,4.5,3,5.5,,,5.5,,,3,,
1999-05-09,,45.5,41.5,37.5,4,2.5,5,,,7,,,2.5,,
1999-05-23,,43.5,41.5,37.5,4,3.5,4.5,,,7.5,,,3.5,,
1999-06-06,,42,44.5,40,4.5,3.5,4.5,,,7,,,3,,
1999-06-20,,44.5,42,38.5,3.5,3,4.5,,,6.5,,,3,,
1999-07-04,,43,47,40.5,6.5,4.5,3.5,,,6.5,,,2,,
1999-07-18,,41,45.5,41,4.5,4,5,,,6.5,,,2.5,,
1999-08-01,,43,44,40,4,3,4.5,,,7,,,2.5,,
1999-08-15,,40.5,46.5,42,4.5,3.5,4,,,7.5,,,2.5,,
1999-08-22,,42,48,46,2,1.5,1,,,4,,,5.5,,
1999-08-29,,44.5,44,40,4,2.5,4,,,6.5,,,2.5,,
1999-09-12,,41,44,40,4,2.5,4,,,7,,,5.5,,
1999-09-26,,41,43,39.5,3.5,4,4.5,,,6.5,,,4.5,,
1999-10-10,,41.5,43,39.5,3.5,3,4,,,7.5,,,4.5,,
1999-10-24,,42,43,40,3,3.5,3.5,,,5,,,6,,
1999-11-07,,42,44,40.5,3.5,2.5,3.5,,,6.5,,,5,,
1999-11-21,,42.5,43,39.5,3.5,2.5,4.5,,,6.5,,,4.5,,
1999-12-05,,44,44.5,41.5,3,2.5,3,,,5.5,,,3.5,,
1999-12-19,,44.5,41,37.5,3.5,4,4,,,6,,,4,,
2000-01-16,,46,42,38,4,3,3.5,,,5.5,,,4,,
2000-01-30,,47,41.5,37.5,4,3,3.5,,,5.5,,,3.5,,
2000-02-13,,46,39.5,36,3.5,3.5,3.5,,,5.5,,,5.5,,
2000-02-20,,46.5,40,36.5,3.5,3,3.5,,,5,,,5.5,,
2000-02-27,,45,43,38,5,3.5,3,,,5,,,5.5,,
2000-03-12,,46,41.5,37,4.5,3.5,2.5,,,5.5,,,5.5,,
2000-03-26,,43,41,37.5,3.5,3.5,4,,,5.5,,,6.5,,
2000-04-09,,46,39,36,3,3.5,3,,,6.5,,,5,,
2000-04-23,,45,40,36.5,3.5,3.5,4.5,,,5,,,5.5,,
2000-05-07,,46,38.5,35,3.5,3.5,4.5,,,6,,,5,,
2000-05-21,,45.5,38,35,3,4,4.5,,,5.5,,,5.5,,
2000-06-04,,46.5,37.5,34.5,3,4,4,,,5.5,,,5.5,,
2000-06-18,,48.5,37,33.5,3.5,3,4.5,,,5.5,,,5,,
2000-07-02,,45,36.5,33,3.5,4,4.5,,,6,,,7.5,,
2000-07-09,,45,39.5,36.5,3,3.5,3.5,,,5.5,,,6,,
2000-07-16,,43,44.5,40,4.5,4.5,3,,,4.5,,,5,,
2000-07-30,,45,42,37.5,4.5,3,3.5,,,5.5,,,5.5,,
2000-08-13,,41.5,45,41.5,3.5,3.5,3.5,,,5,,,5,,
2000-08-27,,43,40,37,3,3.5,5,,,6,,,5.5,,
2000-09-10,,46.5,40,36.5,3.5,3.5,3.5,,,4,,,6,,
2000-09-24,,44,42,38.5,3.5,3.5,3,,,6.5,,,4.5,,
2000-10-08,,46.5,40.5,37,3.5,2,3,,,5,,,6.5,,
2000-10-22,,44.5,39.5,36,3.5,3,3,,,6,,,7.5,,
2000-11-05,,45.5,38,35,3,4.5,4,,,5.5,,,5.5,,
2000-11-19,,44.5,40.5,37,3.5,3.5,3,,,6.5,,,5.5,,
2000-12-03,,44,41,38,3,3.5,3.5,,,6.5,,,4.5,,
2000-12-17,,45,40.5,37.5,3,3,3.5,,,4.5,,,6.5,,
2001-01-14,,47.5,39.5,36,3.5,3.5,3,,,5.5,,,4.5,,
2001-01-28,,42.5,43,39.5,3.5,5,3,,,5.5,,,4.5,,
2001-02-11,,43.5,39.5,35.5,4,3.5,5.5,,,6,,,6,,
2001-02-25,,48.5,33,30,3,4.5,7.5,,,5,,,4.5,,
2001-03-11,,46.5,32.5,29.5,3,4.5,7,,,5.5,,,7,,
2001-03-25,,47.5,34.5,32,2.5,3.5,7.5,,,5,,,4.5,,
2001-04-08,,44.5,34,31,3,5,7,,,6.5,,,6,,
2001-04-22,,44.5,34.5,32,2.5,4,5.5,,,10,,,4,,
2001-05-06,,43.5,34.5,31.5,3,4.5,6,,,9,,,5.5,,
2001-05-20,,46.5,33.5,30.5,3,4.5,5.5,,,8,,,5,,
2001-05-27,,44,35.5,33,2.5,4.5,3.5,,,8.5,,,6.5,,
2001-06-03,,45.5,33,30.5,2.5,4,6,,,8,,,6,,
2001-06-17,,44.5,37.5,34.5,3,5.5,4,,,6.5,,,5,,
2001-07-01,,44.5,39.5,36,3.5,4.5,4.5,,,6.5,,,4,,
2001-07-15,,43,37,35,2,4.5,5,,,7.5,,,5,,
2001-07-29,,42,37.5,35.5,2,4,5,,,9,,,4.5,,
2001-08-12,,41,38,35,3,5,5.5,,,8.5,,,5,,
2001-08-26,,43.5,37.5,34.5,3,5,4.5,,,7.5,,,5,,
2001-09-02,,39,42,39.5,2.5,5.5,4,,,6.5,,,5.5,,
2001-09-09,,40.5,38.5,36.5,2,7,3.5,,,7,,,5.5,,
2001-09-16,,41,42.5,41,1.5,4.5,4,,,6,,,3.5,,
2001-09-23,,41.5,43.5,41.5,2,4.5,3.5,,,5.5,,,3.5,,
2001-10-07,,39.5,45.5,43,2.5,4,4,,,5.5,,,4,,
2001-10-14,,35,49.5,47,2.5,4.5,2.5,,,7,,,3.5,,
2001-10-21,,41,43.5,41.5,2,3.5,3,,,7,,,4,,
2001-10-28,,42,43.5,40.5,3,4.5,4,,,6,,,3,,
2001-11-04,,43.5,42.5,38.5,4,4.5,2.5,,,6.5,,,4.5,,
2001-11-10,1,37.8,43,37.4,5.6,4.4,4.3,,,,,,9.6,,
2002-01-13,,39.5,46,43.5,2.5,6.5,2,,,5.5,,,3,,
2002-01-27,,39.5,43,40.5,2.5,6,2.5,,,7.5,,,4,,
2002-02-10,,36.5,47.5,44.5,3,7,2,,,6,,,4,,
2002-02-24,,38.5,44.5,43,1.5,6,2.5,,,4.5,,,5.5,,
2002-03-10,,40,45.5,42.5,3,6.5,2,,,4,,,5,,
2002-03-24,,41,41.5,39.5,2,7,2.5,,,5,,,5,,
2002-04-07,,41.5,43.5,41,2.5,6.5,2,,,4.5,,,4.5,,
2002-04-21,,39.5,45,42.5,2.5,6.5,2,,,5,,,4.5,,
2002-05-05,,40.5,42,39.5,2.5,6.5,3,,,5.5,,,5,,
2002-05-19,,41,41,38.5,2.5,6.5,2.5,,,7,,,4.5,,
2002-06-02,,41.5,42,39,3,7,2,,,6,,,4.5,,
2002-06-16,,40,45.5,42.5,3,6.5,2,,,5,,,4,,
2002-06-24,,39,45.5,43,2.5,7,2.5,,,6,,,2.5,,
2002-07-14,,42,42.5,40,2.5,6,2,,,5,,,5,,
2002-07-28,,39.5,46.5,43,3.5,6.5,2,,,3.5,,,5.5,,
2002-08-11,,41.5,43.5,40.5,3,7,2,,,4,,,5,,
2002-08-25,,42,42,40,2,8,1.5,,,3,,,5.5,,
2002-09-08,,41,43.5,40.5,3,9,2,,,2,,,5.5,,
2002-09-22,,39,44.5,41.5,3,9.5,1.5,,,3.5,,,5,,
2002-10-06,,39.5,43.5,41.5,2,10,1,,,4,,,4,,
2002-10-20,,38.5,45,42,3,10.5,1.5,,,2.5,,,5,,
2002-11-03,,35,49,46,3,10,1.5,,,3.5,,,4,,
2002-11-17,,35,48.5,45.5,3,9.5,1.5,,,3,,,5.5,,
2002-12-01,,40,46,43,3,9,1.5,,,3,,,3.5,,
2002-12-15,,38.5,46.5,43,3.5,9,2,,,2.5,,,5,,
2003-01-12,,40,45.5,43,2.5,8.5,1.5,,,3.5,,,4.5,,
2003-01-26,,40,45,42.5,2.5,9,1,,,3,,,4.5,,
2003-02-09,,41,45,41.5,3.5,8,1.5,,,3.5,,,4.5,,
2003-02-23,,36,46,43.5,2.5,10.5,1.5,,,3.5,,,5,,
2003-03-09,,40.5,41.5,39,2.5,11,1.5,,,2.5,,,5.5,,
2003-03-16,,39.5,43,39.5,3.5,11,1,,,3,,,6,,
2003-03-23,,36,48.5,45.5,3,9.5,1,,,3,,,4.5,,
2003-04-06,,42,43.5,40,3.5,9,1.5,,,3,,,4.5,,
2003-04-13,,39,47,43,4,10,0.5,,,3.5,,,4,,
2003-04-20,,35.5,47.5,44.5,3,10,1.5,,,4.5,,,4,,
2003-05-04,,38,46,44,2,8,1.5,,,3.5,,,5,,
2003-05-18,,39,47,43.5,3.5,8,1.5,,,3,,,5,,
2003-06-01,,42,42.5,40,2.5,9.5,1,,,2,,,5.5,,
2003-06-15,,37.5,48,45,3,8.5,1,,,3.5,,,4.5,,
2003-06-29,,37,47.5,45.5,2,10,0.5,,,2.5,,,4.5,,
2003-07-27,,38.5,46.5,43.5,3,9,1,,,2.5,,,5.5,,
2003-08-10,,39,47.5,44,3.5,7,1,,,4,,,5,,
2003-08-17,,36.5,49,46.5,2.5,8,0.5,,,4,,,4.5,,
2003-08-24,,38.5,42,40.5,1.5,8.5,2,,,4.5,,,6,,
2003-09-07,,38,42,39.5,2.5,9.5,3.5,,,3.5,,,6,,
2003-09-21,,39,42.5,40.5,2,8.5,3.5,,,3,,,5.5,,
2003-10-05,,39,46,43,3,7.5,2,,,3.5,,,5,,
2003-10-19,,38.5,47,44,3,7,2.5,,,3,,,5,,
2003-11-02,,40,43,41,2,9,1.5,,,4,,,4.5,,
2003-11-16,,35.5,46,42.5,3.5,9.5,3,,,3,,,6.5,,
2003-11-23,,38,44,42,2,8,3,,,4,,,5,,
2003-11-30,,38,43.5,40,3.5,9,4.5,,,3.5,,,5,,
2003-12-07,,41,44,41.5,2.5,6,3,,,2.5,,,6,,
2003-12-21,,42.5,44.5,42,2.5,7,2.5,,,2.5,,,3.5,,
2004-01-11,,45,42,40,2,7.5,2,,,1.5,,,4,,
2004-01-25,,44,42,39,3,8,2,,,2.5,,,4.5,,
2004-02-08,,48,41,38,3,5.5,1.5,,,2.5,,,4.5,,
2004-02-22,,45.5,43.5,40.5,3,6.5,1.5,,,2,,,4,,
2004-03-07,,46,42,39,3,7.5,1.5,,,2.5,,,3.5,,
2004-03-21,,45.5,41.5,39.5,2,7,1,,,2,,,5,,
2004-04-04,,43.5,43,39.5,3.5,9.5,1.5,,,2,,,4,,
2004-04-18,,45,42.5,41,1.5,7.5,1.5,,,2,,,3,,
2004-05-02,,44,44.5,42,2.5,7,1,,,2,,,4,,
2004-05-16,,41,44.5,42.5,2,8,2,,,2.5,,,4,,
2004-05-30,,45.5,42.5,40,2.5,7,1,,,3,,,3.5,,
2004-06-13,,43.5,45,42.5,2.5,7,1,,,1.5,,,4.5,,
2004-06-27,,45.5,44.5,41,3.5,6.5,1,,,2,,,4,,
2004-07-04,,43.5,45,42.5,2.5,7,0.5,,,2,,,4.5,,
2004-07-11,,46,44,41.5,2.5,8,0.5,,,2,,,2,,
2004-07-25,,42,44,41.5,2.5,7.5,1,,,2.5,,,5.5,,
2004-08-08,,43,41.5,40,1.5,8,1,,,2.5,,,5.5,,
2004-08-22,,43.5,41.5,39,2.5,9,1.5,,,2,,,5,,
2004-09-05,,43,41.5,38.5,3,10.5,0.5,,,2,,,5.5,,
2004-09-12,,43.5,42,40,2,8,1,,,2,,,5.5,,
2004-09-19,,41,45,42.5,2.5,7.5,1,,,2,,,6,,
2004-09-26,,40,48,44,4,9,1,,,1,,,5,,
2004-10-03,,40.5,45.5,41.5,4,9,1,,,2,,,6,,
2004-10-08,,38.5,50.5,45.5,5,9.5,1,,,1,,,4.5,,
2004-10-09,1,37.6,46.4,40.5,5.9,7.2,1.2,,,,,,7.6,,
2004-10-17,,37.5,46.5,41.5,5,7.5,1.5,,0,1.5,,,5.5,,
2004-11-07,,39.5,44.5,42,2.5,8.5,1,,2,2,,,2.5,,
2004-11-21,,39,44,41,3,8.5,1,,1.5,2,,,4,,
2004-12-05,,36,46.5,44,2.5,9,1,,2.5,1.5,,,3.5,,
2004-12-19,,36.5,45.5,42.5,3,9.5,1.5,,2,1.5,,,3.5,,
2005-01-16,,37,47,43.5,3.5,7.5,1,,2,1.5,,,4,,
2005-01-30,,38,45,42.5,2.5,8,1.5,,2,2,,,3.5,,
2005-02-13,,37.5,45,42.5,2.5,9,1,,2,2,,,3.5,,
2005-02-27,,38.5,46,43.5,2.5,7.5,0.5,,1,2,,,4.5,,
2005-03-06,,43,44.5,42,2.5,7,1,,2.5,1.5,,,0.5,,
2005-03-13,,37,44.5,42,2.5,10,1,,2.5,1,,,4,,
2005-03-27,,39,44,41.5,2.5,8,1,,2,1.5,,,4.5,,
2005-04-10,,43,40.5,39,1.5,8,1.5,,2,1.5,,,3.5,,
2005-04-24,,40,42,40,2,8.5,1,,1.5,2,,,5,,
2005-05-08,,42.5,42,39.5,2.5,8,1,,1.5,1.5,,,3.5,,
2005-05-15,,41,43,41.5,1.5,8,0.5,,2,1.5,,,4,,
2005-05-29,,39,45,43,2,7.5,0.5,,1.5,1.5,,,5,,
2005-06-12,,39.5,43.5,42,1.5,7.5,1.5,,2,1.5,,,4.5,,
2005-06-26,,39.5,42,39.5,2.5,9,1,,2.5,2,,,4,,
2005-07-10,,40.5,42.5,40.5,2,7.5,1,,2.5,1.5,,,4.5,,
2005-07-24,,38.5,41.5,39,2.5,8,2,,1.5,2.5,,,6,,
2005-08-07,,42,41.5,37.5,4,7.5,1,,2,2,,,4,,
2005-08-21,,41.5,39,36.5,2.5,8,1.5,,3,2,,,5,,
2005-09-04,,37,44,40.5,3.5,8.5,1,,3,1.5,,,5,,
2005-09-11,,41.5,39.5,36.5,3,7,0.5,,3,1.5,,,7,,
2005-09-18,,34.5,44,41.5,2.5,10,1.5,,2,2.5,,,5.5,,
2005-10-02,,38.5,42,38.5,3.5,9,1.5,,2,2.5,,,4.5,,
2005-10-16,,41.5,39.5,37,2.5,9,1.5,,2,2,,,4.5,,
2005-10-30,,41,39,35.5,3.5,9.5,1,,2,2.5,,,5,,
2005-11-06,,43,38.5,35.5,3,9.5,1,,2,1.5,,,4.5,,
2005-11-12,,38,43.5,40.5,3,9,< 0.5,,2,1.5,,,6,,
2005-11-27,,45.5,35.5,33,2.5,9,1.5,,2,2,,,4.5,,
2005-12-11,,42,38.5,36,2.5,10,1,,2.5,2,,,4,,
2005-12-18,,39.5,39.5,35.5,4,10.5,1.5,,3,1.5,,,4.5,,
2006-01-15,,43,39,35.5,3.5,8,1,,3,2,,,4,,
2006-01-29,,38,42,39.5,2.5,8.5,1,,2.5,2,,,6,,
2006-02-05,,42,40.5,37,3.5,8,1,,2,1.5,,,5,,
2006-02-19,,40.5,40,37,3,8,1,,2,2.5,,,6,,
2006-03-05,,39.5,43,39.5,3.5,8,1,,2,1.5,,,5,,
2006-03-19,,38.5,44,40.5,3.5,8.5,1,,2.5,1.5,,,4,,
2006-04-02,,43.5,39,37,2,8,1,,2,1.5,,,5,,
2006-04-16,,42,38.5,36,2.5,9.5,0.5,,2.5,1.5,,,5.5,,
2006-04-30,,39,40,37,3,8.5,1,,2.5,2.5,,,6.5,,
2006-05-07,,42,39,37,2,9.5,1,,1.5,2.5,,,4.5,,
2006-05-14,,40.5,42,39.5,2.5,7,0.5,,1.5,2.5,,,6,,
2006-05-28,,41,42,38.5,3.5,7.5,1,,3,1.5,,,4,,
2006-06-11,,42,39.5,37,2.5,8,1.5,,2.5,2,,,4.5,,
2006-06-25,,40.5,42,39,3,8.5,0.5,,1.5,1.5,,,5.5,,
2006-07-09,,42.5,39,36,3,8.5,1,,2.5,2.5,,,4,,
2006-07-16,,36.5,45,42.5,2.5,7.5,1.5,,2.5,1.5,,,5.5,,
2006-07-30,,42,40,37.5,2.5,8,1,,2.5,2,,,4.5,,
2006-08-13,,41.5,40.5,37,3.5,8.5,1,,3,2,,,3.5,,
2006-08-27,,42.5,39,37,2,8,0.5,,2.5,2.5,,,5,,
2006-09-10,,43,38,35.5,2.5,9,0.5,,2,2.5,,,5,,
2006-09-24,,41.5,41.5,38.5,3,8,1,,1,2.5,,,4.5,,
2006-10-08,,42,39,36,3,9.5,1,,2,2,,,4.5,,
2006-10-22,,41.5,40.5,37,3.5,8.5,0.5,,2,2,,,5,,
2006-11-05,,40.5,41.5,38,3.5,9,1,,2,1.5,,,4.5,,
2006-11-19,,40.5,40.5,38,2.5,10,1,,2,2.5,,,3.5,,
2006-12-03,,41,41.5,38.5,3,9,1,,1.5,1.5,,,4.5,,
2006-12-10,,50,34.5,31.5,3,7,1,,2.5,1.5,,,3.5,,
2006-12-17,,49,35.5,32,3.5,7,1,,2,2.5,,,3,,
2007-01-14,,47,36.5,33.5,3,8,1.5,,2,1.5,,,3.5,,
2007-01-28,,43.5,39,36.5,2.5,7.5,1.5,,2.5,1.5,,,4.5,,
2007-02-04,,47,37,34.5,2.5,8,0.5,,1.5,2,,,4,,
2007-02-18,,48,38,35.5,2.5,7,0.5,,1.5,1.5,,,3.5,,
2007-02-25,,52.5,34,30.5,3.5,7.5,1,,1.5,0.5,,,3,,
2007-03-04,,51.5,33,29.5,3.5,7,1,,1.5,2,,,4,,
2007-03-11,,51.5,34,31,3,7.5,1,,2,1.5,,,2.5,,
2007-03-18,,48.5,36,33.5,2.5,8,1,,2.5,1,,,3,,
2007-04-01,,49.5,34.5,31.5,3,9,0.5,,1.5,1.5,,,3.5,,
2007-04-15,,50,35.5,32,3.5,7.5,0.5,,1.5,1,,,4,,
2007-04-29,,52.5,34.5,31,3.5,6.5,0.5,,1.5,1.5,,,3,,
2007-05-06,,51.5,35.5,33.5,2,7,0.5,,1.5,1,,,3,,
2007-05-13,,51,36,34,2,8,0.5,,1.5,1,,,2,,
2007-05-20,,51,35.5,33.5,2,8,1,,1.5,1,,,2,,
2007-05-27,,49,37.5,35.5,2,6,1.5,,2,1,,,3,,
2007-06-03,,51,38,35.5,2.5,5.5,1,,1.5,0.5,,,2.5,,
2007-06-17,,48,37,34.5,2.5,6.5,1,,2,1.5,,,4,,
2007-07-01,,50.5,36,33.5,2.5,7,1,,1.5,0.5,,,3.5,,
2007-07-15,,47.5,40.5,38,2.5,5.5,< 0.5,,2,1.5,,,3,,
2007-07-29,,47,40.5,38,2.5,6.5,0.5,,1.5,1,,,3,,
2007-08-12,,49.5,36.5,33.5,3,7,1,,2,1.5,,,2.5,,
2007-08-26,,46,41,38.5,2.5,6.5,1,,1.5,1,,,3,,
2007-09-02,,49,34.5,33,1.5,9,0.5,,2,2,,,3,,
2007-09-09,,51,36,34,2,6,0.5,,2,1,,,3.5,,
2007-09-16,,49.5,39.5,36.5,3,6,1,,1.5,0.5,,,2,,
2007-09-23,,54,36,33.5,2.5,5.5,0.5,,1,0.5,,,2.5,,
2007-09-30,,53.5,35.5,33.5,2,5.5,0.5,,1.5,1.5,,,2,,
2007-10-07,,49.5,38,35.5,2.5,6,0.5,,2,1,,,3,,
2007-10-14,,49.5,39.5,36.5,3,7,0.5,,0.5,1,,,2,,
2007-10-18,,45,39.5,37,2.5,9,1,,1.5,0.5,,,3.5,,phone
2007-10-21,,47,39.5,37,2.5,8,1,,2,1,,,1.5,,
2007-10-25,,44,41,38,3,10.5,0.5,,1,1.5,,,1.5,,phone
2007-10-28,,49,39,36.5,2.5,7.5,0.5,,1,1,,,2,,
2007-11-04,,54.5,34,31.5,2.5,6,0.5,,2,0.5,,,2.5,,
2007-11-08,,44.5,39,36,3,10.5,1,,1.5,2,,,1.5,,phone
2007-11-11,,48,39,35.5,3.5,7,< 0.5,,1,1.5,,,3.5,,
2007-11-17,,46.5,40,37,3,8,0.5,,0.5,2,,,2.5,,phone
2007-11-18,,47.5,39.5,37.5,2,8,< 0.5,,0.5,0.5,,,4,,face
2007-11-22,,44.5,40.5,36.5,4,9,< 0.5,,2.5,1,,,2.5,,phone
2007-11-23,,43.5,41.5,37.5,4,8.5,< 0.5,,2.5,< 0.5,,,4,,phone
2007-11-24,1,43.4,42.1,36.2,5.9,7.8,0.3,,,,,,6.4,,
2007-12-06,,49,36.5,33,3.5,7,< 0.5,,1.5,< 0.5,,,6,,phone
2007-12-09,,49.5,34,31.5,2.5,10.5,< 0.5,,2.5,< 0.5,,,3.5,,face
2008-01-13,,51.5,33,30.5,2.5,8,< 0.5,,2,< 0.5,,,5.5,,face
2008-01-24,,53,32,30,2,10,< 0.5,,1,< 0.5,,,4,,phone
2008-01-27,,49,36,33,3,8.5,< 0.5,,1.5,< 0.5,,,5,,face
2008-01-31,,50,34.5,31.5,3,8,< 0.5,,1,< 0.5,,,6.5,,phone
2008-02-10,,54,33,30,3,7.5,< 0.5,,1.5,< 0.5,,,4,,face
2008-02-24,,56.5,31.5,28.5,3,6.5,< 0.5,,1.5,< 0.5,,,4,,face
2008-03-09,,55.5,30.5,28,2.5,9,< 0.5,,1.5,< 0.5,,,3.5,,face
2008-03-12,,53.5,34,31.5,2.5,5.5,< 0.5,,1.5,< 0.5,,,5.5,,phone
2008-03-23,,55,31,29,2,7,< 0.5,,3,< 0.5,,,4,,face
2008-04-03,,51,34,32,2,7.5,< 0.5,,2,< 0.5,,,5.5,,phone
2008-04-06,,53.5,33.5,31.5,2,7.5,< 0.5,,1.5,< 0.5,,,4,,face
2008-04-10,,54,32,29,3,8.5,< 0.5,,1,< 0.5,,,4.5,,phone
2008-04-13,,54,33.5,29,4.5,6.5,< 0.5,,1,< 0.5,,,5,,face
2008-04-17,,55,33,30.5,2.5,6,< 0.5,,1,< 0.5,,,5,,phone
2008-04-27,,54.5,33.5,30,3.5,5.5,< 0.5,,2.5,< 0.5,,,4,,face
2008-05-04,,52.5,32.5,30.5,2,8,< 0.5,,2,< 0.5,,,5,,face
2008-05-11,,47,37,34.5,2.5,9,< 0.5,,1,< 0.5,,,6,,phone
2008-05-18,,51.5,35,32.5,2.5,8.5,< 0.5,,1,< 0.5,,,4,,face
2008-05-25,,53,34,31,3,5.5,< 0.5,,2.5,< 0.5,,,5,,face
2008-05-31,,52.5,31.5,29,2.5,9,< 0.5,,2,< 0.5,,,5,,face
2008-06-08,,48.5,36,33,3,8.5,< 0.5,,2,< 0.5,,,5,,face
2008-06-09,,45.5,38.5,36.5,2,8.5,< 0.5,,1.5,< 0.5,,,6,,phone
2008-06-22,,52,34,32,2,8,< 0.5,,1.5,< 0.5,,,4.5,,face
2008-07-06,,48.5,35,32.5,2.5,8,< 0.5,,2.5,< 0.5,,,6,,face
2008-07-13,,48,34.5,32,2.5,11.5,< 0.5,,2.5,< 0.5,,,3.5,,face
2008-07-20,,45.5,39.5,37.5,2,7.5,< 0.5,,2,< 0.5,,,5.5,,face
2008-08-03,,45.5,39.5,37,2.5,8,< 0.5,,1.5,< 0.5,,,5.5,,face
2008-08-17,,47,37.5,33.5,4,8.5,< 0.5,,2,< 0.5,,,5,,face
2008-08-31,,50,37,34,3,6.5,< 0.5,,2,< 0.5,,,4.5,,face
2008-09-14,,45,38,34.5,3.5,8,< 0.5,,1.5,< 0.5,,,7.5,,face
2008-09-25,,46.5,38.5,35.5,3,8,< 0.5,,2.5,< 0.5,,,4.5,,phone
2008-09-28,,46.5,36.5,33,3.5,10,< 0.5,,1.5,< 0.5,,,5.5,,face
2008-10-09,,46.5,36,34,2,9.5,< 0.5,,3,< 0.5,,,5,,phone
2008-10-12,,46,36,33.5,2.5,9.5,< 0.5,,2.5,< 0.5,,,6,,face
2008-10-16,,48,38,36,2,8,< 0.5,,1.5,< 0.5,,,4.5,,phone
2008-10-26,,46.5,37.5,35,2.5,8.5,< 0.5,,2,< 0.5,,,5.5,,face
2008-11-09,,49,36,33,3,8.5,< 0.5,,2,< 0.5,,,4.5,,face
2008-11-23,,50.5,35.5,33.5,2,7.5,< 0.5,,2,< 0.5,,,4.5,,face
2008-12-07,,48.5,34.5,32,2.5,10.5,< 0.5,,1.5,< 0.5,,,5,,face
2008-12-21,,52.5,35.5,32.5,3,6,< 0.5,,1.5,< 0.5,,,4.5,,face
2009-01-11,,51.5,35,31,4,8,< 0.5,,1.5,< 0.5,,,4,,face
2009-01-25,,50.5,36,34,2,7.5,< 0.5,,1.5,< 0.5,,,4.5,,face
2009-02-01,,46.5,38,34,4,8,< 0.5,,2.5,< 0.5,,,5,,face
2009-02-08,,51.5,35.5,32,3.5,8,< 0.5,,1.5,< 0.5,,,3.5,,face
2009-02-15,,49,36.5,33,3.5,7.5,< 0.5,,1,< 0.5,,,6,,face
2009-03-01,,51.5,33,30.5,2.5,8.5,< 0.5,,2.5,< 0.5,,,4.5,,face
2009-03-08,,50.5,34.5,31.5,3,8,< 0.5,,2,< 0.5,,,5,,face
2009-03-15,,48.5,39,36,3,6,< 0.5,,1.5,< 0.5,,,5,,face
2009-03-29,,53,33.5,30.5,3,8,< 0.5,,1.5,< 0.5,,,4,,face
2009-04-12,,51.5,33.5,31,2.5,8,< 0.5,,2,< 0.5,,,5,,face
2009-04-26,,50,36.5,34.5,2,8.5,< 0.5,,1.5,< 0.5,,,3.5,,face
2009-05-10,,50,34,32,2,9,< 0.5,,2.5,< 0.5,,,4.5,,face
2009-05-17,,49.5,37.5,36,1.5,8,< 0.5,,1.5,< 0.5,,,3.5,,face
2009-05-21,,45,40.5,36.5,4,7.5,< 0.5,,1,< 0.5,,,6,,phone
2009-05-31,,49,36,33.5,2.5,8,< 0.5,,2,< 0.5,,,5,,face
2009-06-04,,43.5,39.5,36,3.5,9,< 0.5,,2.5,< 0.5,,,5.5,,phone
2009-06-11,,47.5,37,34.5,2.5,8.5,< 0.5,,2.5,< 0.5,,,4.5,,phone
2009-06-14,,48.5,38,35,3,7,< 0.5,,2.5,< 0.5,,,4,,face
2009-06-21,,46,41,37.5,3.5,8.5,< 0.5,,1,< 0.5,,,3.5,,face
2009-07-02,,46,39,36.5,2.5,8,< 0.5,,1,< 0.5,,,6,,phone
2009-07-05,,46.5,35,32,3,11.5,< 0.5,,2.5,< 0.5,,,4.5,,face
2009-07-19,,48,37.5,34.5,3,8,< 0.5,,2,< 0.5,,,4.5,,face
2009-08-02,,50.5,34,31.5,2.5,8.5,< 0.5,,2,< 0.5,,,5,,face
2009-08-06,,45.5,37.5,34.5,3,11,< 0.5,,1.5,< 0.5,,,4.5,,phone
2009-08-16,,47.5,34.5,31.5,3,9.5,< 0.5,,2.5,< 0.5,,,6,,face
2009-08-30,,50.5,33.5,30,3.5,9.5,< 0.5,,2,< 0.5,,,4.5,,face
2009-09-13,,51.5,32.5,29,3.5,9.5,< 0.5,,2,< 0.5,,,4.5,,face
2009-09-27,,51,35.5,33,2.5,7.5,< 0.5,,2,< 0.5,,,4,,face
2009-10-08,,46.5,37,33,4.5,10.5,< 0.5,,1,< 0.5,,,5,,phone
2009-10-11,,49.5,34,31.5,2.5,9,< 0.5,,2.5,< 0.5,,,5,,face
2009-10-25,,52,34.5,31.5,3,7.5,< 0.5,,2,< 0.5,,,4,,face
2009-11-01,,51,32.5,30,2.5,9.5,< 0.5,,2,< 0.5,,,5,,face
2009-11-08,,46.5,38.5,35.5,3,8,< 0.5,,2,< 0.5,,,5,,face
2009-11-12,,42.5,41.5,37.5,4,8,< 0.5,,1,< 0.5,,,7,,phone
2009-11-15,,45,36.5,32.5,4,9,< 0.5,,3,< 0.5,,,6.5,,face
2009-11-22,,48,35.5,33.5,2,9,< 0.5,,1.5,< 0.5,,,6,,face
2009-11-29,,47,35,31.5,3.5,9.5,< 0.5,,3,< 0.5,,,5.5,,face
2009-12-03,,41,43,39.5,3.5,10.5,< 0.5,,1.5,< 0.5,,,4,,phone
2009-12-09,,42,41.5,39.5,2,9.5,< 0.5,,1.5,< 0.5,,,5.5,,phone
2009-12-13,,49,35.5,33.5,2,8,< 0.5,,1.5,< 0.5,,,6,,face
2010-01-03,,45.5,37,34.5,2.5,10,< 0.5,,2,< 0.5,,,5.5,,face
2010-01-14,,43,39,36,3,9.5,< 0.5,,1.5,< 0.5,,,7,,phone
2010-01-17,,47.5,35.5,32,3.5,10,< 0.5,,2,< 0.5,,,5,,face
2010-01-31,,46,38,35,3,8.5,< 0.5,,1.5,< 0.5,,,6,,face
2010-02-11,,42,41,36.5,4.5,10.5,< 0.5,,1,< 0.5,,,5.5,,phone
2010-02-14,,47,37,34.5,2.5,9,< 0.5,,2,< 0.5,,,5,,face
2010-02-21,,45,37.5,34.5,3,9,< 0.5,,2.5,< 0.5,,,6,,face
2010-03-07,,45,38.5,36,2.5,8.5,< 0.5,,2,< 0.5,,,6,,face
2010-03-21,,44.5,37,35,2,11,< 0.5,,2,< 0.5,,,5.5,,face
2010-04-04,,48,36.5,34.5,2,8.5,< 0.5,,2.5,< 0.5,,,4.5,,face
2010-04-18,,43,37.5,34.5,3,12,< 0.5,,2,< 0.5,,,5.5,,face
2010-04-25,,44,40.5,37,3.5,8,< 0.5,,2.5,< 0.5,,,5,,face
2010-05-05,,39.5,44.5,42,2.5,9,< 0.5,,1.5,< 0.5,,,5.5,,phone
2010-05-09,,41,42.5,39,3.5,9,< 0.5,,2.5,< 0.5,,,5,,face
2010-05-13,,36,46,43.5,2.5,11.5,< 0.5,,2,< 0.5,,,4.5,,phone
2010-05-16,,37.5,43,40,3,12,< 0.5,,1.5,< 0.5,,,6,,face
2010-05-23,,42.5,41,39,2,11,< 0.5,,2,< 0.5,,,3.5,,face
2010-05-27,,37.5,43,40,3,11.5,< 0.5,,1.5,< 0.5,,,6.5,,phone
2010-05-30,,42,41,38.5,2.5,8.5,< 0.5,,1.5,< 0.5,,,7,,face
2010-06-06,,40,41.5,39.5,2,11,< 0.5,,2.5,< 0.5,,,5,,face
2010-06-13,,38,41,39.5,1.5,13,< 0.5,,1.5,< 0.5,,,6.5,,face
2010-06-20,,41,41,38.5,2.5,12.5,< 0.5,,1.5,< 0.5,,,4,,face
2010-06-28,,38.5,45.5,41,4.5,9,< 0.5,,1.5,< 0.5,,,5.5,,phone
2010-07-04,,45.5,38,36,2,10.5,< 0.5,,1.5,< 0.5,,,4.5,,face
2010-07-11,,40.5,41,37.5,3.5,12,< 0.5,,1.5,< 0.5,,,5,,face
2010-07-18,,44.5,39.5,35,4.5,10.5,< 0.5,,1.5,< 0.5,,,4,,face
2010-07-21,,44,38.5,35.5,3,11.5,< 0.5,,2,< 0.5,,,4,,phone
2010-07-25,,43.5,37,35,2,11.5,< 0.5,,1.5,< 0.5,,,6.5,,face
2010-07-28,,42,42,39.5,2.5,11,< 0.5,,1.5,< 0.5,,,3.5,,phone
2010-08-01,,44,41,39,2,10,< 0.5,,1,< 0.5,,,4,,face
2010-08-03,,38,45,42.5,2.5,11,< 0.5,,1,< 0.5,,,5,,phone
2010-08-08,,43,37,33.5,3.5,15.5,< 0.5,,2,< 0.5,,,2.5,,face
2010-08-14,,40.5,44,41,3,12.5,< 0.5,,1,< 0.5,,,2,,phone
2010-08-15,,40,43,38.5,4.5,13.5,< 0.5,,1.5,< 0.5,,,2,,face
2010-08-19,,38,42,39,3,13,< 0.5,,1.5,< 0.5,,,5.5,,phone
2010-08-20,,39,42.5,39.5,3,11.5,< 0.5,,1.5,< 0.5,,,5.5,,phone
2010-08-21,,38,43,40,3,12,< 0.5,,1.5,< 0.5,,,5.5,,
2010-08-21,,38.5,41.5,39,2.5,13,< 0.5,,1.5,< 0.5,,,5.5,,phone
2010-08-21,1,38,43.6,39.9,3.7,11.8,0.2,,,,,,6.4,,
2010-08-23,,40.5,44.5,40.5,4,10,< 0.5,,2,< 0.5,,,3,,
2010-08-26,,36,40,37,3,13,< 0.5,,2,< 0.5,,,9,,phone
2010-09-05,,40.5,39.5,35.5,4,15,< 0.5,,2,< 0.5,,,3,,
2010-09-09,,39.5,45,41,4,10.5,< 0.5,,2,< 0.5,,,3,,
2010-09-16,,35.5,42.5,39.5,3,15,< 0.5,,2.5,< 0.5,,,4.5,,phone
2010-09-19,,40.5,41,36.5,4.5,13,< 0.5,,2,< 0.5,,,3.5,,face
2010-10-03,,44,38.5,35.5,3,12,< 0.5,,2,< 0.5,,,3.5,,face
2010-10-17,,43,40.5,37.5,3,10.5,< 0.5,,2.5,< 0.5,,,3.5,,face
2010-10-31,,43,40.5,36.5,4,10.5,< 0.5,,1.5,< 0.5,,,4.5,,face
2010-11-14,,41,40,36,4,12,< 0.5,,2.5,< 0.5,,,4.5,,face
2010-11-28,,40.5,42,38.5,3.5,12,< 0.5,,1.5,< 0.5,,,4,,face
2010-12-05,,40.5,40.5,36,4.5,13.5,< 0.5,,1.5,< 0.5,,,4,,face
2010-12-12,,38,43,38,5,13.5,< 0.5,,1.5,< 0.5,,,4,,face
2010-12-12,,31,46,44,2,13.5,< 0.5,,2,< 0.5,,,7.5,,phone
2011-01-09,,38.5,44,38.5,5.5,13,< 0.5,,1.5,< 0.5,,,3,,face
2011-01-23,,40.5,41.5,37.5,4,11.5,< 0.5,,2,< 0.5,,,4.5,,face
2011-02-03,,35,42.5,41,1.5,12,< 0.5,,3,< 0.5,,,7.5,,phone
2011-02-06,,39,43,38,5,12.5,< 0.5,,1.5,< 0.5,,,4,,face
2011-02-20,,39.5,43,40,3,11.5,< 0.5,,2,< 0.5,,,4,,face
2011-02-23,,36,45.5,42,3.5,9.5,< 0.5,,1.5,< 0.5,,,7.5,,phone
2011-02-27,,41,41,37,4,11.5,< 0.5,,1,< 0.5,,,5.5,,face
2011-03-06,,39,44,39.5,4.5,10.5,< 0.5,,1,< 0.5,,,5.5,,face
2011-03-10,,31.5,47.5,46,1.5,10,< 0.5,,1.5,< 0.5,,,8,,phone
2011-03-13,,38,44.5,40,4.5,11.5,< 0.5,,1.5,< 0.5,,,4.5,,face
2011-03-17,,35.5,42.5,39.5,3,12,< 0.5,,1.5,< 0.5,,,8.5,,phone
2011-03-20,,39.5,40,37,3,12.5,< 0.5,,2,< 0.5,,,6,,face
2011-03-24,,34.5,47,44.5,2.5,10,< 0.5,,1,< 0.5,,,7.5,,phone
2011-03-27,,37.5,43.5,39,4.5,12,< 0.5,,1.5,< 0.5,,,5.5,,face
2011-04-03,,36.5,48,42,6,9.5,< 0.5,,2,< 0.5,,,4,,face
2011-04-17,,35,46,41.5,4.5,11.5,< 0.5,,2,< 0.5,,,5.5,,face
2011-05-01,,37,46,40.5,5.5,10.5,< 0.5,,2,< 0.5,,,4.5,,face
2011-05-05,,34,46,44.5,1.5,11,< 0.5,,2,< 0.5,,,7,,phone
2011-05-08,,34,48,45,3,11,< 0.5,,1.5,< 0.5,,,5.5,,face
2011-05-15,,36,44.5,41.5,3,13,< 0.5,,2,< 0.5,,,4.5,,face
2011-05-29,,36,45.5,41,4,12,< 0.5,,< 0.5,< 0.5,,,6.5,,face
2011-05-31,,30,50,48,2,9.5,< 0.5,,< 0.5,< 0.5,,,10.5,,phone
2011-06-05,,33.5,46.5,43,3.5,12,< 0.5,,2.5,< 0.5,,,5.5,,face
2011-06-19,,35,46.5,42,4.5,11.5,< 0.5,,2,< 0.5,,,5,,face
2011-07-03,,31.5,49,44.5,4.5,11.5,< 0.5,,2,< 0.5,,,6,,face
2011-07-10,,33.5,48,43.5,4.5,11.5,< 0.5,,< 0.5,< 0.5,,,7,,face
2011-07-14,,27.5,52.5,50,2.5,10.5,< 0.5,,< 0.5,< 0.5,,,9.5,,phone
2011-07-24,,34.5,47,42.5,4.5,12,< 0.5,,< 0.5,< 0.5,,,6.5,,face
2011-08-07,,34.5,47.5,42,5.5,12,< 0.5,,< 0.5,< 0.5,,,6,,face
2011-08-10,,29.5,49,47,2,12,< 0.5,,< 0.5,< 0.5,,,9.5,,phone
2011-08-21,,32.5,49.5,45,4.5,11,< 0.5,,< 0.5,< 0.5,,,7,,face
2011-09-04,,32.5,46.5,43,3.5,12.5,< 0.5,,< 0.5,< 0.5,,,8.5,,face
2011-09-18,,32,48,44,4,11,< 0.5,,< 0.5,< 0.5,,,9,,face
2011-10-02,,35.5,46.5,43.5,3,10,< 0.5,,< 0.5,< 0.5,,,8,,face
2011-10-09,,38.5,43.5,40,3.5,11,< 0.5,,< 0.5,< 0.5,,,7,,face
2011-10-16,,36.5,44,39.5,4.5,10,< 0.5,,< 0.5,< 0.5,,,9.5,,face
2011-10-23,,35,49.5,46.5,3,10.5,< 0.5,,< 0.5,< 0.5,,,5,,face
2011-10-26,,31,47,45.5,1.5,12.5,< 0.5,,< 0.5,< 0.5,,,9.5,,phone
2011-10-30,,34,46.5,42,4.5,13.5,< 0.5,,< 0.5,< 0.5,,,6,,face
2011-11-03,,34,45,43,2,12.5,< 0.5,,< 0.5,< 0.5,,,8.5,,phone
2011-11-13,,34.5,47,43,4,11.5,< 0.5,,< 0.5,< 0.5,,,7,,face
2011-11-20,,36.5,45.5,40,5.5,12,< 0.5,,< 0.5,< 0.5,,,6,,face
2011-12-04,,36.5,46.5,43,3.5,10,< 0.5,,< 0.5,< 0.5,,,7,,face
2011-12-18,,36.5,43,39,4,13,< 0.5,,< 0.5,< 0.5,,,7.5,,face
2012-01-08,,37,45,39.5,5.5,10.5,< 0.5,,< 0.5,< 0.5,,,7.5,,face
2012-01-18,,35.5,46.5,45.5,1,9,< 0.5,,< 0.5,< 0.5,,,9,,phone
2012-01-22,,38.5,42.5,39,3.5,12,< 0.5,,< 0.5,< 0.5,,,7,,face
2012-01-29,,39.5,41.5,39.5,2,10,< 0.5,,< 0.5,< 0.5,,,9,,face
2012-02-05,,38.5,45.5,41.5,4,9.5,< 0.5,,< 0.5,< 0.5,,,6.5,,face
2012-02-08,,31,46.5,45.5,1,12,< 0.5,,< 0.5,< 0.5,,,10.5,,phone
2012-02-19,,37,41.5,38.5,3,14.5,< 0.5,,< 0.5,< 0.5,,,7,,face
2012-02-26,,37.5,42.5,40.5,2,11,< 0.5,,< 0.5,< 0.5,,,9,,face
2012-03-04,,39,43.5,40.5,3,10,< 0.5,,< 0.5,< 0.5,,,7.5,,face
2012-03-18,,37,45.5,41.5,4,10.5,< 0.5,,< 0.5,< 0.5,,,7,,face
2012-03-25,,36.5,45,40.5,4.5,12.5,< 0.5,,< 0.5,< 0.5,,,6,,face
2012-04-01,,32,44.5,41.5,3,13,< 0.5,,< 0.5,< 0.5,,,10.5,,face
2012-04-15,,31,46.5,44,2.5,12.5,< 0.5,,< 0.5,< 0.5,,,10,,face
2012-04-19,,30,47.5,46.5,1,11.5,< 0.5,,< 0.5,< 0.5,,,11,,phone
2012-04-22,,30,47.5,45.5,2,12,< 0.5,,< 0.5,< 0.5,,,10.5,,face
2012-05-06,,29.5,45.5,43,2.5,12,< 0.5,,< 0.5,< 0.5,,,13,,face
2012-05-10,,29,50.5,48.5,2,10,< 0.5,,< 0.5,< 0.5,,,10.5,,phone
2012-05-13,,30.5,46,43.5,2.5,12,< 0.5,,< 0.5,< 0.5,,,11.5,,face
2012-05-20,,32,45.5,44,1.5,10.5,< 0.5,,< 0.5,< 0.5,,,12,,face
2012-05-27,,27.5,49,47,2,13,< 0.5,,< 0.5,< 0.5,,,10.5,,face
2012-06-03,,32.5,45,43.5,1.5,10.5,< 0.5,,< 0.5,< 0.5,,,12,,face
2012-06-10,,33,42.5,39.5,3,12.5,< 0.5,,< 0.5,< 0.5,,,12,,face
2012-06-24,,32.5,45.5,42.5,3,10,< 0.5,,< 0.5,< 0.5,,,12,,face
2012-07-08,,29.5,43,41,2,14.5,< 0.5,,< 0.5,< 0.5,,,13,,face
2012-07-22,,31.5,43,41.5,1.5,12,< 0.5,,< 0.5,< 0.5,,,13.5,,face
2012-08-05,,32,43.5,41.5,2,11.5,< 0.5,,< 0.5,< 0.5,,,13,,face
2012-08-19,,34.5,44,42,2,10,< 0.5,,< 0.5,< 0.5,,,11.5,,face
2012-09-02,,34.5,41.5,39.5,2,11.5,< 0.5,,< 0.5,< 0.5,,,12.5,,face
2012-09-16,,35,40.5,37.5,3,12,< 0.5,,< 0.5,< 0.5,,,12.5,,face
2012-09-20,,39.5,47,44.5,2.5,8,< 0.5,,< 0.5,< 0.5,,,5.5,,phone
2012-09-23,,37.5,41.5,38,3.5,10,< 0.5,,< 0.5,< 0.5,,,11,,face
2012-10-07,,37,43,40,3,10.5,< 0.5,,< 0.5,< 0.5,,,9.5,,face
2012-10-21,,37.5,38.5,36.5,2,12.5,< 0.5,,< 0.5,< 0.5,,,11.5,,face
2012-11-04,,35.5,43,40.5,2.5,10,< 0.5,,< 0.5,< 0.5,,,11.5,,face
2012-11-18,,36.5,38.5,35.5,3,11.5,< 0.5,,< 0.5,< 0.5,,,13.5,,face
2012-11-29,,36.5,44.5,43,1.5,8.5,< 0.5,,< 0.5,< 0.5,,,10.5,,phone
2012-12-02,,36,40.5,38,2.5,10.5,< 0.5,,< 0.5,< 0.5,,,13,,face
2012-12-16,,40,37.5,35,2.5,12,< 0.5,,< 0.5,< 0.5,,,10.5,,face
2013-01-13,,36.5,41.5,39.5,2,10.5,< 0.5,,< 0.5,< 0.5,,,11.5,,face
2013-01-27,,36,39,37,2,12,< 0.5,,< 0.5,< 0.5,,,13,,face
2013-02-03,,38.5,42.5,39,3.5,8.5,< 0.5,,< 0.5,< 0.5,,,10.5,,face
2013-02-10,,33.5,45,42.5,2.5,9,< 0.5,,< 0.5,< 0.5,,,12.5,,face
2013-02-24,,33.5,44,42,2,10,< 0.5,,< 0.5,< 0.5,,,12.5,,face
2013-02-28,,33,45,42,3,10.5,< 0.5,,< 0.5,< 0.5,,,11.5,,multi-mode
2013-03-10,,31.5,47,44,3,11,< 0.5,,< 0.5,< 0.5,,,10.5,,multi-mode
2013-03-17,,33,46,43.5,2.5,10.5,< 0.5,,< 0.5,< 0.5,,,10.5,,multi-mode
2013-03-24,,30.5,46.5,43,3.5,10.5,< 0.5,,< 0.5,< 0.5,,,12.5,,multi-mode
2013-03-29,,30,49,45.5,3.5,11,< 0.5,,< 0.5,< 0.5,,,10,,multi-mode
2013-04-07,,31,46.5,43,3.5,10,< 0.5,,< 0.5,< 0.5,,,12.5,,multi-mode
2013-04-14,,32,47.5,44.5,3,10.5,< 0.5,,< 0.5,< 0.5,,,10,,multi-mode
2013-04-21,,32.5,44,41.5,2.5,10.5,< 0.5,,< 0.5,< 0.5,,,13,,multi-mode
2013-04-28,,30.5,48,45,3,11,< 0.5,,< 0.5,< 0.5,,,10.5,,multi-mode
2013-05-05,,32,46,43,3,8.5,< 0.5,,< 0.5,< 0.5,,,13.5,,multi-mode
2013-05-12,,32,46.5,43,3.5,9.5,< 0.5,,< 0.5,< 0.5,,,12,,multi-mode
2013-05-19,,32,45.5,43,2.5,10,< 0.5,,< 0.5,< 0.5,,,12.5,,multi-mode
2013-05-26,,33.5,45.5,42.5,3,9.5,< 0.5,,< 0.5,< 0.5,,,11.5,,multi-mode
2013-06-02,,31.5,45.5,42.5,3,9.5,< 0.5,,< 0.5,< 0.5,,,13.5,,multi-mode
2013-06-10,,31,46,43.5,2.5,9.5,< 0.5,,< 0.5,< 0.5,,,13.5,,multi-mode
2013-06-16,,33,44.5,42.5,2,9,< 0.5,,< 0.5,< 0.5,,,13.5,,multi-mode
2013-06-23,,30.5,47,44,3,9,< 0.5,,< 0.5,< 0.5,,,13.5,,multi-mode
2013-06-26,,38,43,40.5,2.5,8.5,< 0.5,,< 0.5,< 0.5,,,10.5,,sms
2013-06-30,,39.5,40.5,37,3.5,8.5,< 0.5,,< 0.5,< 0.5,,,11.5,,multi-mode
2013-07-07,,41.5,39.5,36,3,8.5,< 0.5,,< 0.5,< 0.5,,,10.5,,multi-mode
2013-07-14,,42,41,38,3,7,< 0.5,,< 0.5,< 0.5,,,10,,multi-mode
2013-07-21,,41.5,41,38.5,2.5,9,< 0.5,,< 0.5,< 0.5,,,8.5,,multi-mode
2013-07-28,,38.5,41.5,39,2.5,10.5,< 0.5,,< 0.5,< 0.5,,,9.5,,multi-mode
2013-08-04,,38,43,41,2,9.5,< 0.5,,< 0.5,< 0.5,,,9.5,,multi-mode
2013-08-11,,36.5,44,41,3,10.5,< 0.5,,< 0.5,< 0.5,,,9,,multi-mode
2013-08-18,,36.5,44.5,41,3.5,9.5,< 0.5,,< 0.5,< 0.5,,,9.5,,multi-mode
2013-08-25,,34.5,45,42.5,2.5,11,< 0.5,,< 0.5,< 0.5,,,9.5,,multi-mode
2013-08-29,,30.5,44,41,3,12,< 0.5,,< 0.5,< 0.5,,,13.5,,multi-mode
2013-08-31,,34,43,40,3,11,< 0.5,,< 0.5,< 0.5,,,12,,multi-mode
2013-09-06,,31.5,44,41,3,10.5,< 0.5,,< 0.5,< 0.5,,,14,,multi-mode
2013-09-07,,33,43.5,41,2.5,11,< 0.5,,< 0.5,< 0.5,,,12.5,,sms
2013-09-07,1,33.4,45.5,41.2,4.3,8.7,0.2,,,,,,12.2,,
2013-09-22,,34,43.5,41,2.5,10.5,< 0.5,,< 0.5,< 0.5,,,12,,multi-mode
2013-10-06,,37,42,40,2,9,< 0.5,,< 0.5,< 0.5,,,12,,multi-mode
2013-10-20,,34.5,43.5,41,2.5,10,< 0.5,,< 0.5,< 0.5,,,12,,multi-mode
2013-11-03,,35,41.5,40,1.5,10.5,< 0.5,,< 0.5,< 0.5,,,13,,multi-mode
2013-11-17,,32.5,42.5,40,2.5,11,< 0.5,,< 0.5,< 0.5,,,14,,multi-mode
2013-12-01,,38.5,41.5,39.5,2,8.5,< 0.5,,< 0.5,< 0.5,,,11.5,,multi-mode
2013-12-15,,38.5,40.5,38.5,2,10,< 0.5,,< 0.5,< 0.5,,,11,,multi-mode
2014-01-12,,38,39,37,2,10.5,,,,,,,12.5,,
2014-01-12,,38,39,37,2,10.5,< 0.5,,< 0.5,< 0.5,,,12.5,,multi-mode
2014-01-26,,37,39.5,37.5,2,11.5,,,,,,,12,,
2014-01-26,,37,39.5,37.5,2,11.5,< 0.5,,< 0.5,< 0.5,,,12,,multi-mode
2014-02-09,,37,40.5,38.5,2,10.5,,,,,,,12,,
2014-02-09,,37,40.5,38.5,2,10.5,< 0.5,,< 0.5,< 0.5,,,12,,multi-mode
2014-02-23,,35.5,41,38.5,2.5,10.5,,,,,,,13,,
2014-02-23,,35.5,41,38.5,2.5,10.5,< 0.5,,< 0.5,< 0.5,,,12,,multi-mode
2014-03-09,,37,39.5,37.5,2,12,,,,,,,11.5,,
2014-03-09,,37,39.5,37.5,2,12,< 0.5,,< 0.5,< 0.5,,,11.5,,multi-mode
2014-03-23,,38.5,38,36,2,11,,,,,,,12.5,,
2014-03-23,,38.5,38,36,2,11,< 0.5,,< 0.5,< 0.5,,,12.5,,multi-mode
2014-04-06,,34.5,38.5,36.5,2,12,,,,,,,15,,
2014-04-06,,34.5,38.5,36.5,2,12,< 0.5,,< 0.5,< 0.5,,,15,,multi-mode
2014-04-20,,34,38.5,36.5,2,13,,,,,,,14.5,,
2014-04-20,,34,38.5,36.5,2,13,< 0.5,,< 0.5,< 0.5,,,14.5,,multi-mode
2014-05-04,,37,37.5,35.5,2,12,,,,,,,13.5,,
2014-05-04,,37,37.5,35.5,2,12,< 0.5,,< 0.5,< 0.5,,,13.5,,multi-mode
2014-05-18,,38.5,35,33,2,12,,,,,,,14.5,,
2014-05-18,,38.5,35,33,2,12,< 0.5,,< 0.5,< 0.5,,,14.5,,multi-mode
2014-06-01,,38,35,33,2,11,,,,,,,16,,
2014-06-01,,38,35,33,2,11,< 0.5,,< 0.5,< 0.5,,,16,,multi-mode
2014-06-08,,42,33,31.5,1.5,12,,,,,,,13,,
2014-06-08,,42,33,31.5,1.5,12,< 0.5,,< 0.5,< 0.5,,,13,,multi-mode
2014-06-15,,38,36.5,34.5,2,12,,,,,,,13.5,,
2014-06-15,,38,36.5,34.5,2,12,< 0.5,,< 0.5,< 0.5,,,13.5,,multi-mode
2014-06-29,,36.5,35,32.5,2.5,12,,,,,,,16.5,,
2014-06-29,,36.5,35,33,2.5,12,< 0.5,,< 0.5,< 0.5,,,16.5,,multi-mode
2014-07-13,,38.5,34,32,2,11.5,,,,,,,16,,
2014-07-13,,38.5,34,32,2,11.5,< 0.5,,< 0.5,< 0.5,,,16,,multi-mode
2014-07-27,,39,38,36,2,10.5,,,,,,,12.5,,
2014-07-27,,39,38,36,2,10.5,< 0.5,,< 0.5,< 0.5,,,12.5,,multi-mode
2014-08-10,,38,37.5,35,2.5,11,,,,,,,13.5,,
2014-08-10,,38,37.5,35,2.5,11,< 0.5,,< 0.5,< 0.5,,,13.5,,multi-mode
2014-08-24,,38.5,37.5,35,2.5,10.5,,,,,,,13.5,,
2014-08-24,,38.5,37.5,35,2.5,10.5,< 0.5,,< 0.5,< 0.5,,,13.5,,multi-mode
2014-09-07,,37,38,35.5,2.5,10.5,,,,,,,14.5,,
2014-09-07,,37,38,35.5,2.5,10.5,< 0.5,,< 0.5,< 0.5,,,14.5,,multi-mode
2014-09-21,,37.5,38.5,36.5,2,12,,,,,,,12,,
2014-09-21,,37.5,38.5,36.5,2,12,< 0.5,,< 0.5,< 0.5,,,12,,multi-mode
2014-10-05,,35,40,38,2,12,,,,,,,13,,
2014-10-05,,35,40,38,2,12,< 0.5,,< 0.5,< 0.5,,,13,,multi-mode
2014-10-19,,35.5,39.5,37,2.5,12,,,,,,,13,,
2014-10-19,,35.5,39.5,37,2.5,12,< 0.5,,< 0.5,< 0.5,,,13,,multi-mode
2014-11-02,,37.5,38.5,36.5,2,12.5,,,,,,,11.5,,
2014-11-02,,37.5,38.5,36.5,2,12.5,< 0.5,,< 0.5,< 0.5,,,11.5,,multi-mode
2014-11-16,,38.5,38,36,2,12,,,,,,,11.5,,
2014-11-16,,38.5,38,36,2,12,< 0.5,,< 0.5,< 0.5,,,11.5,,multi-mode
2014-11-30,,37.5,39,36.5,2.5,12,,,,,,,11.5,,
2014-11-30,,37.5,39,36.5,2.5,12,< 0.5,,< 0.5,< 0.5,,,11.5,,multi-mode
2014-12-14,,41,35,32,3,11.5,,,,,,,12.5,,
2014-12-14,,41,35,32,3,11.5,< 0.5,,< 0.5,< 0.5,,,12.5,,multi-mode
2015-01-11,,38.5,38.5,36,2.5,9.5,,,,,,,13.5,,
2015-01-11,,38.5,38.5,36,2.5,9.5,< 0.5,,< 0.5,< 0.5,,,11.5,,multi-mode
2015-01-27,,39.5,37.5,35,2.5,12,,,,,,,11,,
2015-01-27,,39.5,37.5,35,2.5,12,< 0.5,,< 0.5,< 0.5,,,11,,multi-mode
2015-02-08,,41.5,35.5,33.5,2,12,,,,,,,11,,
2015-02-08,,41.5,35.5,33.5,2,12,< 0.5,,< 0.5,< 0.5,,,11,,multi-mode
2015-02-22,,40.5,37.5,35,2.5,10,,,,,,,12,,
2015-02-22,,40.5,37.5,35,2.5,10,< 0.5,,< 0.5,< 0.5,,,12,,multi-mode
2015-03-08,,38,39,36.5,2.5,11.5,,,,,,,11.5,,
2015-03-08,,38,39,36.5,2.5,11.5,< 0.5,,< 0.5,< 0.5,,,11.5,,multi-mode
2015-03-22,,40,38,35,3,11,,,,,,,11,,
2015-03-22,,40,38,35,3,11,< 0.5,,< 0.5,< 0.5,,,11,,multi-mode
2015-04-06,,36,40.5,37.5,3,12.5,,,,,,,11,,
2015-04-06,,36,40.5,37.5,3,12.5,< 0.5,,< 0.5,< 0.5,,,11,,multi-mode
2015-04-19,,38,38.5,36,2.5,12,,,,,,,11.5,,
2015-04-19,,38,38.5,36,2.5,12,< 0.5,,< 0.5,< 0.5,,,11.5,,multi-mode
2015-05-03,,37.5,40,37.5,2.5,11.5,,,,,,,11,,
2015-05-03,,37.5,40,37.5,2.5,11.5,< 0.5,,< 0.5,< 0.5,,,11,,multi-mode
2015-05-17,,35.5,41.5,38.5,3,12.5,,,,,,,10.5,,
2015-05-17,,35.5,41.5,38.5,3,12.5,< 0.5,,< 0.5,< 0.5,,,10.5,,multi-mode
2015-05-31,,37,41,38,3,13,,,,,,,9,,
2015-05-31,,37,41,38,3,13,< 0.5,,< 0.5,< 0.5,,,9,,multi-mode
2015-06-14,,37.5,37.5,35,2.5,13.5,,,,,,,11.5,,
2015-06-14,,37.5,37.5,35,2.5,13.5,< 0.5,,< 0.5,< 0.5,,,11.5,,multi-mode
2015-06-28,,36,39,37,2,14,,,,,,,11,,
2015-06-28,,36,39,37,2,14,< 0.5,,< 0.5,< 0.5,,,11,,multi-mode
2015-07-12,,34.5,41.5,39,2.5,13.5,,,,,,,10.5,,
2015-07-12,,34.5,41.5,39,2.5,13.5,< 0.5,,< 0.5,< 0.5,,,10.5,,multi-mode
2015-07-26,,35.5,39,36.5,2.5,15,,,,,,,10.5,,
2015-07-26,,35.5,39,36.5,2.5,15,< 0.5,,< 0.5,< 0.5,,,10.5,,multi-mode
2015-08-09,,37,36.5,33.5,3,15.5,,,,,,,11,,
2015-08-09,,37,36.5,33.5,3,15.5,< 0.5,,< 0.5,< 0.5,,,11,,multi-mode
2015-08-23,,36,38.5,36,2.5,14,,,,,,,11.5,,
2015-08-23,,36,38.5,36,2.5,14,< 0.5,,< 0.5,< 0.5,,,11.5,,multi-mode
2015-09-06,,35.5,36.5,34.5,2,16.5,,,,,,,11.5,,
2015-09-06,,35.5,36.5,34.5,2,16.5,< 0.5,,< 0.5,< 0.5,,,11.5,,multi-mode
2015-09-13,,36.5,35,32.5,2.5,16,,,,,,,12.5,,
2015-09-13,,36.5,35,32.5,2.5,16,< 0.5,,< 0.5,< 0.5,,,12.5,,face
2015-09-20,,29.5,46,43.5,2.5,13,,,,,,,11.5,,
2015-09-20,,29.5,46,43.5,2.5,13,< 0.5,,< 0.5,< 0.5,,,11.5,,multi-mode
2015-10-05,,27.5,47,44,3,14,,,,,,,11.5,,
2015-10-05,,27.5,47,44,3,14,< 0.5,,< 0.5,< 0.5,,,11.5,,multi-mode
2015-10-18,,27.5,46.5,43.5,3,15.5,,,,,,,10.5,,
2015-10-18,,27.5,46.5,43.5,3,15.5,< 0.5,,< 0.5,< 0.5,,,10.5,,multi-mode
2015-11-01,,28.5,47,44,3,14.5,,,,,,,10,,
2015-11-01,,28.5,47,44,3,14.5,< 0.5,,< 0.5,< 0.5,,,10,,multi-mode
2015-11-15,,28,46,43.5,2.5,14.5,,,,,,,11.5,,
2015-11-15,,28,46,43.5,2.5,14.5,< 0.5,,< 0.5,< 0.5,,,11.5,,multi-mode
2015-11-29,,28.5,46.5,44,2.5,14,,,,,,,11,,
2015-11-29,,28.5,46.5,44,2.5,14,< 0.5,,< 0.5,< 0.5,,,11,,multi-mode
2015-12-13,,27,48,45,3,14.5,,,,,,,10.5,,
2015-12-13,,27,48,45,3,14.5,< 0.5,,< 0.5,< 0.5,,,10.5,,multi-mode
2016-01-10,,29,47,44,3,13,,,,,,,11,,
2016-01-10,,29,47,44,3,13,< 0.5,,< 0.5,< 0.5,,,11,,multi-mode
2016-01-24,,28,43.5,40.5,3,15,,2,,,,,11.5,,
2016-01-24,,28,43.5,40.5,3,15,< 0.5,,< 0.5,< 0.5,,,13.5,,multi-mode
2016-02-07,,29,43.5,41,2.5,16,,1,,,,,10.5,,
2016-02-07,,29,43.5,41,2.5,16,< 0.5,,< 0.5,< 0.5,,,11.5,,multi-mode
2016-02-21,,29.5,43.5,40,3.5,15,,1.5,,,,,10.5,,
2016-02-21,,29.5,43.5,40,3.5,15,< 0.5,,< 0.5,< 0.5,,,12,,multi-mode
2016-03-06,,29.5,43,39.5,3.5,13,,5,,,,,9.5,,
2016-03-06,,29.5,43,39.5,3.5,13,< 0.5,,< 0.5,< 0.5,,,14,,multi-mode
2016-03-20,,33,40,36.5,3.5,14,,4,,,,,9,,
2016-03-20,,33,40,36.5,3.5,14,< 0.5,,< 0.5,< 0.5,,,13,,multi-mode
2016-04-03,,31,42,38.5,3.5,13,,4.5,,,,,9.5,,
2016-04-03,,31,42,38.5,3.5,13,< 0.5,,< 0.5,< 0.5,,,14,,multi-mode
2016-04-17,,32,40.5,37.5,3,14,,4.5,,,,,9,,
2016-04-17,,32,40.5,37.5,3,14,< 0.5,,< 0.5,< 0.5,,,13.5,,multi-mode
2016-05-01,,32.5,40,37,3,13.5,,4,,,,,10,,
2016-05-01,,32.5,40,37,3,13.5,< 0.5,,< 0.5,< 0.5,,,14,,multi-mode
2016-05-15,,33,36.5,33.5,3,15.5,,5,,,,,10,,
2016-05-15,,33,36.5,33.5,3,15.5,< 0.5,,< 0.5,< 0.5,,,15,,multi-mode
2016-05-29,,32.5,37.5,34,3.5,13,,5,,,,,12,,
2016-05-29,,32.5,37.5,34,3.5,13,< 0.5,,< 0.5,< 0.5,,,17,,multi-mode
2016-07-02,1,34.7,42,37.2,4.8,10.2,1.3,1.9,,,,,9.9,,
2018-03-11,,36,36,33.5,2.5,13.5,3,1.5,,,,,10,,
2018-03-25,,35,40,34.5,5.5,12,3.5,0.5,,,,,9,,
2018-08-26,,36,36.5,32,4.5,13,2.5,0.5,,,,,11.5,,
2018-08-29,,34.5,39,34.5,4.5,12,2,1,,,,,11.5,,
2019-02-10,,36,34.5,32,2.5,12.5,3,,,,,,14,,
2019-02-17,,34.5,37,33.5,3.5,11.5,3.5,,,,,,13.5,,
2019-03-24,,36.5,34.5,32,2.5,12.5,3.5,,,,,,13,,
2019-04-07,,35,37,34,3,13.5,4,,,,,,10.5,,
2019-04-21,,35.5,39,36.5,2.5,9.5,4.5,,,,,,11.5,,
2019-05-18,1,33.3,41.4,36.6,4.8,10.4,3.1,0.3,,,,,11.5,,
2020-03-08,,36,36.5,34,2.5,11,4,,,,,,12.5,,
2020-04-26,,33,43.5,40.5,3,11.5,3,,,,,,9,,
2020-05-24,,33,44.5,41,3.5,11,3.5,,,,,,8,,
2020-06-21,,34.5,42.5,39,3.5,10.5,4,,,,,,8.5,,
2020-07-19,,33.5,43.5,40.5,3,11,2.5,,,,,,9.5,,
2020-08-16,,32.5,46,42.5,3.5,11,3,,,,,,7.5,,
2020-10-25,,34,42.5,39,3.5,12,4,,,,,,7.5,,
2020-11-22,,34,42,38.5,3.5,12,4,,,,,,8,,
2021-02-14,,34.5,40,36,4,13,3.5,,,,,,9,,
2021-03-14,,34.5,41,37.5,3.5,12.5,2.5,,,,,,9.5,,
2021-06-06,,35.5,40,36.5,3.5,11.5,3,,,,,,10,,
2021-06-20,,34.5,41.5,38,3.5,12,3.5,,,,,,8.5,,
2021-07-18,,37,39,34.5,4.5,11.5,3,,,,,,9.5,,
2021-08-01,,37,37,34,3,12.5,3,,,,,,10.5,,
2021-08-15,,37.5,37.5,33.5,4,12.5,3.5,,,,,,9,,
2021-08-29,,38.5,37.5,34,3.5,11.5,3,,,,,,9.5,,
2021-09-12,,35,38.5,35,3.5,13,3,,,,,,10.5,,
2021-09-26,,36,36,32.5,3.5,12.5,3.5,,,,,,12,,
2021-10-10,,36,37.5,33,4.5,11.5,3,,,,,,12,,
2021-10-24,,35,36.5,32.5,4,13.5,3.5,,,,,,11.5,,
2021-11-07,,35,36.5,32.5,4,11.5,3,,,,,,14,,
2021-11-21,,35.5,35.5,31.5,4,12,3.5,,,,,,13.5,,
2021-12-05,,36,34.5,31,3.5,12.5,3.5,,,,,,13.5,,
2021-12-19,,37,34.5,32,2.5,11.5,4,,,,,,13,,
2022-01-16,,37,34.5,31,3.5,12,3,,,,,,13.5,,
2022-01-30,,37.5,33,30,3,11.5,3.5,,,,,,14.5,,
2022-01-31,,38.5,33,30,3,11.5,4,,,,,,13,,
2022-02-23,,37.5,32.5,28.5,4,12.5,3.5,,,,,,14,,
2022-02-24,,37.5,34,31.5,2.5,11.5,3.5,,,,,,13.5,,
2022-03-13,,37,33.5,30.5,3,11.5,3,,,,,,15,,
2022-03-20,,37.5,31,28,3,12,3,,,,,,16.5,,
2022-03-27,,35.5,33,30.5,2.5,12.5,3.5,,,,,,15.5,,
2022-03-28,,39.5,33,30.5,2.5,11,3.5,,,,,,13,,
2022-04-10,,36,32.5,29,3.5,12.5,5,,,,,,14,,
2022-04-17,,35,35.5,32.5,3,14,4.5,,,,,,11,,
2022-04-24,,35,35.5,32,3.5,12,4.5,,,,,,13,,
2022-04-25,,35,35,32,3,13,3,,,,,,14,,
2022-05-08,,35.5,34,30,4,13,4,,,,,,13.5,,
2022-05-15,,34,34,30.5,3.5,13,4,,,,,,15,,
2022-05-21,1,32.6,35.7,31.9,3.8,12.3,5,0.3,,,,,14.1,,
2022-08-14,,36.5,39,34.5,4.5,11.5,,,,,6,3,,7.5,
2022-08-21,,37.5,38.5,33,5,11.5,,,,,7,3,,7,
2022-08-28,,36,40,34,5.5,10.5,,,,,6,4,,5.5,
2022-09-04,,36,36.5,32.5,4,12,,,,,7.5,4,,6.5,
2022-09-11,,36.5,37.5,32.5,5,12,,,,,6,4,,6,
2022-09-18,,37,36,32,4,12,,,,,7.5,3.5,,6,
2022-09-25,,36.5,36.5,32,4.5,12,,,,,9,3,,6,
2022-10-02,,38,37,33.5,3.5,11,,,,,6.5,4,,5,
2022-10-09,,37,37.5,33,4,10.5,,,,,7.5,4,,5.5,
2022-10-16,,37.5,36.5,33.5,3,11.5,,,,,7.5,3,,4.5,
2022-10-23,,36.5,37.5,34,3,11,,,,,8,2.5,,6,
2022-10-30,,38,37,33,4.5,11.5,,,,,6,4,,6,
2022-11-06,,37,39,35,4,11,,,,,6,3,,8,
2022-11-13,,37,37.5,32,5.5,11.5,,,,,8,3.5,,7.5,
2022-11-20,,36.5,37.5,33,4.5,11,,,,,7.5,3.5,,7.5,
2022-11-27,,37.5,37.5,32,5.5,11,,,,,7,3.5,,11,
2022-12-04,,36.5,33.5,33.5,4,14,,,,,8.5,5.5,,10.5,
2022-12-11,,37,33,29,4,12.5,,,,,8,5,,8.5,
2022-12-16,,38,32.5,28,4.5,12.5,,,,,8,4.5,,8,
2023-01-08,,39.5,31,27,4,11.5,,,,,8.5,3,,6,
2023-01-15,,39.5,31.5,27.5,4,12.5,,,,,8,3.5,,7,
2023-01-22,,39,32.5,28.5,4,11.5,,,,,9,4,,7,
2023-01-29,,37.5,33.5,29.5,4,11.5,,,,,9.5,3,,8,
2023-02-05,,37.5,33,28.5,4.5,12.5,,,,,9,2.5,,9.5,
2023-02-12,,37,33.5,30,3.5,12.5,,,,,8,4,,8,
2023-02-19,,36.5,33,29.5,3.5,13,,,,,8,3.5,,7.5,
2023-02-26,,37,34.5,30.5,4,13,,,,,8.5,2.5,,7.5,
2023-03-05,,38,33.5,29.5,4,11.5,,,,,8.5,3,,7,
2023-03-12,,37,34,30,4,12.5,,,,,6.5,5,,7.5,
2023-03-19,,37.5,32,28,4,13,,,,,8.5,3.5,,8,
2023-03-26,,35.5,32,29,3,13,,,,,9,4.5,,8.5,
2023-04-02,,34.5,34.5,31,3.5,13,,,,,8.5,4.5,,7,
2023-04-09,,36.5,33.5,29,4.5,12.5,,,,,9,2,,8,
2023-04-16,,37,33,29,4,12,,,,,8.5,4.5,,7.5,
2023-04-23,,35.5,33.5,29.5,4,13.5,,,,,9.5,3,,10,
2023-04-30,,36,35.5,31.5,4,13,,,,,7,3,,10,
2023-05-07,,35.5,35.5,31.5,4,12.5,,,,,9,3,,6,
2023-05-14,,37.5,33.5,30,3.5,13,,,,,8.5,4,,6,
2023-05-21,,35,33.5,30,3.5,13,,,,,9.5,4,,7.5,
2023-05-28,,36,33.5,30,3,12,,,,,9.5,4,,6,
2023-06-04,,35,34.5,31,3.5,13,,,,,9,3,,8.5,
2023-06-11,,35,33,28,5,13,,,,,8,5,,7,
2023-06-18,,37,34,29,5,13,,,,,7.5,3.5,,8,
2023-06-25,,37.5,32,28,3.5,13,,,,,9,3.5,,6.5,
2023-07-02,,36.5,33.5,30,4,13,,,,,7,3.5,,8.5,
2023-07-09,,34.5,35,30.5,4.5,12.5,,,,,8.5,4,,7.5,
2023-07-16,,35.5,35,30.5,4,12.5,,,,,6.5,5,,9,
2023-07-23,,33.5,37.5,33,4.5,12.5,,,,,9,2.5,,8.5,
2023-07-30,,34.5,34.5,31,3.5,12.5,,,,,9.5,3.5,,8,
2023-08-06,,33.5,35,32,3,13,,,,,9,4,,7,
2023-08-13,,35.5,34.5,31.5,3,12,,,,,9,4,,8,
2023-08-20,,33.5,36.5,32.5,4,12.5,,,,,8.5,3,,8,
2023-08-27,,35,35,30.5,4.5,13.5,,,,,6.5,5,,8.5,
2023-09-03,,33.5,37.5,34,3.5,13,,,,,7,4.5,,7.5,
2023-09-10,,32.5,37,33,4,13.5,,,,,8,3.5,,9,
2023-09-17,,32,34.5,30,4.5,15.5,,,,,8.5,4,,6.5,
2023-09-24,,32.5,35,31,4,13.5,,,,,9.5,3,,7,
2023-10-01,,32.5,37.5,34,3.5,13,,,,,8,3.5,,7.5,
2023-10-08,,33,34,30.5,3.5,13.5,,,,,6.5,6.5,,7,
2023-10-15,,35,34.5,30,4.5,14,,,,,7,5,,8.5,
2023-10-22,,31.5,36,32.5,3.5,14,,,,,8.5,5,,6.5,
2023-10-29,,32,35.5,32,3.5,15,,,,,8.5,9,,6.5,
2023-11-05,,31.5,35,30,5,13.5,,,,,10,10,,6,
2023-11-12,,30,37,34,3,13,,,,,8,12,,8.5,
2023-11-19,,29.5,37.5,34,3.5,13.5,,,,,7.5,12,,9.5,
2023-11-26,,32,35,31.5,3.5,13.5,,,,,9,10.5,,7.5,
2023-12-03,,32.5,37.5,34,3.5,12.5,,,,,8.5,9,,8.5,
2023-12-10,,30.5,37,32.5,4.5,14,,,,,7.5,11,,8.5,
2023-12-17,,32,38,34,4,11.5,,,,,8.5,9.5,,7,
2024-01-07,,29,39,35,4,13,,,,,8.5,10.5,,7,
2024-01-14,,31.5,37,33.5,3.5,12,,,,,9.5,10,,6,
2024-01-21,,32.5,36,31.5,4.5,12.5,,,,,8.5,10.5,,9,
2024-01-28,,31,37.5,34.5,3,13,,,,,7,11.5,,8,
2024-02-04,,33,37,33.5,3.5,12,,,,,9.5,9,,8.5,
2024-02-11,,34.5,36.5,33,3.5,12,,,,,6,11,,8,
2024-02-18,,34,37,32.5,4.5,13,,,,,8,8,,8,
2024-02-25,,31.5,37.5,34,4,12,,,,,8.5,10,,6.5,
2024-03-03,,34,36,32.5,4,13.5,,,,,8.5,7,,8.5,
2024-03-10,,32,38,33.5,4.5,13,,,,,9,8,,7.5,
2024-03-17,,31.5,37,33.5,3.5,13,,,,,9,10,,7.5,
2024-03-24,,31.5,38,34,4,14,,,,,7.5,9.5,,6.5,
2024-03-31,,30,37.5,34.5,2.5,15.5,,,,,9,8,,8.5,
2024-04-07,,29.5,38,35,3,13.5,,,,,9,10.5,,7.5,
2024-04-14,,30.5,38.5,34,4.5,13.5,,,,,7.5,10.5,,6.5,
2024-04-21,,30.5,35.5,31.5,3.5,16.5,,,,,7.5,10.5,,8,
2024-04-28,,31.5,37,33.5,3,14,,,,,8,10,,9.5,
2024-05-05,,30,37,32,5,13,,,,,8.5,11.5,,7.5,
2024-05-12,,32,36.5,33.5,3.5,13.5,,,,,7.5,9.5,,7.5,
2024-05-19,,30.5,37,33,4,14.5,,,,,8.5,9,,9,
2024-05-26,,28.5,37,34,3.5,15,,,,,9.5,10.5,,6.5,
2024-06-02,,31,36,31.5,4.5,14,,,,,9,10,,7.5,
2024-06-09,,30,35,31,4,15.5,,,,,9.5,10,,8,
2024-06-16,,29.5,37.5,32.5,5,13.5,,,,,8.5,10.5,,7.5,
2024-06-23,,31.5,37,34,3,13.5,,,,,8.5,10,,8,
2024-06-30,,31.5,36.5,33,3.5,13,,,,,9,9.5,,9,
2024-07-07,,28.5,39.5,36,3.5,13.5,,,,,9,9.5,,7.5,
2024-07-14,,31,37.5,34,3.5,12.5,,,,,9,9.5,,5.5,
2024-07-21,,31,39.5,36,3.5,12.5,,,,,7.5,9.5,,8,
2024-07-28,,30.5,37.5,33,4.5,13,,,,,8.5,10.5,,8,
2024-08-04,,30.5,37,34,3,14.5,,,,,9.5,17.5,,8,
2024-08-11,,29.5,37.5,33.5,4,14.5,,,,,9.5,9,,8,
2024-08-18,,30.5,38.5,34.5,4,13.5,,,,,8.5,9,,8.5,
2024-08-25,,29.5,39.5,35,4.5,13,,,,,9,9,,5.5,
2024-09-01,,30.5,36,32.5,3.5,13,,,,,9.5,11,,8,
2024-09-08,,30,36.5,34,2.5,14.5,,,,,9.5,9.5,,7,
2024-09-15,,30.5,37.5,33.5,4,12.5,,,,,10,9.5,,6,
2024-09-22,,32.5,37.5,33.5,4,12.5,,,,,9.5,8.5,,7.5,
2024-09-29,,30,38,34.5,3.5,13.5,,,,,9.5,8.5,,8,
2024-10-06,,31.5,37.5,34,3,12.5,,,,,8.5,9.5,,7,
2024-10-13,,29.5,37.5,34,3.5,14,,,,,8.5,10,,6,
2024-10-20,,32,36,33,3.5,13.5,,,,,9,9,,7.5,
2024-10-27,,30,37.5,34.5,3,14,,,,,9,9.5,,8,
2024-11-03,,30.5,38,34.5,3.5,14,,,,,7.5,10,,6.5,
2024-11-10,,30.5,37.5,33.5,3.5,12.5,,,,,8.5,11,,9.5,
2024-11-17,,29,39,34.5,4,13.5,,,,,7.5,11,,7.5,
2024-11-24,,31.5,37,33.5,3.5,12.5,,,,,8.5,10.5,,7,
2024-12-01,,30,39,35,4,13,,,,,8.5,10,,5.5,
2024-12-08,,28,38,34.5,4,13,,,,,10,10.5,,6,
2024-12-15,,27.5,41,36.5,5,12.5,,,,,10.5,8.5,,6.5,
2025-01-05,,31,40.5,36.5,4,12,,,,,9,7,,8.5,
2025-01-12,,30,40.5,36.5,4,12.5,,,,,9,8,,6.5,
2025-01-19,,28.5,42,38,4,13,,,,,8.5,8,,8.5,
2025-01-26,,29.5,40.5,36,4.5,11.5,,,,,9,9.5,,6.5,
2025-02-02,,30,38.5,34.5,4,11.5,,,,,10.5,9.5,,6,
2025-02-09,,29,40.5,36.5,4,11,,,,,10,9.5,,9.5,
2025-02-16,,28.5,39.5,36,3.5,12.5,,,,,10,10,,8,
2025-02-23,,31.5,36.5,33.5,3,13.5,,,,,10,9,,7.5,
2025-03-02,,28.5,40,35.5,4.5,13.5,,,,,10.5,7.5,,5.5,
2025-03-09,,30,36.5,32.5,4,14,,,,,10.5,9.5,,5,
2025-03-16,,32.5,34,30,4,13.5,,,,,10.5,9.5,,5,
2025-03-23,,33.5,35.5,30.5,5,12,,,,,10,9,,7,
2025-03-30,,32,35,31,4.5,13,,,,,10.5,9.5,,5,
2025-04-04,,32.5,33,29,4,13.5,,,,,9,12,,5,
2025-04-13,,32,33.5,30,3.5,14.5,,,,,10,10,,6,
2025-04-20,,34.5,33.5,31,2.5,14.5,,,,,7.5,9.5,,6,
2025-04-27,,34,34.5,32.5,2,13,,,,,18.5,18.5,,5.5,
2025-05-03,,34.5,32,28,4,12,,,,,7.5,14,,5.5,
2025-05-03,1,34.6,31.8,27.8,4,12.2,6.4,0.2,,,,,14.8,,
2025-05-31,,37,31,26.5,4.5,11.5,,,,,8.5,14.5,,6,
